step,type,amount,nameOrig,oldbalanceOrg,newbalanceOrig,nameDest,oldbalanceDest,newbalanceDest,hour_of_day,account_open_step_orig,isFraud,velocity_24h,is_new_beneficiary,rule_flagged,amount_vs_sender_avg,drain_ratio,account_age_steps,suspicion_score,shap_amount,shap_amount_vs_sender_avg,shap_drain_ratio,shap_velocity_24h,shap_is_new_beneficiary,shap_hour_of_day,shap_account_age_steps
337,TRANSFER,18401.07,C101080,56404.27,38003.21,C100175,105033.85,123434.92,1,358,0,1,1,1,1.1063841991548917,0.3262354073547978,0,0.0,-3.154489,-1.6310449,-5.658995,0.23644252,-0.54399574,2.3775933,-0.13000211
337,TRANSFER,2920.24,C101844,109447.35,106527.11,C100465,38991.42,41911.66,1,545,0,0,1,1,0.876522532581747,0.02668168758768485,0,0.0,-2.9275367,-1.8225812,-5.6584744,-0.4786451,-0.53900033,2.4156675,-0.16548668
337,TRANSFER,31525.53,C100280,434650.21,403124.68,C101634,80359.07,111884.6,1,362,0,3,1,1,1.4154935644486528,0.0725308058634091,0,0.0,-3.1400402,-1.5210825,-5.402201,-0.16540456,-0.62895447,2.664112,-0.116349414
337,TRANSFER,14681.79,C101377,70610.55,55928.76,C101197,77054.26,91736.05,1,617,0,0,1,1,0.2892163998799938,0.20792629430021434,0,0.0,-2.9275367,-1.8225812,-5.6584744,-0.4786451,-0.53900033,2.4156675,-0.16548668
337,TRANSFER,7035.45,C100161,31801.09,24765.63,C100014,665479.14,672514.59,1,462,0,0,1,1,1.070798059033508,0.22123298289461146,0,0.0,-2.9275367,-1.8225812,-5.6584744,-0.4786451,-0.53900033,2.4156675,-0.16548668
337,TRANSFER,62271.82,C100915,1018169.89,955898.07,C101385,164612.37,226884.2,1,333,0,1,1,1,0.6047858167060133,0.061160539720930066,4,0.0,-3.1689122,-1.6310449,-5.658995,0.23524648,-0.54346305,2.3953512,-0.09096184
337,TRANSFER,19356.92,C100550,23228.31,3871.38,C101410,7085.31,26442.24,1,373,0,0,1,1,0.22346863952117887,0.8333331180787581,0,0.0,-2.9275367,-1.8225812,-5.6584744,-0.4786451,-0.53900033,2.4156675,-0.16548668
337,TRANSFER,1586693.11,C101747,290686.2,0.0,C100029,22228.67,1608921.79,23,-112,1,3,1,1,18.798524401640424,2.0,449,99.7,5.154384,-0.54632336,2.1816394,-1.1890152,-1.0096927,1.2071217,-0.18159895
337,TRANSFER,21463.85,C100011,832858.81,811394.95,C100724,48900.64,70364.5,1,604,0,0,1,1,0.3046575546431366,0.025771294896910553,0,0.0,-2.9275367,-1.8225812,-5.6584744,-0.4786451,-0.53900033,2.4156675,-0.16548668
337,TRANSFER,31660.82,C100915,1018169.89,986509.08,C100987,662121.66,693782.48,1,333,0,1,1,1,0.3074908502960421,0.03109581250728206,4,0.0,-3.1689122,-1.6310449,-5.658995,0.23524648,-0.54346305,2.3953512,-0.09096184
337,TRANSFER,6511.34,C101840,18783.13,12271.79,C100740,35471.14,41982.48,1,421,0,0,1,1,0.8886663088874274,0.34665894342423226,0,0.0,-2.9275367,-1.8225812,-5.6584744,-0.4786451,-0.53900033,2.4156675,-0.16548668
337,TRANSFER,9129.19,C100212,465107.46,455978.27,C101130,220158.1,229287.29,1,332,0,0,1,1,0.20566399896350368,0.019628130668985614,5,0.0,-2.9482374,-1.8225812,-5.6584744,-0.47670233,-0.53846765,2.4334252,-0.12330755
337,TRANSFER,69226.81,C101471,83072.17,13845.36,C101841,88830.66,158057.47,1,608,0,1,1,1,1.5586401431687196,0.8333333533962096,0,0.0,-3.154489,-1.6310449,-5.658995,0.23644252,-0.54399574,2.3775933,-0.13000211
337,TRANSFER,3784.17,C100909,189596.31,185812.14,C100686,11994.79,15778.97,1,385,0,1,1,1,0.843777854539218,0.01995909097597944,0,0.0,-3.154489,-1.6310449,-5.658995,0.23644252,-0.54399574,2.3775933,-0.13000211
337,TRANSFER,910354.41,C101830,30915.47,0.0,C100809,18934.63,929289.05,8,492,0,0,1,1,13.152018736538746,2.0,0,0.2,-0.78526837,-0.16442522,1.6148056,-0.40054712,-1.0390016,-5.069249,-0.27183434
337,TRANSFER,1185741.85,C100065,80222.13,0.0,C100488,515701.55,1701443.4,17,132,0,2,1,1,5.887475484272885,2.0,205,0.1,-0.8600134,-0.807696,1.748592,-0.9195199,-1.10147,-4.5779543,-0.5381776
337,TRANSFER,58841.59,C100939,70609.91,11768.32,C101962,183576.83,242418.43,1,492,0,0,1,1,1.7564158789077706,0.8333333097294698,0,0.0,-2.9275367,-1.8225812,-5.6584744,-0.4786451,-0.53900033,2.4156675,-0.16548668
337,TRANSFER,5678.69,C101387,54136.19,48457.51,C101345,74694.32,80373.0,1,414,0,2,1,1,0.07781352689290967,0.10489637338719254,0,0.0,-3.1631603,-1.496302,-5.413605,-0.23514885,-0.57324165,2.6896653,-0.11812753
337,TRANSFER,5983.92,C100412,12793.16,6809.24,C100029,55620.12,61604.04,1,500,0,1,1,1,0.8615248566745554,0.46774370053997605,0,0.0,-3.154489,-1.6310449,-5.658995,0.23644252,-0.54399574,2.3775933,-0.13000211
337,TRANSFER,4540.21,C101312,80096.75,75556.54,C100752,14144.96,18685.17,1,622,0,0,1,1,0.6110510089990081,0.056684072699578945,0,0.0,-2.9275367,-1.8225812,-5.6584744,-0.4786451,-0.53900033,2.4156675,-0.16548668
338,TRANSFER,22610.08,C100222,109446.62,86836.53,C100901,18255.09,40865.17,2,617,0,0,1,1,1.3500392566859427,0.20658545691040986,0,0.0,-2.9705603,-1.8473557,-5.6584744,-0.4786451,-0.53900033,2.3465033,-0.16548668
338,TRANSFER,9007.74,C101669,116337.18,107329.44,C101296,167823.23,176830.97,2,374,0,0,1,1,1.4612635557682478,0.07742786957703462,0,0.0,-2.9705603,-1.8473557,-5.6584744,-0.4786451,-0.53900033,2.3465033,-0.16548668
338,TRANSFER,13371.56,C101645,16768.05,3396.49,C100812,59598.76,72970.31,2,413,0,0,1,1,0.9104587728995315,0.7974427557169737,0,0.0,-2.9705603,-1.8473557,-5.6584744,-0.4786451,-0.53900033,2.3465033,-0.16548668
338,TRANSFER,854.75,C100829,1968362.24,1967507.49,C101622,34196.88,35051.64,2,422,0,0,1,1,0.8801209533485269,0.00043424425780490484,0,0.0,-2.9705603,-1.8473557,-5.6584744,-0.4786451,-0.53900033,2.3465033,-0.16548668
338,TRANSFER,9785.55,C100718,343603.22,333817.68,C100699,35088.24,44873.78,2,596,0,1,1,1,1.0930672623163045,0.028479215066727258,0,0.0,-3.1975121,-1.6558194,-5.658995,0.23644252,-0.54399574,2.3084285,-0.13000211
338,TRANSFER,24558.28,C100048,111603.53,87045.25,C100034,113153.18,137711.46,2,674,0,0,1,1,0.47093538266513757,0.22004931206029055,0,0.0,-2.9705603,-1.8473557,-5.6584744,-0.4786451,-0.53900033,2.3465033,-0.16548668
338,TRANSFER,8022.09,C101453,234560.88,226538.79,C100659,169359.4,177381.5,2,371,0,2,1,1,0.8715822696429754,0.03420046002555925,0,0.0,-3.2061844,-1.5210766,-5.413605,-0.23514885,-0.57324165,2.6205006,-0.11812753
338,TRANSFER,4512.54,C101331,94692.01,90179.47,C100102,41915.74,46428.27,2,637,0,0,1,1,1.0550023516572857,0.047654918297752896,0,0.0,-2.9705603,-1.8473557,-5.6584744,-0.4786451,-0.53900033,2.3465033,-0.16548668
338,TRANSFER,48868.67,C100434,73781.05,24912.37,C101276,312797.78,361666.45,2,572,0,0,1,1,0.489401633637184,0.6623471745116124,0,0.0,-2.9705603,-1.8473557,-5.6584744,-0.4786451,-0.53900033,2.3465033,-0.16548668
338,TRANSFER,26033.0,C100996,31239.6,5206.6,C101778,90635.35,116668.35,2,684,0,0,1,1,0.26650593882720724,0.8333333333333334,0,0.0,-2.9705603,-1.8473557,-5.6584744,-0.4786451,-0.53900033,2.3465033,-0.16548668
338,TRANSFER,13689.23,C100774,59096.25,45407.02,C101167,46930.75,60619.98,2,578,0,0,1,1,1.0414574610816114,0.2316429553482666,0,0.0,-2.9705603,-1.8473557,-5.6584744,-0.4786451,-0.53900033,2.3465033,-0.16548668
338,TRANSFER,17822.74,C100429,878935.03,861112.29,C101878,20698.42,38521.16,2,646,0,1,1,1,0.9810407000853212,0.020277653514390023,0,0.0,-3.1975121,-1.6558194,-5.658995,0.23644252,-0.54399574,2.3084285,-0.13000211
338,TRANSFER,12832.03,C101980,146223.76,133391.73,C101939,583350.59,596182.62,2,545,0,1,1,1,0.7558876925593861,0.08775612116662845,0,0.0,-3.1975121,-1.6558194,-5.658995,0.23644252,-0.54399574,2.3084285,-0.13000211
338,TRANSFER,10966.26,C101829,25584.24,14617.98,C101248,281199.15,292165.41,2,356,0,1,1,1,1.076936607327478,0.42863340869222616,0,0.0,-3.1975121,-1.6558194,-5.658995,0.23644252,-0.54399574,2.3084285,-0.13000211
338,TRANSFER,41093.01,C100514,114518.08,73425.07,C100062,136958.74,178051.76,2,719,0,0,1,1,1.3422429657444446,0.35883425569132843,0,0.0,-2.9705603,-1.8473557,-5.6584744,-0.4786451,-0.53900033,2.3465033,-0.16548668
338,TRANSFER,7723.37,C101619,71779.3,64055.93,C100872,27218.74,34942.12,2,571,0,0,1,1,1.289079101797925,0.10759884813588318,0,0.0,-2.9705603,-1.8473557,-5.6584744,-0.4786451,-0.53900033,2.3465033,-0.16548668
338,TRANSFER,12134.24,C100047,179424.09,167289.86,C101776,33265.72,45399.96,2,555,0,0,1,1,0.7895581578240818,0.06762882286319524,0,0.0,-2.9705603,-1.8473557,-5.6584744,-0.4786451,-0.53900033,2.3465033,-0.16548668
338,TRANSFER,29061.39,C100516,100025.4,70964.02,C101580,214061.8,243123.19,2,347,0,2,1,1,0.9946667026354996,0.29054010281388526,0,0.0,-3.2061844,-1.5210766,-5.413605,-0.23514885,-0.57324165,2.6205006,-0.11812753
338,TRANSFER,16996.54,C100087,56298.8,39302.26,C101942,36120.36,53116.9,2,544,0,1,1,1,1.4379646269233182,0.30189879713244333,0,0.0,-3.1975121,-1.6558194,-5.658995,0.23644252,-0.54399574,2.3084285,-0.13000211
338,TRANSFER,5285.07,C101523,14724.62,9439.55,C101425,154864.99,160150.05,2,658,0,1,1,1,0.5126783755780135,0.3589274290270309,0,0.0,-3.1975121,-1.6558194,-5.658995,0.23644252,-0.54399574,2.3084285,-0.13000211
338,TRANSFER,4929.99,C101700,92914.14,87984.15,C101624,91432.41,96362.4,2,639,0,0,1,1,0.03804130605196512,0.05305963118207842,0,0.0,-2.9705603,-1.8473557,-5.6584744,-0.4786451,-0.53900033,2.3465033,-0.16548668
338,TRANSFER,7719.05,C100644,560436.06,552717.01,C100046,218061.21,225780.26,2,665,0,1,1,1,0.8335358538017986,0.013773292889112094,0,0.0,-3.1975121,-1.6558194,-5.658995,0.23644252,-0.54399574,2.3084285,-0.13000211
338,TRANSFER,15225.26,C100044,18864.19,3638.93,C100434,73781.05,89006.31,2,558,0,0,1,1,0.9547691708574935,0.8070985290118474,0,0.0,-2.9705603,-1.8473557,-5.6584744,-0.4786451,-0.53900033,2.3465033,-0.16548668
339,TRANSFER,29915.54,C101610,214086.46,184170.92,C100539,210551.59,240467.13,3,370,0,0,1,1,0.4605183534709302,0.13973578712077356,0,0.0,-2.9705603,-1.8473557,-5.6584744,-0.4786451,-0.53900033,2.3465033,-0.16548668
339,TRANSFER,29346.86,C101133,46708.29,17361.43,C100106,530225.8,559572.66,3,337,0,1,1,1,0.3201547816714413,0.6283008862024279,2,0.0,-3.2119353,-1.6558194,-5.658995,0.23524648,-0.54346305,2.3084285,-0.114915565
339,TRANSFER,21537.9,C100216,100060.8,78522.9,C101399,54545.59,76083.48,3,533,0,0,1,1,0.9092012707003534,0.21524812913748442,0,0.0,-2.9705603,-1.8473557,-5.6584744,-0.4786451,-0.53900033,2.3465033,-0.16548668
339,TRANSFER,18047.61,C101804,321097.29,303049.68,C100605,33624.44,51672.05,3,618,0,0,1,1,1.2644989869312402,0.05620604895170558,0,0.0,-2.9705603,-1.8473557,-5.6584744,-0.4786451,-0.53900033,2.3465033,-0.16548668
339,TRANSFER,23140.74,C101479,100918.96,77778.21,C100461,20418.54,43559.28,3,402,0,0,1,1,0.3158504288798084,0.2293002226737176,0,0.0,-2.9705603,-1.8473557,-5.6584744,-0.4786451,-0.53900033,2.3465033,-0.16548668
339,TRANSFER,43812.24,C101587,125976.21,82163.97,C100777,56581.62,100393.86,3,347,0,0,1,1,0.5180721208588128,0.3477818550026231,0,0.0,-2.9705603,-1.8473557,-5.6584744,-0.4786451,-0.53900033,2.3465033,-0.16548668
339,TRANSFER,47918.66,C101629,210440.91,162522.25,C100566,125695.03,173613.69,3,332,0,0,1,1,1.2016172896980795,0.22770601020495493,7,0.0,-2.991261,-1.8537701,-5.6584744,-0.47670233,-0.53846765,2.364261,-0.1168933
339,TRANSFER,6389.45,C101122,225298.84,218909.39,C101198,337630.74,344020.18,3,465,0,1,1,1,1.0692345454069285,0.028359888581761007,0,0.0,-3.1975121,-1.6558194,-5.658995,0.23644252,-0.54399574,2.3084285,-0.13000211
339,TRANSFER,9818.9,C101981,72637.19,62818.29,C100843,237560.14,247379.04,3,638,0,0,1,1,1.2815635936814769,0.13517731068616504,0,0.0,-2.9705603,-1.8473557,-5.6584744,-0.4786451,-0.53900033,2.3465033,-0.16548668
339,TRANSFER,15935.38,C101028,35985.13,20049.75,C101908,28318.74,44254.12,3,375,0,0,1,1,0.13254123390667255,0.44283235881043087,0,0.0,-2.9705603,-1.8473557,-5.6584744,-0.4786451,-0.53900033,2.3465033,-0.16548668
339,TRANSFER,30144.39,C101878,36173.27,6028.88,C100100,134321.37,164465.76,3,453,0,1,1,1,0.21251962999897425,0.8333332872587964,0,0.0,-3.1975121,-1.6558194,-5.658995,0.23644252,-0.54399574,2.3084285,-0.13000211
339,TRANSFER,13596.42,C101688,2307746.1,2294149.67,C100414,373982.23,387578.66,3,699,0,0,1,1,1.1168785847857705,0.005891644665762841,0,0.0,-2.9705603,-1.8473557,-5.6584744,-0.4786451,-0.53900033,2.3465033,-0.16548668
339,TRANSFER,12288.24,C101115,242456.27,230168.03,C101207,145007.31,157295.55,3,479,0,1,1,1,0.8220232550840706,0.05068229417205833,0,0.0,-3.1975121,-1.6558194,-5.658995,0.23644252,-0.54399574,2.3084285,-0.13000211
340,TRANSFER,5812.98,C100702,268996.16,263183.18,C101364,176809.25,182622.23,4,603,0,0,1,1,1.1353416560528289,0.021609899561391508,0,0.0,-3.013765,-1.8913609,-5.6584744,-0.4786451,-0.54374427,2.2253532,-0.16548668
340,TRANSFER,4751.35,C100358,421307.18,416555.82,C101835,138436.95,143188.3,4,355,0,0,1,1,0.74027099376817,0.011277638325556191,0,0.0,-3.013765,-1.8913609,-5.6584744,-0.4786451,-0.54374427,2.2253532,-0.16548668
340,TRANSFER,51806.02,C100381,254844.47,203038.45,C101463,18818.64,70624.66,4,593,0,0,1,1,0.4537088181199002,0.2032848505600298,0,0.0,-3.013765,-1.8913609,-5.6584744,-0.4786451,-0.54374427,2.2253532,-0.16548668
340,TRANSFER,21706.56,C100785,110565.57,88859.01,C101126,93786.88,115493.44,4,446,0,0,1,1,1.4609196902565826,0.19632296021265933,0,0.0,-3.013765,-1.8913609,-5.6584744,-0.4786451,-0.54374427,2.2253532,-0.16548668
340,TRANSFER,8051.98,C101435,185617.32,177565.34,C100447,56971.24,65023.22,4,330,0,1,1,1,0.5918435059567447,0.04337946480425425,10,0.0,-3.2551405,-1.7066181,-5.658995,0.23524648,-0.5482069,2.2046573,-0.08378953
340,TRANSFER,13359.85,C101004,71794.84,58434.99,C101109,37213.66,50573.51,4,560,0,1,1,1,0.9700425111638147,0.186083707408499,0,0.0,-3.2407174,-1.6998246,-5.658995,0.23644252,-0.5487397,2.1872785,-0.13000211
340,TRANSFER,4651.24,C101535,19873.36,15222.12,C100275,2498.55,7149.78,4,581,0,0,1,1,0.9487906908669584,0.2340439663952145,0,0.0,-3.013765,-1.8913609,-5.6584744,-0.4786451,-0.54374427,2.2253532,-0.16548668
340,TRANSFER,24938.29,C101643,45392.75,20454.47,C100433,111632.43,136570.71,4,494,0,1,1,1,1.0019423506158813,0.5493892747189805,0,0.0,-3.2407174,-1.6998246,-5.658995,0.23644252,-0.5487397,2.1872785,-0.13000211
340,TRANSFER,9602.27,C100435,31269.11,21666.84,C101008,71362.24,80964.51,4,473,0,0,1,1,1.3449387228151997,0.30708485147162806,0,0.0,-3.013765,-1.8913609,-5.6584744,-0.4786451,-0.54374427,2.2253532,-0.16548668
340,TRANSFER,29114.52,C100374,64496.31,35381.78,C101620,146375.24,175489.77,4,691,0,0,1,1,0.4281825617366844,0.4514137320414145,0,0.0,-3.013765,-1.8913609,-5.6584744,-0.4786451,-0.54374427,2.2253532,-0.16548668
340,TRANSFER,8638.18,C100868,106671.32,98033.14,C101137,354627.14,363265.32,4,524,0,0,1,1,1.124446003473599,0.08097940477346675,0,0.0,-3.013765,-1.8913609,-5.6584744,-0.4786451,-0.54374427,2.2253532,-0.16548668
340,TRANSFER,9876.56,C100748,80811.06,70934.5,C101809,160179.68,170056.24,4,718,0,2,1,1,0.07321796025172207,0.12221792413068211,0,0.0,-3.2493896,-1.5650817,-5.413605,-0.23514885,-0.5779855,2.499351,-0.11812753
340,TRANSFER,14973.84,C100979,1559065.07,1544091.23,C101672,194970.75,209944.59,4,697,0,1,1,1,0.7257971556640801,0.009604371419853566,0,0.0,-3.2407174,-1.6998246,-5.658995,0.23644252,-0.5487397,2.1872785,-0.13000211
340,TRANSFER,10367.79,C101730,40826.95,30459.16,C100379,88961.09,99328.88,4,319,0,0,1,1,0.12424474668837543,0.25394475952771395,21,0.0,-3.0344658,-1.959228,-5.6584744,-0.47670233,-0.5432116,2.2637663,-0.0760963
340,TRANSFER,103663.01,C100676,646245.95,542582.94,C100094,110581.83,214244.84,4,476,0,0,1,1,0.6974520433560633,0.1604079839881395,0,0.0,-3.013765,-1.8913609,-5.6584744,-0.4786451,-0.54374427,2.2253532,-0.16548668
340,TRANSFER,18215.26,C100588,143099.49,124884.23,C101854,110175.71,128390.97,4,505,0,0,1,1,1.0747488911094376,0.127290879932556,0,0.0,-3.013765,-1.8913609,-5.6584744,-0.4786451,-0.54374427,2.2253532,-0.16548668
340,TRANSFER,4958.6,C100539,210551.59,205592.99,C100416,40377.2,45335.8,4,694,0,0,1,1,0.8726475741420058,0.023550522700873454,0,0.0,-3.013765,-1.8913609,-5.6584744,-0.4786451,-0.54374427,2.2253532,-0.16548668
340,TRANSFER,8907.43,C100438,325998.22,317090.79,C101876,25647.12,34554.55,4,455,0,0,1,1,1.2157426840054801,0.02732355409793342,0,0.0,-3.013765,-1.8913609,-5.6584744,-0.4786451,-0.54374427,2.2253532,-0.16548668
340,TRANSFER,3593.94,C100861,210963.83,207369.9,C101757,21456.3,25050.24,4,394,0,0,1,1,1.15446605776185,0.017035811304715126,0,0.0,-3.013765,-1.8913609,-5.6584744,-0.4786451,-0.54374427,2.2253532,-0.16548668
341,TRANSFER,15766.33,C101645,18919.59,3153.27,C101610,214086.46,229852.79,5,413,0,1,1,1,1.0735167373836014,0.8333335976096734,0,0.0,-2.5943441,-1.4646981,-3.7594745,0.19323318,-0.7246261,-2.5989926,-0.15695137
341,TRANSFER,3127.53,C101330,100991.28,97863.74,C100498,51139.5,54267.03,5,617,0,0,1,1,1.371248035816714,0.030968317264619283,0,0.0,-2.3673913,-1.6530298,-3.7581031,-0.6128197,-0.6993303,-2.6518826,-0.21017267
341,TRANSFER,1453.36,C100538,206349.82,204896.46,C100975,144581.47,146034.83,5,588,0,1,1,1,0.012045863163599431,0.00704318520849691,0,0.0,-2.5943441,-1.4646981,-3.7594745,0.19323318,-0.7246261,-2.5989926,-0.15695137
341,TRANSFER,3990.9,C101468,543231.65,539240.76,C101634,80359.07,84349.96,5,526,0,0,1,1,0.04761098571391568,0.007346589617891372,0,0.0,-2.3673913,-1.6530298,-3.7581031,-0.6128197,-0.6993303,-2.6518826,-0.21017267
341,TRANSFER,525.3,C100978,47471.34,46946.04,C100318,1441599.03,1442124.33,5,408,0,0,1,1,0.0034864204377478615,0.011065624016511857,0,0.0,-2.3673913,-1.6530298,-3.7581031,-0.6128197,-0.6993303,-2.6518826,-0.21017267
341,TRANSFER,3101.89,C100445,2245304.17,2242202.28,C101512,46595.12,49697.01,5,640,0,1,1,1,1.0318293226886817,0.001381501019525564,0,0.0,-2.5943441,-1.4646981,-3.7594745,0.19323318,-0.7246261,-2.5989926,-0.15695137
341,TRANSFER,21357.9,C100491,42526.37,21168.47,C100884,98488.78,119846.69,5,490,0,1,1,1,1.121455372136634,0.5022272063192791,0,0.0,-2.5943441,-1.4646981,-3.7594745,0.19323318,-0.7246261,-2.5989926,-0.15695137
341,TRANSFER,10911.69,C100420,13094.02,2182.34,C101485,361367.15,372278.84,5,386,0,0,1,1,0.7014949836534523,0.8333338424716016,0,0.0,-2.3673913,-1.6530298,-3.7581031,-0.6128197,-0.6993303,-2.6518826,-0.21017267
341,TRANSFER,27963.9,C101853,64987.93,37024.03,C100052,396622.21,424586.11,5,621,0,2,1,1,0.1409637620614327,0.43029374839297085,0,0.0,-2.5982978,-1.2960657,-3.47151,-0.35090783,-0.76111835,-2.3594697,-0.14507683
341,TRANSFER,19137.46,C101152,163113.06,143975.61,C101833,38959.33,58096.79,5,335,0,0,1,1,1.0724276447223078,0.11732635020151053,6,0.0,-2.3880923,-1.6530298,-3.7581031,-0.61087686,-0.6987975,-2.634125,-0.16799358
341,TRANSFER,1921.99,C100204,361142.34,359220.35,C101250,392092.17,394014.16,5,634,0,1,1,1,0.05991981721989403,0.005321973601876756,0,0.0,-2.5943441,-1.4646981,-3.7594745,0.19323318,-0.7246261,-2.5989926,-0.15695137
341,TRANSFER,11483.96,C101523,14724.62,3240.66,C101957,321222.07,332706.03,5,658,0,2,1,1,1.1140018879604026,0.7799155428119706,0,0.0,-2.5982978,-1.2960657,-3.47151,-0.35090783,-0.76111835,-2.3594697,-0.14507683
341,TRANSFER,25223.06,C100792,38447.33,13224.27,C100741,214719.74,239942.8,5,717,0,0,1,1,0.2216241789884031,0.6560419150042409,0,0.0,-2.3673913,-1.6530298,-3.7581031,-0.6128197,-0.6993303,-2.6518826,-0.21017267
341,TRANSFER,7836.2,C101408,178459.75,170623.55,C101720,104343.53,112179.73,5,328,0,0,1,1,0.6067812125136712,0.04391018142746474,13,0.0,-2.3880923,-1.6598232,-3.7581031,-0.61087686,-0.6987975,-2.634504,-0.16082121
341,TRANSFER,30982.54,C100349,242643.46,211660.92,C101400,159337.25,190319.79,5,467,0,1,1,1,0.5075820323226476,0.127687513193226,0,0.0,-2.5943441,-1.4646981,-3.7594745,0.19323318,-0.7246261,-2.5989926,-0.15695137
341,TRANSFER,1851.42,C100861,210963.83,209112.41,C101096,486102.4,487953.82,5,394,0,1,1,1,0.5947237707533917,0.008776006768553644,0,0.0,-2.5943441,-1.4646981,-3.7594745,0.19323318,-0.7246261,-2.5989926,-0.15695137
341,TRANSFER,57413.46,C101817,123008.74,65595.28,C100030,474442.6,531856.06,5,435,0,0,1,1,0.5988180319766768,0.46674293225017993,0,0.0,-2.3673913,-1.6530298,-3.7581031,-0.6128197,-0.6993303,-2.6518826,-0.21017267
341,TRANSFER,13357.69,C101396,33367.74,20010.05,C100030,474442.6,487800.3,5,420,0,2,1,1,0.5857422091255211,0.400317492284464,0,0.0,-2.5982978,-1.2960657,-3.47151,-0.35090783,-0.76111835,-2.3594697,-0.14507683
341,TRANSFER,4882.87,C100385,47244.82,42361.95,C101563,80511.12,85394.0,5,609,0,0,1,1,0.8471883319323725,0.1033524945168592,0,0.0,-2.3673913,-1.6530298,-3.7581031,-0.6128197,-0.6993303,-2.6518826,-0.21017267
341,TRANSFER,8818.16,C101725,521461.79,512643.63,C100699,35088.24,43906.4,5,547,0,1,1,1,0.16520875427890028,0.016910462413746555,0,0.0,-2.5943441,-1.4646981,-3.7594745,0.19323318,-0.7246261,-2.5989926,-0.15695137
341,TRANSFER,38334.1,C101210,103719.69,65385.59,C100252,221942.49,260276.6,5,584,0,1,1,1,0.19299793369327073,0.3695932758765476,0,0.0,-2.5943441,-1.4646981,-3.7594745,0.19323318,-0.7246261,-2.5989926,-0.15695137
341,TRANSFER,9581.16,C101918,128752.9,119171.73,C100414,373982.23,383563.4,5,441,0,1,1,1,0.1505874254341432,0.07441510055307492,0,0.0,-2.5943441,-1.4646981,-3.7594745,0.19323318,-0.7246261,-2.5989926,-0.15695137
341,TRANSFER,7184.99,C100766,11096.44,3911.44,C101361,6561.3,13746.29,5,596,0,0,1,1,0.49094364445107996,0.6475040643665896,0,0.0,-2.3673913,-1.6530298,-3.7581031,-0.6128197,-0.6993303,-2.6518826,-0.21017267
341,TRANSFER,13047.53,C101674,19279.15,6231.63,C100988,128846.79,141894.32,5,554,0,1,1,1,1.2047142127026005,0.6767689446889515,0,0.0,-2.5943441,-1.4646981,-3.7594745,0.19323318,-0.7246261,-2.5989926,-0.15695137
341,TRANSFER,79444.45,C100837,130197.36,50752.91,C101204,165174.62,244619.07,5,570,0,0,1,1,0.7233221254742769,0.6101847994460102,0,0.0,-2.3673913,-1.6530298,-3.7581031,-0.6128197,-0.6993303,-2.6518826,-0.21017267
341,TRANSFER,152291.91,C101411,182750.3,30458.38,C101678,43289.91,195581.82,5,424,0,0,1,1,1.0550581281643203,0.8333332968536852,0,0.0,-2.3673913,-1.6530298,-3.7581031,-0.6128197,-0.6993303,-2.6518826,-0.21017267
341,TRANSFER,1892.73,C101711,220100.03,218207.3,C101324,294231.39,296124.13,5,343,0,0,1,1,1.3244314955971621,0.008599408187268308,0,0.0,-2.3673913,-1.6530298,-3.7581031,-0.6128197,-0.6993303,-2.6518826,-0.21017267
341,TRANSFER,12402.2,C100286,227973.8,215571.59,C100618,39125.27,51527.47,5,484,0,0,1,1,0.7495591716506571,0.05440186547752418,0,0.0,-2.3673913,-1.6530298,-3.7581031,-0.6128197,-0.6993303,-2.6518826,-0.21017267
341,TRANSFER,12251.12,C101360,92306.1,80054.98,C101074,451869.31,464120.43,5,658,0,1,1,1,0.12916816709648696,0.13272275613420997,0,0.0,-2.5943441,-1.4646981,-3.7594745,0.19323318,-0.7246261,-2.5989926,-0.15695137
341,TRANSFER,10467.75,C101570,235826.01,225358.26,C100424,111426.91,121894.66,5,584,0,0,1,1,0.8006124743565562,0.04438759744949253,0,0.0,-2.3673913,-1.6530298,-3.7581031,-0.6128197,-0.6993303,-2.6518826,-0.21017267
342,TRANSFER,2429.01,C101330,100991.28,98562.27,C101620,146375.24,148804.25,6,617,0,1,1,1,1.0649858487301982,0.02405168050152449,0,0.0,-2.5943441,-1.4646981,-3.7594745,0.19323318,-0.7246261,-2.5989926,-0.15695137
342,TRANSFER,20130.74,C100029,55620.12,35489.39,C100194,121492.59,141623.33,6,616,0,1,1,1,0.37067900530217274,0.3619326962976707,0,0.0,-2.5943441,-1.4646981,-3.7594745,0.19323318,-0.7246261,-2.5989926,-0.15695137
342,TRANSFER,40740.72,C100955,48888.86,8148.14,C100507,151835.85,192576.57,6,569,0,0,1,1,0.8624256539155112,0.8333334015151919,0,0.0,-2.3673913,-1.6530298,-3.7581031,-0.6128197,-0.6993303,-2.6518826,-0.21017267
342,TRANSFER,7852.64,C100146,31849.73,23997.09,C101653,233961.45,241814.09,6,706,0,2,1,1,0.9781407592763086,0.24655279652292186,0,0.0,-2.5982978,-1.2960657,-3.47151,-0.35090783,-0.76111835,-2.3594697,-0.14507683
342,TRANSFER,21298.94,C101846,88187.23,66888.3,C100050,247766.18,269065.12,6,457,0,0,1,1,1.393620077991646,0.24151954880542228,0,0.0,-2.3673913,-1.6530298,-3.7581031,-0.6128197,-0.6993303,-2.6518826,-0.21017267
342,TRANSFER,3309.09,C100358,421307.18,417998.09,C101658,33245.53,36554.62,6,355,0,1,1,1,0.5155636488089308,0.007854340388882051,0,0.0,-2.5943441,-1.4646981,-3.7594745,0.19323318,-0.7246261,-2.5989926,-0.15695137
342,TRANSFER,13405.42,C100750,157912.32,144506.9,C100337,268721.46,282126.88,6,592,0,2,1,1,0.8838599569259515,0.08489153981145993,0,0.0,-2.5982978,-1.2960657,-3.47151,-0.35090783,-0.76111835,-2.3594697,-0.14507683
342,TRANSFER,316120.44,C100846,379344.53,63224.09,C100888,61289.68,377410.13,6,554,0,1,1,1,0.9847353035980787,0.8333333289397898,0,0.0,-2.5943441,-1.4646981,-3.7594745,0.19323318,-0.7246261,-2.5989926,-0.15695137
342,TRANSFER,1458691.03,C100626,500662.9,0.0,C100171,27089.46,1485780.49,16,79,0,5,1,1,23.208697581777166,2.0,263,1.8,0.20867816,-1.0908904,1.7939361,-1.2259204,-1.5821927,-1.7519358,-0.4064293
342,TRANSFER,31637.22,C101580,214061.8,182424.58,C100956,186739.13,218376.35,6,355,0,0,1,1,0.8730108129434121,0.14779479570852905,0,0.0,-2.3673913,-1.6530298,-3.7581031,-0.6128197,-0.6993303,-2.6518826,-0.21017267
342,TRANSFER,18593.34,C101906,22312.01,3718.67,C100303,58592.42,77185.76,6,488,0,0,1,1,0.12340731618143766,0.8333332586351477,0,0.0,-2.3673913,-1.6530298,-3.7581031,-0.6128197,-0.6993303,-2.6518826,-0.21017267
342,TRANSFER,34376.94,C100938,60991.76,26614.82,C101881,533886.55,568263.49,6,568,0,1,1,1,0.2997297972506462,0.5636325300335652,0,0.0,-2.5943441,-1.4646981,-3.7594745,0.19323318,-0.7246261,-2.5989926,-0.15695137
342,TRANSFER,56083.67,C101149,131528.54,75444.87,C101053,90135.94,146219.61,6,567,0,2,1,1,1.5150633620744223,0.4263992438447199,0,0.0,-2.5982978,-1.2960657,-3.47151,-0.35090783,-0.76111835,-2.3594697,-0.14507683
342,TRANSFER,1369837.19,C101449,94343.15,0.0,MULE250958,0.0,1369837.19,2,159,1,4,0,1,23.337413305489708,2.0,183,100.0,0.95569676,0.34412372,2.0490434,0.15055734,3.7529297,4.025243,-0.03353341
342,TRANSFER,8410.1,C100385,47244.82,38834.72,C101424,2891647.43,2900057.53,6,609,0,1,1,1,1.459170240121987,0.17801104967698048,0,0.0,-2.5943441,-1.4646981,-3.7594745,0.19323318,-0.7246261,-2.5989926,-0.15695137
342,TRANSFER,14147.45,C100069,78025.8,63878.35,C101760,57933.68,72081.14,6,474,0,1,1,1,1.2490388579166798,0.18131758982285348,0,0.0,-2.5943441,-1.4646981,-3.7594745,0.19323318,-0.7246261,-2.5989926,-0.15695137
342,TRANSFER,760.32,C100829,1968362.24,1967601.92,C101282,50584.24,51344.56,6,422,0,1,1,1,0.7828880529393999,0.00038627036454428227,0,0.0,-2.5943441,-1.4646981,-3.7594745,0.19323318,-0.7246261,-2.5989926,-0.15695137
342,TRANSFER,10208.58,C100216,100060.8,89852.21,C101345,74694.32,84902.9,6,533,0,1,1,1,0.4309451668011372,0.10202376954811475,0,0.0,-2.5943441,-1.4646981,-3.7594745,0.19323318,-0.7246261,-2.5989926,-0.15695137
342,TRANSFER,51521.19,C101135,61825.42,10304.24,C101833,38959.33,90480.52,6,618,0,0,1,1,1.1287843212706659,0.833333441163845,0,0.0,-2.3673913,-1.6530298,-3.7581031,-0.6128197,-0.6993303,-2.6518826,-0.21017267
342,TRANSFER,22402.9,C101771,26883.48,4480.58,C101389,53476.55,75879.45,6,615,0,0,1,1,1.4891771262513303,0.8333333333333334,0,0.0,-2.3673913,-1.6530298,-3.7581031,-0.6128197,-0.6993303,-2.6518826,-0.21017267
342,TRANSFER,14487.8,C100256,147030.39,132542.59,C100739,524649.19,539136.99,6,411,0,2,1,1,0.7468655395851258,0.09853609175626887,0,0.0,-2.5982978,-1.2960657,-3.47151,-0.35090783,-0.76111835,-2.3594697,-0.14507683
342,TRANSFER,6704.41,C101453,234560.88,227856.47,C100100,134321.37,141025.78,6,371,0,2,1,1,0.7284192628625533,0.02858281397989298,0,0.0,-2.5982978,-1.2960657,-3.47151,-0.35090783,-0.76111835,-2.3594697,-0.14507683
343,TRANSFER,72513.15,C100925,290182.8,217669.65,C100880,142442.86,214956.01,7,439,0,1,1,1,0.8576473295904398,0.24988782932689324,0,0.0,-2.5943441,-1.4646981,-3.7594745,0.19323318,-0.7246261,-2.5989926,-0.15695137
343,TRANSFER,21977.8,C101498,74776.87,52799.07,C101951,1724819.98,1746797.78,7,342,0,0,1,1,0.2473524860149264,0.2939117403550055,1,0.0,-2.3880923,-1.6530298,-3.7581031,-0.61087686,-0.6987975,-2.6518826,-0.1919473
343,TRANSFER,1595691.99,C100296,2163030.76,567338.76,C101180,30198.09,1625890.08,19,-336,0,1,1,1,13.237269272831899,0.7377111872417386,679,2.7,3.9093642,0.57929826,-5.0848923,0.14365993,-0.69304943,-3.152384,0.6767527
343,TRANSFER,25249.82,C101337,177298.43,152048.62,C101149,131528.54,156778.36,7,624,0,0,1,1,0.29187514856702346,0.1424142334480909,0,0.0,-2.3673913,-1.6530298,-3.7581031,-0.6128197,-0.6993303,-2.6518826,-0.21017267
343,TRANSFER,39258.3,C101625,1117417.46,1078159.15,C100173,22927.11,62185.42,7,572,0,1,1,1,0.9432072961853337,0.03513306477240834,0,0.0,-2.5943441,-1.4646981,-3.7594745,0.19323318,-0.7246261,-2.5989926,-0.15695137
343,TRANSFER,1391505.72,C100908,23413.3,0.0,C100102,41915.74,1433421.45,14,-346,0,6,1,1,19.49893547563779,2.0,689,2.0,0.49015284,-1.1795415,1.7674199,-1.4034258,-1.6437857,-2.5402055,0.5890507
343,TRANSFER,11252.55,C101674,19279.15,8026.6,C100731,20695.64,31948.19,7,554,0,2,1,1,1.0389787886401982,0.5836642175614588,0,0.0,-2.5982978,-1.2960657,-3.47151,-0.35090783,-0.76111835,-2.3594697,-0.14507683
343,TRANSFER,1829.3,C101703,38660.39,36831.09,C100372,86014.1,87843.39,7,476,0,1,1,1,1.324956375038722,0.04731716363958046,0,0.0,-2.5943441,-1.4646981,-3.7594745,0.19323318,-0.7246261,-2.5989926,-0.15695137
343,TRANSFER,7302.22,C100834,178424.59,171122.38,C100388,379919.08,387221.29,7,449,0,0,1,1,1.13060691381636,0.040926085356284135,0,0.0,-2.3673913,-1.6530298,-3.7581031,-0.6128197,-0.6993303,-2.6518826,-0.21017267
343,TRANSFER,4164.55,C100389,93527.03,89362.48,C101720,104343.53,108508.08,7,713,0,0,1,1,0.05814822267013804,0.04452776913797006,0,0.0,-2.3673913,-1.6530298,-3.7581031,-0.6128197,-0.6993303,-2.6518826,-0.21017267
343,TRANSFER,2382609.07,C100658,79544.5,0.0,MULE281791,0.0,2382609.07,1,-208,1,1,1,1,14.955399453928509,2.0,551,100.0,3.768899,1.4045873,2.4122036,0.11884889,-0.35281092,3.2531261,-0.3206203
343,TRANSFER,14219.6,C101025,100296.29,86076.69,C100235,28205.35,42424.95,7,545,0,0,1,1,0.1013250720013746,0.14177593209080816,0,0.0,-2.3673913,-1.6530298,-3.7581031,-0.6128197,-0.6993303,-2.6518826,-0.21017267
343,TRANSFER,67213.0,C100349,242643.46,175430.47,C100924,43848.86,111061.85,7,467,0,2,1,1,1.101139904555989,0.27700313867927867,0,0.0,-2.5982978,-1.2960657,-3.47151,-0.35090783,-0.76111835,-2.3594697,-0.14507683
343,TRANSFER,34965.19,C101921,67551.81,32586.62,C101180,30198.09,65163.28,7,496,0,0,1,1,0.9437754915424685,0.517605523819421,0,0.0,-2.3673913,-1.6530298,-3.7581031,-0.6128197,-0.6993303,-2.6518826,-0.21017267
343,TRANSFER,13540.83,C100287,1518018.67,1504477.84,C100540,175657.15,189197.98,7,559,0,1,1,1,0.2520748734881368,0.008920068157000994,0,0.0,-2.5943441,-1.4646981,-3.7594745,0.19323318,-0.7246261,-2.5989926,-0.15695137
343,TRANSFER,24940.2,C100980,88638.63,63698.43,C101064,69697.59,94637.8,7,322,0,3,1,1,1.0735838083853368,0.2813694209849588,21,0.0,-2.4902263,-1.3595194,-3.3898907,0.0035682926,-0.842799,-2.0606804,-0.05704718
343,TRANSFER,13040.68,C100699,35088.24,22047.55,C101004,71794.84,84835.52,7,612,0,0,1,1,1.1310942403134465,0.3716538646566485,0,0.0,-2.3673913,-1.6530298,-3.7581031,-0.6128197,-0.6993303,-2.6518826,-0.21017267
343,TRANSFER,12725.25,C101718,170477.42,157752.16,C101981,72637.19,85362.45,7,570,0,0,1,1,0.628211860308174,0.0746447828691917,0,0.0,-2.3673913,-1.6530298,-3.7581031,-0.6128197,-0.6993303,-2.6518826,-0.21017267
343,TRANSFER,6478.56,C100625,81948.01,75469.45,C101863,708766.32,715244.88,7,621,0,0,1,1,0.8802722970488176,0.07905695330490638,0,0.0,-2.3673913,-1.6530298,-3.7581031,-0.6128197,-0.6993303,-2.6518826,-0.21017267
343,TRANSFER,38011.64,C100215,100375.94,62364.31,C100884,98488.78,136500.42,7,483,0,1,1,1,0.5248637354137741,0.37869274250383106,0,0.0,-2.5943441,-1.4646981,-3.7594745,0.19323318,-0.7246261,-2.5989926,-0.15695137
343,TRANSFER,11221.38,C100625,81948.01,70726.62,C101341,246949.04,258170.43,7,621,0,0,1,1,1.5247014689464418,0.13693291636978128,0,0.0,-2.3673913,-1.6530298,-3.7581031,-0.6128197,-0.6993303,-2.6518826,-0.21017267
344,TRANSFER,14202.4,C101021,598081.93,583879.54,C101702,40569.74,54772.14,8,353,0,0,1,1,0.7867883261820328,0.02374657933571074,0,0.0,-2.3673913,-1.6530298,-3.7581031,-0.6128197,-0.6993303,-2.6518826,-0.21017267
344,TRANSFER,6639.29,C100776,192354.33,185715.04,C101500,73700.61,80339.9,8,559,0,0,1,1,1.357668396436794,0.03451593733294177,0,0.0,-2.3673913,-1.6530298,-3.7581031,-0.6128197,-0.6993303,-2.6518826,-0.21017267
344,TRANSFER,30926.51,C100434,73781.05,42854.53,C101148,832396.21,863322.72,8,572,0,1,1,1,0.30971754534544743,0.4191660324703972,0,0.0,-2.5943441,-1.4646981,-3.7594745,0.19323318,-0.7246261,-2.5989926,-0.15695137
344,TRANSFER,1321825.58,C101884,39863.8,0.0,C100540,175657.15,1497482.73,10,-52,0,1,1,1,19.47696361693152,2.0,396,28.6,1.0993739,-0.25425556,1.7464755,0.24535465,-1.0977381,-2.6786213,-0.010239434
344,TRANSFER,14560.96,C100523,17473.15,2912.19,C101571,253202.58,267763.54,8,343,0,0,1,1,1.1850727737464086,0.8333334287177755,1,0.0,-2.3880923,-1.6530298,-3.7581031,-0.61087686,-0.6987975,-2.6518826,-0.1919473
344,TRANSFER,809.21,C100919,294956.41,294147.21,C100512,127956.5,128765.7,8,324,0,0,1,1,0.4440172000582846,0.002743490131304487,20,0.0,-2.3880923,-1.6598232,-3.7581031,-0.61087686,-0.6987975,-2.634504,-0.16082121
344,TRANSFER,33556.72,C100210,254860.64,221303.93,C101846,88187.23,121743.95,8,591,0,0,1,1,0.23372048851115682,0.13166693766444282,0,0.0,-2.3673913,-1.6530298,-3.7581031,-0.6128197,-0.6993303,-2.6518826,-0.21017267
344,TRANSFER,54430.5,C100273,293628.89,239198.38,C101897,846680.16,901110.66,8,690,0,1,1,1,0.34048156244175454,0.18537174594775058,0,0.0,-2.5943441,-1.4646981,-3.7594745,0.19323318,-0.7246261,-2.5989926,-0.15695137
344,TRANSFER,11440.18,C100685,116938.43,105498.25,C100691,28611.42,40051.6,8,511,0,1,1,1,0.08129125815807235,0.09783079865190597,0,0.0,-2.5943441,-1.4646981,-3.7594745,0.19323318,-0.7246261,-2.5989926,-0.15695137
344,TRANSFER,5245.02,C101693,20196.33,14951.31,C100708,141876.16,147121.19,8,547,0,2,1,1,0.6259102039716103,0.2597016388621101,0,0.0,-2.5982978,-1.2960657,-3.47151,-0.35090783,-0.76111835,-2.3594697,-0.14507683
344,TRANSFER,92548.13,C101338,111057.76,18509.63,C101941,68513.86,161061.99,8,511,0,0,1,1,0.49846936918969836,0.8333333033189217,0,0.0,-2.3673913,-1.6530298,-3.7581031,-0.6128197,-0.6993303,-2.6518826,-0.21017267
344,TRANSFER,74304.39,C101878,89165.27,14860.88,C100655,48868.98,123173.37,8,453,0,2,1,1,0.5238500918446013,0.8333333146414518,0,0.0,-2.5982978,-1.2960657,-3.47151,-0.35090783,-0.76111835,-2.3594697,-0.14507683
344,TRANSFER,7782.88,C100471,58695.64,50912.76,C101418,116299.35,124082.23,8,622,0,1,1,1,0.8382235292514317,0.13259724231646508,0,0.0,-2.5943441,-1.4646981,-3.7594745,0.19323318,-0.7246261,-2.5989926,-0.15695137
344,TRANSFER,66535.91,C101471,79843.09,13307.18,C101754,75139.02,141674.92,8,608,0,2,1,1,1.4980545873522273,0.833333354207609,0,0.0,-2.5982978,-1.2960657,-3.47151,-0.35090783,-0.76111835,-2.3594697,-0.14507683
344,TRANSFER,23033.2,C101656,74651.0,51617.79,C100532,132404.69,155437.89,8,388,0,1,1,1,0.29285355155523485,0.3085450965157868,0,0.0,-2.5943441,-1.4646981,-3.7594745,0.19323318,-0.7246261,-2.5989926,-0.15695137
344,TRANSFER,1989122.66,C100746,346369.95,0.0,MULE698789,0.0,1989122.66,4,-60,1,3,0,1,11.468132708436375,2.0,404,100.0,3.8601542,-0.797023,2.1239076,-0.1072878,2.5430605,2.9296925,-0.118831046
344,TRANSFER,16710.55,C100878,36404.84,19694.29,C100401,320048.89,336759.44,8,545,0,0,1,1,0.2061710575288976,0.4590200094273179,0,0.0,-2.3673913,-1.6530298,-3.7581031,-0.6128197,-0.6993303,-2.6518826,-0.21017267
344,TRANSFER,182609.89,C101616,412467.35,229857.46,C101401,265647.49,448257.38,8,586,0,0,1,1,0.6796098174832349,0.4427256848329935,0,0.0,-2.3673913,-1.6530298,-3.7581031,-0.6128197,-0.6993303,-2.6518826,-0.21017267
344,TRANSFER,9809.17,C101600,315493.93,305684.76,C101816,91549.21,101358.38,8,328,0,0,1,1,0.19767582878623666,0.031091469810528526,16,0.0,-2.3880923,-1.6598232,-3.7581031,-0.61087686,-0.6987975,-2.634504,-0.16082121
344,TRANSFER,1163016.79,C101040,447596.32,0.0,C100491,42526.37,1205543.16,19,488,0,1,1,1,24.85450613117178,2.0,0,0.2,-0.60645396,-1.0525523,1.7582452,0.19507492,-1.2263353,-5.198602,-0.11244941
344,TRANSFER,32754.88,C100980,88638.63,55883.75,C101414,26186.46,58941.34,8,322,0,4,1,1,1.409977017570216,0.36953278722832245,22,0.0,-2.4907455,-1.3282439,-3.3579998,0.048303876,-0.83982784,-2.0606804,-0.0063509196
345,TRANSFER,961.05,C101381,145781.13,144820.08,C101473,191093.9,192054.95,9,679,0,1,1,1,0.0263592651973771,0.006592417002118175,0,0.0,-2.5943441,-1.4526827,-3.7594745,0.19323318,-0.7246261,-2.6110082,-0.15695137
345,TRANSFER,2664.02,C100128,163856.58,161192.56,C101656,74651.0,77315.02,9,328,0,1,1,1,0.3878508172294953,0.016258242421512765,17,0.0,-2.608767,-1.4594762,-3.7594745,0.19203712,-0.7240934,-2.5936294,-0.110738836
345,TRANSFER,19476.72,C101118,36718.76,17242.04,C101896,19115.46,38592.18,9,330,0,0,1,1,0.25784784441689895,0.5304296768191519,15,0.0,-2.3880923,-1.6478076,-3.7581031,-0.61087686,-0.6987975,-2.6465197,-0.16082121
345,TRANSFER,12586.39,C101134,52480.24,39893.85,C101433,112261.48,124847.87,9,502,0,2,1,1,0.11575784711684413,0.2398310297361445,0,0.0,-2.5982978,-1.2840501,-3.47151,-0.35090783,-0.76111835,-2.3714848,-0.14507683
345,TRANSFER,6497.19,C100492,247495.22,240998.03,C101347,122162.74,128659.92,9,591,0,0,1,1,0.6444053848215578,0.02625177973134188,0,0.0,-2.3673913,-1.6410142,-3.7581031,-0.6128197,-0.6993303,-2.6638985,-0.21017267
345,TRANSFER,22605.33,C100371,74152.3,51546.97,C101363,32403.15,55008.48,9,354,0,0,1,1,0.44566175610308406,0.304850018138345,0,0.0,-2.3673913,-1.6410142,-3.7581031,-0.6128197,-0.6993303,-2.6638985,-0.21017267
345,TRANSFER,9688.98,C100892,88184.09,78495.1,C100025,16878.99,26567.98,9,623,0,0,1,1,1.0298143364396413,0.10987220030279839,0,0.0,-2.3673913,-1.6410142,-3.7581031,-0.6128197,-0.6993303,-2.6638985,-0.21017267
345,TRANSFER,13689.92,C100574,90412.52,76722.59,C101607,574754.45,588444.37,9,447,0,2,1,1,0.9625453250143103,0.15141619766819905,0,0.0,-2.5982978,-1.2840501,-3.47151,-0.35090783,-0.76111835,-2.3714848,-0.14507683
345,TRANSFER,31433.08,C101210,103719.69,72286.61,C100654,96293.14,127726.22,9,584,0,2,1,1,0.158253865086575,0.3030579825296431,0,0.0,-2.5982978,-1.2840501,-3.47151,-0.35090783,-0.76111835,-2.3714848,-0.14507683
345,TRANSFER,21322.65,C100264,175103.56,153780.91,C100291,388394.53,409717.18,9,370,0,0,1,1,0.2840015126298672,0.12177165330048116,0,0.0,-2.3673913,-1.6410142,-3.7581031,-0.6128197,-0.6993303,-2.6638985,-0.21017267
345,TRANSFER,24630.99,C101426,155903.91,131272.92,C101749,469402.7,494033.69,9,390,0,0,1,1,0.33349963105721164,0.15798827624015332,0,0.0,-2.3673913,-1.6410142,-3.7581031,-0.6128197,-0.6993303,-2.6638985,-0.21017267
345,TRANSFER,9004.26,C101609,94212.48,85208.22,C101909,16383.13,25387.39,9,584,0,0,1,1,0.9980470183524371,0.09557396217571176,0,0.0,-2.3673913,-1.6410142,-3.7581031,-0.6128197,-0.6993303,-2.6638985,-0.21017267
345,TRANSFER,3867.86,C100152,35735.76,31867.9,C100968,1129945.77,1133813.63,9,578,0,0,1,1,0.0655480855793176,0.10823500045892405,0,0.0,-2.3673913,-1.6410142,-3.7581031,-0.6128197,-0.6993303,-2.6638985,-0.21017267
345,TRANSFER,1678.96,C101820,311940.58,310261.61,C101847,2642946.52,2644625.49,9,645,0,0,1,1,1.039468123043599,0.005382307104769761,0,0.0,-2.3673913,-1.6410142,-3.7581031,-0.6128197,-0.6993303,-2.6638985,-0.21017267
345,TRANSFER,6438.37,C100366,378237.13,371798.76,C101245,147908.34,154346.71,9,646,0,0,1,1,0.08033010870244066,0.017022046460642294,0,0.0,-2.3673913,-1.6410142,-3.7581031,-0.6128197,-0.6993303,-2.6638985,-0.21017267
345,TRANSFER,17282.47,C100643,31313.23,14030.76,C100509,68285.14,85567.62,9,445,0,1,1,1,0.3504227700197365,0.5519223024900338,0,0.0,-2.5943441,-1.4526827,-3.7594745,0.19323318,-0.7246261,-2.6110082,-0.15695137
345,TRANSFER,13433.99,C101058,44080.94,30646.95,C101306,176587.58,190021.56,9,624,0,0,1,1,0.9310486377980386,0.3047573395667152,0,0.0,-2.3673913,-1.6410142,-3.7581031,-0.6128197,-0.6993303,-2.6638985,-0.21017267
345,TRANSFER,74177.95,C100754,360342.98,286165.03,C101452,1013621.71,1087799.66,9,626,0,0,1,1,0.9154472830210268,0.2058537396787916,0,0.0,-2.3673913,-1.6410142,-3.7581031,-0.6128197,-0.6993303,-2.6638985,-0.21017267
345,TRANSFER,4733.88,C101768,300455.5,295721.62,C100302,3585.99,8319.87,9,436,0,0,1,1,0.8280620954274232,0.015755677629465926,0,0.0,-2.3673913,-1.6410142,-3.7581031,-0.6128197,-0.6993303,-2.6638985,-0.21017267
346,TRANSFER,27517.79,C100339,271773.5,244255.71,C101088,118764.28,146282.07,10,496,0,0,1,1,0.2549929592568885,0.10125266076346665,0,0.0,-2.559749,-1.6295782,-3.8895862,-0.60748893,-0.70966333,-2.3464909,-0.21017267
346,TRANSFER,78886.76,C101135,94664.11,15777.35,C100133,145642.03,224528.79,10,618,0,1,1,1,1.7283400838342806,0.8333333509394426,0,0.0,-2.7867017,-1.4412465,-3.890957,0.19856392,-0.7349593,-2.2936003,-0.15695137
346,TRANSFER,39681.62,C101038,47617.95,7936.32,C101914,6739.15,46420.78,10,380,0,0,1,1,1.2483808923545545,0.8333332283309132,0,0.0,-2.559749,-1.6295782,-3.8895862,-0.60748893,-0.70966333,-2.3464909,-0.21017267
346,TRANSFER,22655.8,C100569,173378.58,150722.78,C101169,23716.67,46372.47,10,593,0,0,1,1,1.3310984028474324,0.1306724279319856,0,0.0,-2.559749,-1.6295782,-3.8895862,-0.60748893,-0.70966333,-2.3464909,-0.21017267
346,TRANSFER,57024.67,C100322,387822.85,330798.18,C100384,224323.73,281348.4,10,324,0,0,1,1,1.3997853903633133,0.14703793239619584,22,0.0,-2.5804498,-1.6656394,-3.8895862,-0.6055461,-0.7091306,-2.3080773,-0.07008602
346,TRANSFER,1375198.96,C100046,218061.21,0.0,C100791,86660.72,1461859.68,8,-68,0,0,1,1,15.518977902099095,2.0,414,3.4,-0.2894191,1.3931228,1.6202179,-0.46302205,-0.9361397,-4.660367,-0.05982505
346,TRANSFER,292.17,C100411,653967.61,653675.44,C101206,175541.13,175833.3,10,339,0,0,1,1,0.2504059477024646,0.000446765245758884,7,0.0,-2.5804498,-1.6359926,-3.8895862,-0.6055461,-0.7091306,-2.3287332,-0.1615793
346,TRANSFER,2012674.25,C101922,26319.2,0.0,MULE915858,0.0,2012674.25,16,169,1,1,1,1,11.416492719801116,2.0,177,99.7,5.2949657,-0.5175904,2.1627347,0.19188641,-0.73092496,-0.62529826,-0.13241899
346,TRANSFER,61903.97,C100378,103897.2,41993.23,C101903,74811.61,136715.58,10,453,0,0,1,1,1.0128349784915216,0.5958194253550625,0,0.0,-2.559749,-1.6295782,-3.8895862,-0.60748893,-0.70966333,-2.3464909,-0.21017267
346,TRANSFER,125610.36,C100190,235936.51,110326.15,C100167,12694.56,138304.92,10,656,0,0,1,1,1.6042521250001305,0.5323905147194048,0,0.0,-2.559749,-1.6295782,-3.8895862,-0.60748893,-0.70966333,-2.3464909,-0.21017267
346,TRANSFER,1913.88,C101281,248283.0,246369.12,C101361,6561.3,8475.18,10,609,0,1,1,1,1.2456341495417027,0.007708461715059026,0,0.0,-2.7867017,-1.4412465,-3.890957,0.19856392,-0.7349593,-2.2936003,-0.15695137
346,TRANSFER,19193.27,C100089,173058.29,153865.01,C100834,178424.59,197617.87,10,365,0,0,1,1,0.262019073026884,0.11090638882425106,0,0.0,-2.559749,-1.6295782,-3.8895862,-0.60748893,-0.70966333,-2.3464909,-0.21017267
346,TRANSFER,14057.43,C100872,27218.74,13161.32,C100225,130765.12,144822.55,10,322,0,0,1,1,0.11999258029994363,0.516461452660924,24,0.0,-2.5804498,-1.6656394,-3.8895862,-0.6055461,-0.7091306,-2.3080773,-0.07008602
346,TRANSFER,27015.87,C100983,134745.78,107729.91,C101434,21266.65,48282.52,10,438,0,1,1,1,1.026697947424301,0.20049511012515567,0,0.0,-2.7867017,-1.4412465,-3.890957,0.19856392,-0.7349593,-2.2936003,-0.15695137
346,TRANSFER,8347.35,C101025,100296.29,91948.95,C101595,1965557.82,1973905.16,10,545,0,1,1,1,0.059480986790815094,0.08322690699725784,0,0.0,-2.7867017,-1.4412465,-3.890957,0.19856392,-0.7349593,-2.2936003,-0.15695137
346,TRANSFER,12869.44,C101567,23661.1,10791.66,C101268,67802.15,80671.6,10,330,0,0,1,1,0.09216038269348559,0.5439070880052069,16,0.0,-2.5804498,-1.6363716,-3.8895862,-0.6055461,-0.7091306,-2.329112,-0.16082121
346,TRANSFER,28235.89,C101348,188558.85,160322.97,C101595,1965557.82,1993793.71,10,399,0,1,1,1,0.8527273260503166,0.14974576902648695,0,0.0,-2.7867017,-1.4412465,-3.890957,0.19856392,-0.7349593,-2.2936003,-0.15695137
346,TRANSFER,25562.55,C101145,154321.08,128758.54,C101433,112261.48,137824.03,10,489,0,0,1,1,1.0275458113696891,0.16564522487789743,0,0.0,-2.559749,-1.6295782,-3.8895862,-0.60748893,-0.70966333,-2.3464909,-0.21017267
347,TRANSFER,59853.92,C100274,114948.6,55094.68,C100606,29988.94,89842.86,11,341,0,1,1,1,0.9609068513480769,0.5207016005414593,6,0.0,-2.6011677,-1.2727561,-3.8894126,0.22181885,-0.74246174,-2.706846,-0.10915306
347,TRANSFER,43393.92,C101439,994519.88,951125.95,C100677,181750.74,225144.66,11,647,0,0,1,1,0.986302901739216,0.043633034263729345,0,0.0,-2.3507016,-1.4610878,-3.8880417,-0.61479807,-0.71769863,-2.7883985,-0.18055879
347,TRANSFER,8596.47,C100887,117006.88,108410.41,C100492,247495.22,256091.69,11,556,0,0,1,1,0.901394856965391,0.07346978228972517,0,0.0,-2.3507016,-1.4610878,-3.8880417,-0.61479807,-0.71769863,-2.7883985,-0.18055879
347,TRANSFER,9676.08,C100263,78121.78,68445.7,C100814,99573.21,109249.29,11,564,0,1,1,1,0.06812770454694218,0.12385892896961641,0,0.0,-2.5867443,-1.2727561,-3.8894126,0.2230149,-0.7429945,-2.703748,-0.1273375
347,TRANSFER,23356.32,C100857,114851.84,91495.52,C101239,24787.33,48143.65,11,443,0,0,1,1,0.37573981226146363,0.2033604337553495,0,0.0,-2.3507016,-1.4610878,-3.8880417,-0.61479807,-0.71769863,-2.7883985,-0.18055879
347,TRANSFER,23269.8,C101687,164880.67,141610.86,C100581,315400.51,338670.31,11,383,0,1,1,1,0.43897174179770254,0.14113115867372444,0,0.0,-2.5867443,-1.2727561,-3.8894126,0.2230149,-0.7429945,-2.703748,-0.1273375
347,TRANSFER,6944.92,C100539,210551.59,203606.68,C100846,49947.78,56892.7,11,694,0,1,1,1,1.2222134454503888,0.03298441013910178,0,0.0,-2.5867443,-1.2727561,-3.8894126,0.2230149,-0.7429945,-2.703748,-0.1273375
347,TRANSFER,12332.27,C101152,163113.06,150780.8,C101418,116299.35,128631.62,11,335,0,1,1,1,0.6910774611771665,0.0756056565918143,12,0.0,-2.6011677,-1.28071,-3.8894126,0.22181885,-0.74246174,-2.7066448,-0.10140055
347,TRANSFER,52363.4,C101368,142019.87,89656.47,C101321,67793.07,120156.47,11,419,0,1,1,1,0.5556791931262444,0.36870474532894587,0,0.0,-2.5867443,-1.2727561,-3.8894126,0.2230149,-0.7429945,-2.703748,-0.1273375
347,TRANSFER,16988.13,C101806,36384.08,19395.95,C100091,210088.64,227076.77,11,670,0,0,1,1,0.3002212722835389,0.4669110775921777,0,0.0,-2.3507016,-1.4610878,-3.8880417,-0.61479807,-0.71769863,-2.7883985,-0.18055879
347,TRANSFER,2688.38,C101640,15260.04,12571.65,C100645,81821.41,84509.79,11,563,0,0,1,1,0.9467840862034,0.17617122890896747,0,0.0,-2.3507016,-1.4610878,-3.8880417,-0.61479807,-0.71769863,-2.7883985,-0.18055879
347,TRANSFER,61356.96,C100769,248668.3,187311.34,C100436,30341.68,91698.65,11,510,0,1,1,1,0.4260840627797861,0.24674218627786493,0,0.0,-2.5867443,-1.2727561,-3.8894126,0.2230149,-0.7429945,-2.703748,-0.1273375
347,TRANSFER,9984.96,C100595,36781.77,26796.81,C100505,297541.33,307526.28,11,427,0,0,1,1,1.1939840469221228,0.27146491318933264,0,0.0,-2.3507016,-1.4610878,-3.8880417,-0.61479807,-0.71769863,-2.7883985,-0.18055879
347,TRANSFER,7616.15,C100962,142247.34,134631.19,C101913,20241.54,27857.69,11,527,0,0,1,1,0.10605434335922649,0.05354159873921017,0,0.0,-2.3507016,-1.4610878,-3.8880417,-0.61479807,-0.71769863,-2.7883985,-0.18055879
348,TRANSFER,13426.31,C100047,179424.09,165997.79,C100645,81821.41,95247.72,12,555,0,1,1,1,0.8736313596875492,0.07483002979142879,0,0.0,-2.5863402,-1.2650838,-3.8894126,0.24856035,-0.7431547,-2.7366734,-0.1278737
348,TRANSFER,30790.43,C100524,957095.7,926305.27,C101930,27791.39,58581.82,12,547,0,1,1,1,0.526474032753409,0.03217069097687932,0,0.0,-2.5863402,-1.2650838,-3.8894126,0.24856035,-0.7431547,-2.7366734,-0.1278737
348,TRANSFER,3168.51,C100965,14473.3,11304.79,C100479,70538.76,73707.27,12,502,0,0,1,1,0.04596330404892336,0.21892104772235774,0,0.0,-2.3502975,-1.4680284,-3.8880417,-0.65513396,-0.71785885,-2.8872056,-0.18109499
348,TRANSFER,16733.42,C101233,280327.38,263593.96,C101715,35142.99,51876.41,12,468,0,0,1,1,0.07886238062628563,0.05969242105426876,0,0.0,-2.3502975,-1.4680284,-3.8880417,-0.65513396,-0.71785885,-2.8872056,-0.18109499
348,TRANSFER,1518.49,C100204,361142.34,359623.84,C101359,120419.24,121937.73,12,634,0,2,1,1,0.047340331245343044,0.004204685609557716,0,0.0,-2.5951092,-1.0964509,-3.5718427,-0.5404966,-0.79891986,-2.742066,-0.11599915
348,TRANSFER,1583880.63,C100578,451154.65,0.0,MULE545824,0.0,1583880.63,2,-236,1,1,1,1,16.82339825038566,2.0,584,100.0,0.5411801,0.3919536,2.2997222,0.10128097,-0.53056484,4.5238247,0.39380917
348,TRANSFER,10534.36,C100011,832858.81,822324.44,C100506,612951.16,623485.53,12,604,0,1,1,1,0.14952454276984198,0.01264843437268797,0,0.0,-2.5863402,-1.2650838,-3.8894126,0.24856035,-0.7431547,-2.7366734,-0.1278737
348,TRANSFER,87249.7,C100176,175823.23,88573.53,C100481,34286.74,121536.44,12,575,0,0,1,1,1.2164358808716362,0.4962353381859723,0,0.0,-2.3502975,-1.4680284,-3.8880417,-0.65513396,-0.71785885,-2.8872056,-0.18109499
348,TRANSFER,8511.81,C100924,43848.86,35337.04,C101810,136086.82,144598.63,12,551,0,0,1,1,0.7546966551792746,0.19411701923379535,0,0.0,-2.3502975,-1.4680284,-3.8880417,-0.65513396,-0.71785885,-2.8872056,-0.18109499
348,TRANSFER,7087.34,C101669,116337.18,109249.84,C101361,6561.3,13648.64,12,374,0,1,1,1,1.149730304087211,0.060920679012504864,0,0.0,-2.5863402,-1.2650838,-3.8894126,0.24856035,-0.7431547,-2.7366734,-0.1278737
348,TRANSFER,7019.64,C101656,74651.0,67631.36,C100712,90244.44,97264.08,12,388,0,1,1,1,0.08925058197033797,0.09403276580353914,0,0.0,-2.5863402,-1.2650838,-3.8894126,0.24856035,-0.7431547,-2.7366734,-0.1278737
348,TRANSFER,21601.11,C100221,39260.46,17659.35,C101222,13442.74,35043.84,12,410,0,0,1,1,1.1996793828679975,0.5502001250112709,0,0.0,-2.3502975,-1.4680284,-3.8880417,-0.65513396,-0.71785885,-2.8872056,-0.18109499
348,TRANSFER,10507.95,C100368,34206.14,23698.19,C101704,184763.56,195271.51,12,593,0,2,1,1,0.08277824262640512,0.3071948486441323,0,0.0,-2.5951092,-1.0964509,-3.5718427,-0.5404966,-0.79891986,-2.742066,-0.11599915
348,TRANSFER,2812.22,C100858,65675.02,62862.8,C101636,71947.49,74759.71,12,631,0,0,1,1,1.2905654289595887,0.042820238197110554,0,0.0,-2.3502975,-1.4680284,-3.8880417,-0.65513396,-0.71785885,-2.8872056,-0.18109499
348,TRANSFER,2942.58,C100503,176547.3,173604.72,C101543,160404.53,163347.11,12,658,0,0,1,1,1.0050372069564883,0.016667374692221293,0,0.0,-2.3502975,-1.4680284,-3.8880417,-0.65513396,-0.71785885,-2.8872056,-0.18109499
348,TRANSFER,22679.87,C100516,100025.4,77345.54,C100138,144771.77,167451.64,12,347,0,2,1,1,0.7762502588176886,0.22674110775862932,1,0.0,-2.6095324,-1.0964509,-3.5718427,-0.5416926,-0.7983872,-2.742066,-0.10091261
348,TRANSFER,6713.03,C100525,223881.24,217168.21,C101094,883327.42,890040.45,12,661,0,0,1,1,0.7977658238763007,0.02998478121704168,0,0.0,-2.3502975,-1.4680284,-3.8880417,-0.65513396,-0.71785885,-2.8872056,-0.18109499
348,TRANSFER,10380.17,C100321,446562.54,436182.37,C101558,198280.62,208660.79,12,532,0,0,1,1,0.14747104124893656,0.023244605335682657,0,0.0,-2.3502975,-1.4680284,-3.8880417,-0.65513396,-0.71785885,-2.8872056,-0.18109499
349,TRANSFER,31401.41,C100353,125124.88,93723.47,C101812,52458.42,83859.83,13,717,0,1,1,1,0.3453375578618469,0.25096056036177616,0,0.0,-2.5863402,-1.2650838,-3.8894126,0.24856035,-0.74875313,-2.7310748,-0.1278737
349,TRANSFER,36367.27,C100216,100060.8,63693.53,C101331,94692.01,131059.28,13,533,0,2,1,1,1.5352085438182383,0.3634517213534171,0,0.0,-2.5951092,-1.0964509,-3.5718427,-0.5404966,-0.8045183,-2.7364674,-0.11599915
349,TRANSFER,16379.3,C100774,59096.25,42716.95,C100547,1115449.07,1131828.38,13,578,0,1,1,1,1.2461142220777968,0.2771631025657296,0,0.0,-2.5863402,-1.2650838,-3.8894126,0.24856035,-0.74875313,-2.7310748,-0.1278737
349,TRANSFER,2292.17,C101327,106613.37,104321.2,C100442,30762.68,33054.84,13,707,0,0,1,1,0.8581923586109398,0.021499836277570065,0,0.0,-2.3502975,-1.4680284,-3.8880417,-0.65513396,-0.7234573,-2.881607,-0.18109499
349,TRANSFER,35123.68,C100798,196424.8,161301.13,C100603,126203.13,161326.8,13,409,0,0,1,1,0.33686908283669764,0.17881489506416706,0,0.0,-2.3502975,-1.4680284,-3.8880417,-0.65513396,-0.7234573,-2.881607,-0.18109499
349,TRANSFER,62375.22,C100760,74850.26,12475.04,C100957,113160.16,175535.38,13,643,0,1,1,1,0.6239668029824391,0.8333333778666902,0,0.0,-2.5863402,-1.2650838,-3.8894126,0.24856035,-0.74875313,-2.7310748,-0.1278737
349,TRANSFER,15833.11,C101435,185617.32,169784.22,C100988,128846.79,144679.9,13,330,0,1,1,1,1.1637787640553996,0.085299744657449,19,0.0,-2.6007633,-1.2730377,-3.8894126,0.2473643,-0.7482204,-2.7339716,-0.101936735
349,TRANSFER,7411.44,C101583,91674.69,84263.25,C100779,29347.34,36758.79,13,531,0,0,1,1,1.1635417957163523,0.08084499658520797,0,0.0,-2.3502975,-1.4680284,-3.8880417,-0.65513396,-0.7234573,-2.881607,-0.18109499
349,TRANSFER,9697.32,C100834,178424.59,168727.28,C100957,113160.16,122857.48,13,449,0,1,1,1,1.501441621519163,0.05434968352736582,0,0.0,-2.5863402,-1.2650838,-3.8894126,0.24856035,-0.74875313,-2.7310748,-0.1278737
349,TRANSFER,32550.1,C101643,45392.75,12842.65,C100966,535998.94,568549.04,13,494,0,2,1,1,1.3077610255868384,0.7170770662715962,0,0.0,-2.5951092,-1.0964509,-3.5718427,-0.5404966,-0.8045183,-2.7364674,-0.11599915
349,TRANSFER,1705877.9,C100878,36404.84,0.0,MULE349298,0.0,1705877.9,3,545,1,1,1,1,21.046742965262965,2.0,0,100.0,4.508539,0.3001809,2.3985837,0.08619858,-0.41738838,4.162369,-0.14557423
349,TRANSFER,11399.35,C101808,87672.56,76273.21,C101555,72891.93,84291.28,13,716,0,0,1,1,0.7889588414957374,0.13002186773147723,0,0.0,-2.3502975,-1.4680284,-3.8880417,-0.65513396,-0.7234573,-2.881607,-0.18109499
349,TRANSFER,18598.79,C101808,87672.56,69073.77,C100128,163856.58,182455.37,13,716,0,0,1,1,1.2872382909220705,0.2121392371797972,0,0.0,-2.3502975,-1.4680284,-3.8880417,-0.65513396,-0.7234573,-2.881607,-0.18109499
349,TRANSFER,1876.94,C100534,80020.52,78143.58,C100830,32916.49,34793.43,13,422,0,0,1,1,0.6774942679307174,0.023455733604330488,0,0.0,-2.3502975,-1.4680284,-3.8880417,-0.65513396,-0.7234573,-2.881607,-0.18109499
349,TRANSFER,9515.95,C101383,44236.64,34720.7,C100396,58087.63,67603.57,13,558,0,0,1,1,0.17175301305435856,0.21511466512827376,0,0.0,-2.3502975,-1.4680284,-3.8880417,-0.65513396,-0.7234573,-2.881607,-0.18109499
349,TRANSFER,988459.21,C101722,303194.72,0.0,C101627,3694.18,992153.38,23,644,1,0,1,1,6.859997819183792,2.0,0,97.5,-0.34652704,0.21060403,2.0782871,-0.26036114,-0.7820006,2.8294578,-0.08351439
349,TRANSFER,8826.39,C100790,582747.02,573920.64,C101975,140831.68,149658.07,13,433,0,0,1,1,1.2981084868365318,0.015146177838884528,0,0.0,-2.3502975,-1.4680284,-3.8880417,-0.65513396,-0.7234573,-2.881607,-0.18109499
349,TRANSFER,6401.92,C101297,91756.38,85354.46,C101984,37530.1,43932.03,13,450,0,0,1,1,0.11378863294519886,0.06977084318278468,0,0.0,-2.3502975,-1.4680284,-3.8880417,-0.65513396,-0.7234573,-2.881607,-0.18109499
349,TRANSFER,1760.33,C101197,77054.26,75293.93,C101178,209511.0,211271.33,13,386,0,2,1,1,0.3821367747888354,0.02284533003107161,0,0.0,-2.5951092,-1.0964509,-3.5718427,-0.5404966,-0.8045183,-2.7364674,-0.11599915
349,TRANSFER,13426.25,C101970,16111.49,2685.25,C100842,198089.68,211515.93,13,615,0,0,1,1,0.06756494955809372,0.8333338505625488,0,0.0,-2.3502975,-1.4680284,-3.8880417,-0.65513396,-0.7234573,-2.881607,-0.18109499
349,TRANSFER,3053.65,C100832,316347.82,313294.16,C100680,433408.72,436462.38,13,417,0,1,1,1,0.04200745497279681,0.009652824539773975,0,0.0,-2.5863402,-1.2650838,-3.8894126,0.24856035,-0.74875313,-2.7310748,-0.1278737
350,TRANSFER,1147711.14,C101664,80610.88,0.0,MULE704406,0.0,1147711.14,4,536,1,0,1,1,9.23241038730735,2.0,0,99.8,0.22155945,-0.06087747,2.3067822,-0.33883223,-0.512498,4.6765394,-0.23258962
350,TRANSFER,30833.33,C101889,41314.55,10481.22,C100670,226222.67,257056.0,14,579,0,0,1,1,1.2731857735637755,0.7463068095864532,0,0.0,-2.3154733,-1.8254687,-4.3030157,-0.5675392,-0.721397,-1.2288578,-0.12701531
350,TRANSFER,44294.97,C101135,53153.96,8858.99,C101122,225298.84,269593.81,14,618,0,2,1,1,0.9704641458622074,0.8333333960442458,0,0.0,-2.5602853,-1.4538914,-3.986817,-0.50354797,-0.80678326,-1.1343645,-0.061919503
350,TRANSFER,14120.05,C101275,25377.45,11257.4,C101743,210694.74,224814.79,14,617,0,0,1,1,1.0401135388525762,0.5564014508943964,0,0.0,-2.3154733,-1.8254687,-4.3030157,-0.5675392,-0.721397,-1.2288578,-0.12701531
350,TRANSFER,7294.42,C100595,36781.77,29487.35,C100862,38557.99,45852.41,14,427,0,1,1,1,0.8722539811426056,0.19831617673646484,0,0.0,-2.5515163,-1.6225241,-4.3043866,0.33615515,-0.74669296,-1.0783259,-0.07379407
350,TRANSFER,270076.84,C101769,324092.21,54015.37,C100922,21428.07,291504.91,14,490,0,0,1,1,1.2465049890533633,0.833333328190764,0,0.0,-2.3154733,-1.8254687,-4.3030157,-0.5675392,-0.721397,-1.2288578,-0.12701531
350,TRANSFER,15837.94,C101156,2436604.56,2420766.63,C101210,103719.69,119557.63,14,711,0,2,1,1,1.1839651933687565,0.006500004251818358,0,0.0,-2.5602853,-1.4538914,-3.986817,-0.50354797,-0.80678326,-1.1343645,-0.061919503
350,TRANSFER,22162.55,C101145,154321.08,132158.53,C101941,68513.86,90676.41,14,489,0,1,1,1,0.8908749487735498,0.14361323806183834,0,0.0,-2.5515163,-1.6225241,-4.3043866,0.33615515,-0.74669296,-1.0783259,-0.07379407
350,TRANSFER,88403.63,C100324,106084.35,17680.73,C100709,86161.2,174564.82,14,528,0,1,1,1,1.0573654400547272,0.8333333804656389,0,0.0,-2.5515163,-1.6225241,-4.3043866,0.33615515,-0.74669296,-1.0783259,-0.07379407
350,TRANSFER,27783.82,C101652,274822.08,247038.26,C100125,124469.74,152253.56,14,707,0,1,1,1,0.2991192851075364,0.10109748095931738,0,0.0,-2.5515163,-1.6225241,-4.3043866,0.33615515,-0.74669296,-1.0783259,-0.07379407
350,TRANSFER,1242641.25,C101225,48514.86,0.0,C101652,274822.08,1517463.34,9,-395,0,1,1,1,13.199447540086036,2.0,745,1.5,-1.0884687,0.26729497,1.6078355,0.17057799,-1.1010206,-4.9813886,0.8853385
350,TRANSFER,6962.55,C100625,81948.01,74985.45,C101201,398791.89,405754.44,14,621,0,2,1,1,0.9460342856772561,0.08496301496522003,0,0.0,-2.5602853,-1.4538914,-3.986817,-0.50354797,-0.80678326,-1.1343645,-0.061919503
350,TRANSFER,14259.69,C101189,19255.25,4995.56,C101277,7848.35,22108.04,14,545,0,0,1,1,1.1298745402131458,0.7405611456615728,0,0.0,-2.3154733,-1.8254687,-4.3030157,-0.5675392,-0.721397,-1.2288578,-0.12701531
350,TRANSFER,9519.54,C101583,91674.69,82155.15,C100275,2498.55,12018.08,14,531,0,1,1,1,1.494498055167909,0.10384043840235511,0,0.0,-2.5515163,-1.6225241,-4.3043866,0.33615515,-0.74669296,-1.0783259,-0.07379407
350,TRANSFER,118810.73,C100838,414823.07,296012.34,C101658,33245.53,152056.26,14,688,0,0,1,1,1.4420140884270878,0.2864130242322347,0,0.0,-2.3154733,-1.8254687,-4.3030157,-0.5675392,-0.721397,-1.2288578,-0.12701531
350,TRANSFER,5562.9,C101180,30198.09,24635.19,C101623,348882.29,354445.19,14,444,0,0,1,1,0.10710315736303085,0.18421363735256102,0,0.0,-2.3154733,-1.8254687,-4.3030157,-0.5675392,-0.721397,-1.2288578,-0.12701531
350,TRANSFER,137319.12,C100642,164782.95,27463.82,C101212,229803.02,367122.14,14,648,0,1,1,1,1.027832695373954,0.8333333029903882,0,0.0,-2.5515163,-1.6225241,-4.3043866,0.33615515,-0.74669296,-1.0783259,-0.07379407
350,TRANSFER,7602.65,C100435,31269.11,23666.46,C100876,20198.52,27801.17,14,473,0,1,1,1,1.0648626190485142,0.24313611740148663,0,0.0,-2.5515163,-1.6225241,-4.3043866,0.33615515,-0.74669296,-1.0783259,-0.07379407
350,TRANSFER,15291.08,C101450,18349.29,3058.22,C101822,91445.17,106736.25,14,601,0,0,1,1,0.11014185881148988,0.8333336058234405,0,0.0,-2.3154733,-1.8254687,-4.3030157,-0.5675392,-0.721397,-1.2288578,-0.12701531
350,TRANSFER,1962.81,C101218,1441091.97,1439129.16,C101042,33936.12,35898.93,14,571,0,0,1,1,0.5536524659653794,0.0013620296558865706,0,0.0,-2.3154733,-1.8254687,-4.3030157,-0.5675392,-0.721397,-1.2288578,-0.12701531
351,TRANSFER,22757.86,C100171,27309.43,4551.57,C101021,598081.93,620839.79,15,596,0,0,1,1,0.36443938312174534,0.8333333943623137,0,0.0,-2.3022633,-1.6976554,-4.3030157,-0.5784466,-0.73515767,-1.5700923,-0.1342198
351,TRANSFER,8698.18,C101576,148385.68,139687.5,C101306,176587.58,185285.76,15,427,0,0,1,1,0.12225353451207084,0.05861872924664968,0,0.0,-2.3022633,-1.6976554,-4.3030157,-0.5784466,-0.73515767,-1.5700923,-0.1342198
351,TRANSFER,21910.41,C100311,138011.16,116100.76,C101242,134786.88,156697.28,15,476,0,1,1,1,1.023817923627696,0.1587582482460114,0,0.0,-2.5383062,-1.4947108,-4.3043866,0.3252477,-0.76045364,-1.4195604,-0.08099857
351,TRANSFER,13848.92,C101972,130811.77,116962.85,C100783,354751.62,368600.54,15,526,0,0,1,1,0.15599785888913956,0.10586906667496357,0,0.0,-2.3022633,-1.6976554,-4.3030157,-0.5784466,-0.73515767,-1.5700923,-0.1342198
351,TRANSFER,21098.37,C100029,55620.12,34521.76,C101471,68607.56,89705.93,15,616,0,2,1,1,0.3884965383834475,0.3793298180586449,0,0.0,-2.5470753,-1.326078,-3.986817,-0.40315503,-0.81106037,-1.3642987,-0.06912399
351,TRANSFER,8986.79,C101795,80380.0,71393.21,C101829,25584.24,34571.03,15,543,0,0,1,1,0.13205018074083708,0.11180380691714357,0,0.0,-2.3022633,-1.6976554,-4.3030157,-0.5784466,-0.73515767,-1.5700923,-0.1342198
351,TRANSFER,17182.47,C101864,20618.97,3436.49,C100616,97823.41,115005.89,15,462,0,0,1,1,1.0426302726931196,0.8333330908381942,0,0.0,-2.3022633,-1.6976554,-4.3030157,-0.5784466,-0.73515767,-1.5700923,-0.1342198
351,TRANSFER,20098.04,C101103,349120.81,329022.77,C100737,74445.25,94543.29,15,713,0,0,1,1,0.19769813429847705,0.05756757954359696,0,0.0,-2.3022633,-1.6976554,-4.3030157,-0.5784466,-0.73515767,-1.5700923,-0.1342198
351,TRANSFER,23528.24,C101460,111545.15,88016.92,C100653,36600.94,60129.17,15,696,0,0,1,1,0.65193092203616,0.21093019284119482,0,0.0,-2.3022633,-1.6976554,-4.3030157,-0.5784466,-0.73515767,-1.5700923,-0.1342198
351,TRANSFER,25622.88,C101055,30747.46,5124.58,C100508,292526.72,318149.6,15,645,0,0,1,1,0.4358540126317967,0.8333332249232945,0,0.0,-2.3022633,-1.6976554,-4.3030157,-0.5784466,-0.73515767,-1.5700923,-0.1342198
351,TRANSFER,12507.43,C101632,45100.31,32592.89,C100196,79509.48,92016.91,15,474,0,0,1,1,0.7739938097829451,0.2773247013158003,0,0.0,-2.3022633,-1.6976554,-4.3030157,-0.5784466,-0.73515767,-1.5700923,-0.1342198
351,TRANSFER,30243.97,C100777,56581.62,26337.65,C101052,33381.55,63625.52,15,464,0,0,1,1,0.2480583004840029,0.534519336844721,0,0.0,-2.3022633,-1.6976554,-4.3030157,-0.5784466,-0.73515767,-1.5700923,-0.1342198
351,TRANSFER,18900.37,C101510,182198.05,163297.68,C100754,360342.98,379243.34,15,412,0,0,1,1,1.3268770445199778,0.10373530342393895,0,0.0,-2.3022633,-1.6976554,-4.3030157,-0.5784466,-0.73515767,-1.5700923,-0.1342198
351,TRANSFER,5321.54,C100128,163856.58,158535.04,C100735,60880.03,66201.57,15,328,0,2,1,1,0.7747553088638406,0.03247681600580215,23,0.0,-2.5614984,-1.3085607,-3.986817,-0.40435106,-0.8105276,-1.3735303,0.02017877
351,TRANSFER,1075.74,C101158,17182.0,16106.26,C100686,11994.79,13070.53,15,545,0,0,1,1,1.011952025706282,0.06260854382493307,0,0.0,-2.3022633,-1.6976554,-4.3030157,-0.5784466,-0.73515767,-1.5700923,-0.1342198
351,TRANSFER,14973.2,C100429,878935.03,863961.83,C101240,375641.93,390615.13,15,646,0,2,1,1,0.8241896930840897,0.017035616386799374,0,0.0,-2.5470753,-1.326078,-3.986817,-0.40315503,-0.81106037,-1.3642987,-0.06912399
351,TRANSFER,11142.95,C101134,52480.24,41337.29,C100078,7426.35,18569.3,15,502,0,1,1,1,0.10248243559357674,0.2123265823479466,0,0.0,-2.5383062,-1.4947108,-4.3043866,0.3252477,-0.76045364,-1.4195604,-0.08099857
351,TRANSFER,5232.32,C100435,31269.11,26036.79,C101701,33865.93,39098.25,15,473,0,2,1,1,0.7328631436275406,0.16733191318844698,0,0.0,-2.5470753,-1.326078,-3.986817,-0.40315503,-0.81106037,-1.3642987,-0.06912399
351,TRANSFER,3337.62,C100503,176547.3,173209.68,C101917,45181.57,48519.2,15,658,0,1,1,1,1.139962985775107,0.018904962013012942,0,0.0,-2.5383062,-1.4947108,-4.3043866,0.3252477,-0.76045364,-1.4195604,-0.08099857
352,TRANSFER,7450.06,C100091,210088.64,202638.57,C100636,66499.43,73949.5,16,470,0,0,1,1,0.062031064054475116,0.03546150805678974,0,0.0,-2.4084365,-1.8530564,-4.405692,-0.42836732,-0.6958916,-0.017503984,-0.10854335
352,TRANSFER,10369.64,C100061,779830.55,769460.91,C101558,198280.62,208650.26,16,715,0,1,1,1,0.1903681169948571,0.013297299009380946,0,0.0,-2.6360533,-1.6033297,-4.407063,0.29044488,-0.70494294,-0.051854037,-0.073058784
352,TRANSFER,5701.69,C100541,161018.42,155316.73,C100004,18292.57,23994.26,16,408,0,0,1,1,0.9109457506339413,0.03541017232686794,0,0.0,-2.4084365,-1.8530564,-4.405692,-0.42836732,-0.6958916,-0.017503984,-0.10854335
352,TRANSFER,10512.92,C101448,51742.83,41229.91,C100381,254844.47,265357.38,16,719,0,0,1,1,0.1463103234666601,0.20317636279268064,0,0.0,-2.4084365,-1.8530564,-4.405692,-0.42836732,-0.6958916,-0.017503984,-0.10854335
352,TRANSFER,3998.46,C100531,189214.08,185215.62,C101212,229803.02,233801.48,16,404,0,0,1,1,0.04142162184629771,0.021131936904484065,0,0.0,-2.4084365,-1.8530564,-4.405692,-0.42836732,-0.6958916,-0.017503984,-0.10854335
352,TRANSFER,3827.05,C100174,147568.96,143741.9,C101040,447596.32,451423.37,16,441,0,0,1,1,1.0269665365355316,0.02593397690137547,0,0.0,-2.4084365,-1.8530564,-4.405692,-0.42836732,-0.6958916,-0.017503984,-0.10854335
352,TRANSFER,1540119.22,C101029,136974.07,0.0,MULE743925,0.0,1540119.22,14,-371,1,1,1,1,13.823250899836314,2.0,723,76.8,0.97620606,0.05738943,1.9296865,0.28723103,-1.0136282,-2.2848794,1.2110565
352,TRANSFER,11475.02,C101275,25377.45,13902.43,C100642,30844.75,42319.76,16,617,0,1,1,1,0.8452748864631564,0.45217387877820664,0,0.0,-2.6360533,-1.6033297,-4.407063,0.29044488,-0.70494294,-0.051854037,-0.073058784
352,TRANSFER,5678.33,C101104,90684.46,85006.13,C100794,369699.14,375377.47,16,343,0,0,1,1,1.1837040941524022,0.06261635124695013,9,0.0,-2.4291375,-1.8594708,-4.405692,-0.4264245,-0.695359,-0.020601923,-0.08080576
352,TRANSFER,90161.38,C100274,114948.6,24787.22,C101764,91303.57,181464.96,16,341,0,2,1,1,1.4474689004328787,0.7843625759687374,11,0.0,-2.6977177,-1.4426508,-4.0894923,-0.6454872,-0.7728982,-0.20582289,-0.034117434
352,TRANSFER,1697235.96,C101176,278091.37,0.0,MULE102473,0.0,1697235.96,23,-83,1,4,0,1,19.72393995365925,2.0,435,100.0,4.3985834,-0.1337647,2.053095,-0.20808111,3.8449008,1.0651278,-0.19339626
352,TRANSFER,10306.68,C100024,19927.0,9620.32,C101277,7848.35,18155.04,16,673,0,0,1,1,1.1342877185568316,0.517221859788227,0,0.0,-2.4084365,-1.8530564,-4.405692,-0.42836732,-0.6958916,-0.017503984,-0.10854335
352,TRANSFER,9375.48,C101804,321097.29,311721.81,C100237,88589.54,97965.03,16,618,0,1,1,1,0.6568894696856871,0.029198253277067522,0,0.0,-2.6360533,-1.6033297,-4.407063,0.29044488,-0.70494294,-0.051854037,-0.073058784
352,TRANSFER,10222.73,C100972,95140.25,84917.52,C100621,43490.15,53712.88,16,330,0,0,1,1,0.6243569923095933,0.10744905547336694,22,0.0,-2.4291375,-1.8355392,-4.405692,-0.4264245,-0.695359,-0.026735501,-0.016101755
352,TRANSFER,1272984.95,C100094,110581.83,0.0,C100356,118195.74,1391180.69,13,-500,0,0,1,1,22.02577462862257,2.0,852,0.5,-0.8020077,-0.68517905,1.7105794,-0.36962846,-1.2877158,-4.6032724,0.60820836
352,TRANSFER,43841.71,C101479,100918.96,57077.25,C101424,2891647.43,2935489.14,16,402,0,1,1,1,0.5984001767585732,0.4344249088575625,0,0.0,-2.6360533,-1.6033297,-4.407063,0.29044488,-0.70494294,-0.051854037,-0.073058784
352,TRANSFER,103587.4,C100838,414823.07,311235.68,C101106,245247.61,348835.01,16,688,0,1,1,1,1.2572474740583792,0.2497146554553969,0,0.0,-2.6360533,-1.6033297,-4.407063,0.29044488,-0.70494294,-0.051854037,-0.073058784
352,TRANSFER,7843.44,C100170,35561.41,27717.97,C100744,335512.03,343355.48,16,328,0,0,1,1,0.04458333897933211,0.2205604333461468,24,0.0,-2.4291375,-1.8355392,-4.405692,-0.4264245,-0.695359,-0.026735501,-0.016101755
353,TRANSFER,10545.05,C101540,122083.34,111538.29,C100976,38518.34,49063.4,17,548,0,0,1,1,1.133252445965232,0.08637583146070545,0,0.0,-2.4048355,-1.5622406,-4.014444,-0.41962254,-0.65570605,-3.0350525,-0.120689884
353,TRANSFER,11243.59,C101958,46409.78,35166.19,C100404,34922.0,46165.58,17,649,0,1,1,1,0.26824179509387175,0.24226768581966993,0,0.0,-2.6324522,-1.3125136,-4.015815,0.2991896,-0.6647574,-3.069403,-0.08520533
353,TRANSFER,19898.79,C101105,104150.26,84251.47,C101251,93556.47,113455.26,17,620,0,0,1,1,0.7681320363453473,0.19105847647427862,0,0.0,-2.4048355,-1.5622406,-4.014444,-0.41962254,-0.65570605,-3.0350525,-0.120689884
353,TRANSFER,7983.84,C101025,100296.29,92312.45,C101323,251348.49,259332.33,17,545,0,2,1,1,0.056890711612665235,0.07960254561758966,0,0.0,-2.6796932,-1.1438808,-3.698245,-0.6355463,-0.73324513,-3.2204752,-0.07220097
353,TRANSFER,4225.52,C101170,353999.71,349774.2,C100919,294956.41,299181.93,17,462,0,1,1,1,0.06685817308091674,0.01193650695363564,0,0.0,-2.6324522,-1.3125136,-4.015815,0.2991896,-0.6647574,-3.069403,-0.08520533
353,TRANSFER,27999.77,C101488,109909.3,81909.54,C100411,653967.61,681967.38,17,498,0,0,1,1,1.5706711666587152,0.2547534194103684,0,0.0,-2.4048355,-1.5622406,-4.014444,-0.41962254,-0.65570605,-3.0350525,-0.120689884
353,TRANSFER,1301407.98,C100389,93527.03,0.0,C101165,19788.13,1321196.11,1,713,1,1,0,1,18.171125573167462,2.0,0,100.0,1.7364076,0.15586007,2.070291,-0.22548021,2.677499,3.8434544,-0.17447971
353,TRANSFER,74227.07,C100417,89072.48,14845.41,C101531,78896.35,153123.42,17,716,0,0,1,1,1.5427044994880945,0.8333333707560406,0,0.0,-2.4048355,-1.5622406,-4.014444,-0.41962254,-0.65570605,-3.0350525,-0.120689884
353,TRANSFER,44911.02,C101055,53893.22,8982.2,C101822,91445.17,136356.19,17,645,0,1,1,1,0.7639519163492501,0.8333333951840324,0,0.0,-2.6324522,-1.3125136,-4.015815,0.2991896,-0.6647574,-3.069403,-0.08520533
353,TRANSFER,980.18,C100829,1968362.24,1967382.06,C101781,10690.3,11670.49,17,422,0,2,1,1,1.0092740053268898,0.0004979672847209262,0,0.0,-2.6796932,-1.1438808,-3.698245,-0.6355463,-0.73324513,-3.2204752,-0.07220097
353,TRANSFER,35844.87,C101517,91847.91,56003.03,C101414,26186.46,62031.33,17,482,0,1,1,1,0.34622321942545936,0.39026331682452003,0,0.0,-2.6324522,-1.3125136,-4.015815,0.2991896,-0.6647574,-3.069403,-0.08520533
353,TRANSFER,37292.31,C101191,44750.77,7458.46,C101830,30915.47,68207.77,17,388,0,2,1,1,1.0658477961566535,0.8333333705766404,0,0.0,-2.6796932,-1.1438808,-3.698245,-0.6355463,-0.73324513,-3.2204752,-0.07220097
353,TRANSFER,17129.55,C100287,1518018.67,1500889.13,C100463,23702.69,40832.24,17,559,0,1,1,1,0.31888216225731464,0.011284149752914436,0,0.0,-2.6324522,-1.3125136,-4.015815,0.2991896,-0.6647574,-3.069403,-0.08520533
353,TRANSFER,4231.97,C101619,71779.3,67547.33,C100826,900387.76,904619.73,17,571,0,1,1,1,0.7063424497901519,0.058958084015865296,0,0.0,-2.6324522,-1.3125136,-4.015815,0.2991896,-0.6647574,-3.069403,-0.08520533
353,TRANSFER,137350.41,C101258,164820.49,27470.08,C100375,5286.44,142636.85,17,679,0,0,1,1,1.9180800507398224,0.8333333434453447,0,0.0,-2.4048355,-1.5622406,-4.014444,-0.41962254,-0.65570605,-3.0350525,-0.120689884
353,TRANSFER,23532.45,C100286,227973.8,204441.35,C100902,336201.76,359734.21,17,484,0,1,1,1,1.4222447411677368,0.10322436174683232,0,0.0,-2.6324522,-1.3125136,-4.015815,0.2991896,-0.6647574,-3.069403,-0.08520533
353,TRANSFER,14632.98,C100569,173378.58,158745.6,C101440,1065241.79,1079874.76,17,593,0,1,1,1,0.8597328854817937,0.08439900707457634,0,0.0,-2.6324522,-1.3125136,-4.015815,0.2991896,-0.6647574,-3.069403,-0.08520533
353,TRANSFER,8715.84,C101797,27819.14,19103.3,C101423,30511.87,39227.71,17,358,0,0,1,1,0.7925453312004288,0.31330371823140474,0,0.0,-2.4048355,-1.5622406,-4.014444,-0.41962254,-0.65570605,-3.0350525,-0.120689884
353,TRANSFER,6338.52,C101839,80538.96,74200.44,C101343,252345.36,258683.88,17,385,0,0,1,1,1.2697095061649877,0.07870128941322312,0,0.0,-2.4048355,-1.5622406,-4.014444,-0.41962254,-0.65570605,-3.0350525,-0.120689884
353,TRANSFER,70093.1,C101198,337630.74,267537.63,C100278,51233.79,121326.9,17,469,0,0,1,1,0.7284848898593014,0.207602838533008,0,0.0,-2.4048355,-1.5622406,-4.014444,-0.41962254,-0.65570605,-3.0350525,-0.120689884
353,TRANSFER,28437.39,C101825,72621.21,44183.82,C100953,4820.75,33258.14,17,444,0,2,1,1,1.085406507540527,0.3915851856503079,0,0.0,-2.6796932,-1.1438808,-3.698245,-0.6355463,-0.73324513,-3.2204752,-0.07220097
354,TRANSFER,15221.2,C101622,34196.88,18975.69,C101040,447596.32,462817.51,18,707,0,0,1,1,0.12744738081532264,0.4451049335494935,0,0.0,-2.412985,-1.5622406,-4.014444,-0.41750395,-0.65570605,-3.0290215,-0.120689884
354,TRANSFER,4656.36,C100685,116938.43,112282.06,C101680,46170.44,50826.8,18,511,0,1,1,1,0.03308701111668887,0.0398189029902317,0,0.0,-2.6337564,-1.3125136,-4.015815,0.2978854,-0.6647574,-3.0667942,-0.08520533
354,TRANSFER,21419.84,C100675,153059.93,131640.09,C100694,529116.36,550536.21,18,600,0,1,1,1,1.082967168435384,0.13994413822089166,0,0.0,-2.6337564,-1.3125136,-4.015815,0.2978854,-0.6647574,-3.0667942,-0.08520533
354,TRANSFER,5848.34,C100160,52794.04,46945.7,C100495,1401101.19,1406949.54,18,371,0,0,1,1,1.1070087232440335,0.11077651947075844,0,0.0,-2.412985,-1.5622406,-4.014444,-0.41750395,-0.65570605,-3.0290215,-0.120689884
354,TRANSFER,6230.69,C100071,18246.03,12015.34,C101595,1965557.82,1971788.51,18,608,0,0,1,1,0.0642380989151352,0.3414819552527317,0,0.0,-2.412985,-1.5622406,-4.014444,-0.41750395,-0.65570605,-3.0290215,-0.120689884
354,TRANSFER,10114.34,C100945,129650.2,119535.86,C101234,55178.19,65292.53,18,421,0,1,1,1,1.203123209521253,0.0780125290975255,0,0.0,-2.6337564,-1.3125136,-4.015815,0.2978854,-0.6647574,-3.0667942,-0.08520533
354,TRANSFER,9798.16,C100471,58695.64,48897.49,C101937,173454.88,183253.04,18,622,0,1,1,1,1.0552710892844561,0.16693164943767544,0,0.0,-2.6337564,-1.3125136,-4.015815,0.2978854,-0.6647574,-3.0667942,-0.08520533
354,TRANSFER,2275.91,C100305,54618.82,52342.91,C100720,121885.89,124161.8,18,542,0,0,1,1,0.5457810734227388,0.041668970512361854,0,0.0,-2.412985,-1.5622406,-4.014444,-0.41750395,-0.65570605,-3.0290215,-0.120689884
354,TRANSFER,8544.36,C100107,28092.43,19548.07,C100105,53397.88,61942.24,18,342,0,0,1,1,0.9901009526693592,0.30415168783903707,12,0.0,-2.433686,-1.5701944,-4.014444,-0.4155612,-0.65517336,-3.0319183,-0.09161406
354,TRANSFER,27476.55,C100859,33936.68,6460.12,C100259,191206.5,218683.05,18,537,0,1,1,1,1.0353582563282098,0.8096416620600483,0,0.0,-2.6337564,-1.3125136,-4.015815,0.2978854,-0.6647574,-3.0667942,-0.08520533
354,TRANSFER,1205385.01,C101091,44441.36,0.0,C101626,104356.89,1309741.9,11,-231,0,1,1,1,19.655776693928473,2.0,585,0.6,-0.8372557,-0.81796837,1.7191473,0.12105199,-1.3297417,-4.473031,0.52870536
354,TRANSFER,19837.03,C101853,64987.93,45150.9,C100032,217810.58,237647.61,18,621,0,3,1,1,0.09999686656458871,0.3052417579695183,0,0.0,-2.5813951,-1.1477658,-3.6166258,-0.64815307,-0.7941816,-3.3244667,-0.07069887
354,TRANSFER,31376.84,C100797,72473.38,41096.54,C101196,20699.49,52076.33,18,715,0,0,1,1,0.9234333298945532,0.43294296471338856,0,0.0,-2.412985,-1.5622406,-4.014444,-0.41750395,-0.65570605,-3.0290215,-0.120689884
354,TRANSFER,9731.59,C101846,88187.23,78455.64,C100199,37195.07,46926.66,18,457,0,1,1,1,0.636751839048456,0.11035146471887143,0,0.0,-2.6337564,-1.3125136,-4.015815,0.2978854,-0.6647574,-3.0667942,-0.08520533
354,TRANSFER,10818.6,C101134,52480.24,41661.64,C100776,192354.33,203172.93,18,502,0,2,1,1,0.09949936755640736,0.20614616091694704,0,0.0,-2.6809976,-1.1438808,-3.698245,-0.6368506,-0.73324513,-3.2178664,-0.07220097
354,TRANSFER,5522.11,C100539,210551.59,205029.48,C100095,253121.9,258644.01,18,694,0,2,1,1,0.9718178307678197,0.026226873898221332,0,0.0,-2.6809976,-1.1438808,-3.698245,-0.6368506,-0.73324513,-3.2178664,-0.07220097
354,TRANSFER,30342.41,C101262,146770.21,116427.8,C100919,294956.41,325298.83,18,436,0,1,1,1,1.0081458008281208,0.20673411859259452,0,0.0,-2.6337564,-1.3125136,-4.015815,0.2978854,-0.6647574,-3.0667942,-0.08520533
354,TRANSFER,2961.33,C101331,94692.01,91730.68,C101782,31751.4,34712.73,18,637,0,1,1,1,0.6923395945594432,0.03127328271941846,0,0.0,-2.6337564,-1.3125136,-4.015815,0.2978854,-0.6647574,-3.0667942,-0.08520533
355,TRANSFER,40710.29,C101890,48852.35,8142.06,C101425,154864.99,195575.28,19,660,0,0,1,1,1.1454157973687322,0.8333332992169261,0,0.0,-2.412985,-1.5622406,-4.014444,-0.41750395,-0.65570605,-3.0290215,-0.120689884
355,TRANSFER,19188.79,C100857,114851.84,95663.05,C100205,69340.38,88529.17,19,443,0,1,1,1,0.30869556300498757,0.16707429328080423,0,0.0,-2.6337564,-1.3125136,-4.015815,0.2978854,-0.6647574,-3.0667942,-0.08520533
355,TRANSFER,5220.6,C100749,242733.32,237512.71,C101324,294231.39,299452.0,19,710,0,0,1,1,0.8753922568380694,0.021507554051499813,0,0.0,-2.412985,-1.5622406,-4.014444,-0.41750395,-0.65570605,-3.0290215,-0.120689884
355,TRANSFER,14520.05,C101470,17424.06,2904.01,C100909,189596.31,204116.36,19,455,0,0,1,1,0.9889338546513342,0.8333333333333333,0,0.0,-2.412985,-1.5622406,-4.014444,-0.41750395,-0.65570605,-3.0290215,-0.120689884
355,TRANSFER,20178.54,C101857,99947.73,79769.2,C101414,26186.46,46365.0,19,572,0,0,1,1,0.5569875796078203,0.20189092838826855,0,0.0,-2.412985,-1.5622406,-4.014444,-0.41750395,-0.65570605,-3.0290215,-0.120689884
355,TRANSFER,21158.66,C100359,650569.22,629410.56,C100174,147568.96,168727.61,19,552,0,0,1,1,1.9118961758622148,0.032523303208227404,0,0.0,-2.412985,-1.5622406,-4.014444,-0.41750395,-0.65570605,-3.0290215,-0.120689884
355,TRANSFER,41000.42,C101260,112301.04,71300.62,C101936,416514.16,457514.58,19,443,0,0,1,1,0.48008940456488775,0.3650938584362175,0,0.0,-2.412985,-1.5622406,-4.014444,-0.41750395,-0.65570605,-3.0290215,-0.120689884
355,TRANSFER,26819.91,C100898,35053.82,8233.91,C101637,490732.94,517552.85,19,334,0,0,1,1,1.0576831652517182,0.7651066274659937,21,0.0,-2.433686,-1.5765291,-4.014444,-0.4155612,-0.65517336,-3.038253,-0.07894457
355,TRANSFER,19332.59,C101285,331346.44,312013.86,C100095,253121.9,272454.48,19,331,0,0,1,1,1.2412676840136327,0.05834554914789487,24,0.0,-2.433686,-1.5447232,-4.014444,-0.4155612,-0.65517336,-3.038253,-0.028248306
355,TRANSFER,5180.21,C100160,52794.04,47613.83,C100754,360342.98,365523.19,19,371,0,1,1,1,0.9805410865708859,0.0981211136711644,0,0.0,-2.6337564,-1.3125136,-4.015815,0.2978854,-0.6647574,-3.0667942,-0.08520533
355,TRANSFER,1648.02,C101711,220100.03,218452.01,C100588,143099.49,144747.52,19,343,0,1,1,1,1.1531964904524339,0.007487595526452223,12,0.0,-2.6481798,-1.3204675,-4.015815,0.29668936,-0.6642246,-3.069691,-0.059268337
355,TRANSFER,1772432.23,C100901,18255.09,0.0,MULE230890,0.0,1772432.23,23,-67,1,4,0,1,15.7656843313571,2.0,422,100.0,3.7286508,1.0159123,2.0687718,-0.35624114,3.2632735,0.99562985,-0.23697911
356,TRANSFER,14028.14,C100996,23108.06,9079.91,C100800,72291.6,86319.74,20,684,0,1,1,1,0.14360936583180958,0.6070669714376715,0,0.0,-2.6663413,-1.7478483,-5.0304165,0.2978854,-0.61763954,-1.6313902,-0.08520533
356,TRANSFER,9545.77,C101004,71794.84,62249.07,C100067,94958.52,104504.29,20,560,0,2,1,1,0.6931067865127384,0.13295899816755635,0,0.0,-2.7135828,-1.5792158,-4.712847,-0.6368506,-0.6861274,-1.7824625,-0.07220097
356,TRANSFER,38116.63,C101181,45739.95,7623.33,C101095,25323.16,63439.79,20,716,0,0,1,1,1.261295711312157,0.833333442646964,0,0.0,-2.44557,-1.9975752,-5.029045,-0.41750395,-0.60858834,-1.5936172,-0.120689884
356,TRANSFER,16727.81,C100266,204872.29,188144.48,C100942,101654.84,118382.66,20,583,0,0,1,1,1.0638813384868613,0.08164993909132368,0,0.0,-2.44557,-1.9975752,-5.029045,-0.41750395,-0.60858834,-1.5936172,-0.120689884
356,TRANSFER,7309.9,C100539,210551.59,203241.69,C100880,142442.86,149752.77,20,694,0,3,1,1,1.2864450655871913,0.03471785703446837,0,0.0,-2.6139798,-1.5831007,-4.6312284,-0.64815307,-0.74706364,-1.889063,-0.07069887
356,TRANSFER,13667.0,C101584,143029.02,129362.02,C101206,175541.13,189208.13,20,512,0,0,1,1,1.1974921240781362,0.09555403511818791,0,0.0,-2.44557,-1.9975752,-5.029045,-0.41750395,-0.60858834,-1.5936172,-0.120689884
356,TRANSFER,6052.81,C100368,34206.14,28153.33,C101223,10797.34,16850.15,20,593,0,1,1,1,0.04768208592080579,0.17695098014566976,0,0.0,-2.6663413,-1.7478483,-5.0304165,0.2978854,-0.61763954,-1.6313902,-0.08520533
356,TRANSFER,21691.5,C101337,177298.43,155606.93,C100758,242844.82,264536.32,20,624,0,1,1,1,0.25074276906297116,0.12234456898462102,0,0.0,-2.6663413,-1.7478483,-5.0304165,0.2978854,-0.61763954,-1.6313902,-0.08520533
356,TRANSFER,3837.98,C100333,94814.33,90976.36,C101424,2891647.43,2895485.41,20,670,0,0,1,1,0.8273059819405794,0.04047890229251211,0,0.0,-2.44557,-1.9975752,-5.029045,-0.41750395,-0.60858834,-1.5936172,-0.120689884
356,TRANSFER,50473.34,C100481,60568.01,10094.67,C100469,100645.05,151118.39,20,525,0,0,1,1,0.8298926526706183,0.8333333058160569,0,0.0,-2.44557,-1.9975752,-5.029045,-0.41750395,-0.60858834,-1.5936172,-0.120689884
356,TRANSFER,135129.42,C100992,162155.3,27025.88,C100091,210088.64,345218.05,20,539,0,0,1,1,1.2951636361811936,0.8333333538897589,0,0.0,-2.44557,-1.9975752,-5.029045,-0.41750395,-0.60858834,-1.5936172,-0.120689884
356,TRANSFER,14212.49,C101150,136568.62,122356.13,C100635,420378.19,434590.68,20,345,0,0,1,1,0.13176133490573272,0.10406848952563189,11,0.0,-2.466271,-2.005529,-5.029045,-0.4155612,-0.60805565,-1.5965139,-0.09161406
356,TRANSFER,45466.49,C101857,99947.73,54481.25,C100335,109271.79,154738.28,20,572,0,1,1,1,1.2550100363238947,0.45490267762959696,0,0.0,-2.6663413,-1.7478483,-5.0304165,0.2978854,-0.61763954,-1.6313902,-0.08520533
357,TRANSFER,1260981.53,C100656,136188.51,0.0,C101195,351604.9,1612586.43,17,127,0,0,1,1,18.546854574696855,2.0,230,0.1,-0.5705756,-0.79377216,1.7496773,-0.16843885,-1.1947625,-5.210111,-0.37741792
357,TRANSFER,8022.58,C100834,178424.59,170402.02,C101544,71705.56,79728.13,21,449,0,2,1,1,1.2421406660775562,0.04496342124143315,0,0.0,-2.7135828,-1.5792158,-4.712847,-0.6368506,-0.6861274,-1.7824625,-0.07220097
357,TRANSFER,160630.61,C101769,242925.06,82294.44,C101494,556251.12,716881.73,21,490,0,1,1,1,0.7413699625620805,0.661235238554639,0,0.0,-2.6663413,-1.7478483,-5.0304165,0.2978854,-0.61763954,-1.6313902,-0.08520533
357,TRANSFER,10204.93,C100546,67895.87,57690.94,C101916,67532.31,77737.24,21,452,0,0,1,1,0.6111461119342293,0.15030266200285822,0,0.0,-2.44557,-1.9975752,-5.029045,-0.41750395,-0.60858834,-1.5936172,-0.120689884
357,TRANSFER,24781.36,C101459,249360.21,224578.85,C100205,69340.38,94121.75,21,358,0,0,1,1,1.2482621852663605,0.09937976872894036,0,0.0,-2.44557,-1.9975752,-5.029045,-0.41750395,-0.60858834,-1.5936172,-0.120689884
357,TRANSFER,1289297.41,C101813,73526.28,0.0,C101008,71362.24,1360659.65,19,-234,0,0,1,1,9.76055979338181,2.0,591,4.9,-0.60751474,0.22289133,1.7863256,-0.15171708,-1.0201523,-4.6214576,1.396581
357,TRANSFER,2404.83,C101469,303665.03,301260.2,C100114,177594.96,179999.79,21,459,0,0,1,1,0.9837471628745748,0.007919351135031913,0,0.0,-2.44557,-1.9975752,-5.029045,-0.41750395,-0.60858834,-1.5936172,-0.120689884
357,TRANSFER,1226570.3,C101897,846680.16,0.0,C100346,79886.4,1306456.7,19,-115,0,2,1,1,19.001793240046858,1.4486819910838586,472,0.0,-0.7837607,-0.77069014,0.54635173,-1.0153354,-1.4478029,-5.421543,-0.26484236
357,TRANSFER,10136.2,C100186,85291.81,75155.61,C100011,832858.81,842995.0,21,616,0,0,1,1,0.6203609765392383,0.11884142217171849,0,0.0,-2.44557,-1.9975752,-5.029045,-0.41750395,-0.60858834,-1.5936172,-0.120689884
357,TRANSFER,12755.6,C101222,15306.72,2551.12,C100310,266116.32,278871.92,21,528,0,0,1,1,0.6374285289916533,0.8333333333333334,0,0.0,-2.44557,-1.9975752,-5.029045,-0.41750395,-0.60858834,-1.5936172,-0.120689884
357,TRANSFER,32675.68,C100398,45567.5,12891.82,C101083,52738.71,85414.4,21,429,0,1,1,1,0.5139530174855996,0.7170830087233225,0,0.0,-2.6663413,-1.7478483,-5.0304165,0.2978854,-0.61763954,-1.6313902,-0.08520533
357,TRANSFER,1465.34,C100305,54618.82,53153.48,C101333,61268.43,62733.78,21,542,0,1,1,1,0.35140002817742183,0.026828481464813776,0,0.0,-2.6663413,-1.7478483,-5.0304165,0.2978854,-0.61763954,-1.6313902,-0.08520533
357,TRANSFER,23607.19,C101179,155753.2,132146.01,C101862,23848.8,47455.99,21,399,0,0,1,1,1.088846296908842,0.15156792926244853,0,0.0,-2.44557,-1.9975752,-5.029045,-0.41750395,-0.60858834,-1.5936172,-0.120689884
357,TRANSFER,55388.97,C101244,176689.12,121300.15,C100821,141308.65,196697.62,21,537,0,0,1,1,1.2855252181847712,0.3134826298302918,0,0.0,-2.44557,-1.9975752,-5.029045,-0.41750395,-0.60858834,-1.5936172,-0.120689884
357,TRANSFER,3150.01,C100909,189596.31,186446.29,C100492,247495.22,250645.23,21,385,0,1,1,1,0.7023756014071996,0.01661430014117891,0,0.0,-2.6663413,-1.7478483,-5.0304165,0.2978854,-0.61763954,-1.6313902,-0.08520533
357,TRANSFER,3460.16,C101362,127849.56,124389.41,C100127,52652.69,56112.85,21,462,0,0,1,1,0.07559996988725882,0.027064309020695888,0,0.0,-2.44557,-1.9975752,-5.029045,-0.41750395,-0.60858834,-1.5936172,-0.120689884
357,TRANSFER,13535.41,C100279,16242.49,2707.08,C100148,63751.45,77286.86,21,443,0,0,1,1,0.1820016509409543,0.8333334359448582,0,0.0,-2.44557,-1.9975752,-5.029045,-0.41750395,-0.60858834,-1.5936172,-0.120689884
358,TRANSFER,32978.83,C101038,39574.59,6595.77,C100118,127786.7,160765.53,22,380,0,1,1,1,1.03751160421901,0.8333334596770302,0,0.0,-2.6663413,-1.7478483,-5.0304165,0.2978854,-0.61763954,-1.6313902,-0.08520533
358,TRANSFER,25031.99,C100565,31893.42,6861.42,C101941,68513.86,93545.85,22,382,0,0,1,1,0.8839521968880859,0.7848637744086399,0,0.0,-2.44557,-1.9975752,-5.029045,-0.41750395,-0.60858834,-1.5936172,-0.120689884
358,TRANSFER,8252.05,C101197,77054.26,68802.21,C100227,197825.06,206077.1,22,386,0,1,1,1,1.7913753514376332,0.10709401401038697,0,0.0,-2.6663413,-1.7478483,-5.0304165,0.2978854,-0.61763954,-1.6313902,-0.08520533
358,TRANSFER,1404257.6,C100962,142247.34,0.0,C101366,102335.08,1506592.68,9,527,0,1,1,1,19.55418652143187,2.0,0,1.2,-0.3893581,-0.26092285,1.5901649,0.082548305,-1.0987381,-3.9878368,-0.39179954
358,TRANSFER,15855.05,C100491,42526.37,26671.33,C101365,21200.47,37055.51,22,490,0,2,1,1,0.832513074693436,0.372828670775333,0,0.0,-2.7135828,-1.5792158,-4.712847,-0.6368506,-0.6861274,-1.7824625,-0.07220097
358,TRANSFER,6309.46,C101122,225298.84,218989.38,C100195,10640.54,16950.0,22,465,0,1,1,1,1.0558487185693917,0.028004849026297695,0,0.0,-2.6663413,-1.7478483,-5.0304165,0.2978854,-0.61763954,-1.6313902,-0.08520533
358,TRANSFER,2210.95,C100301,33927.29,31716.34,C101078,21794.92,24005.87,22,375,0,0,1,1,0.8078506885703532,0.06516730337141574,0,0.0,-2.44557,-1.9975752,-5.029045,-0.41750395,-0.60858834,-1.5936172,-0.120689884
358,TRANSFER,27016.1,C100048,111603.53,84587.43,C100241,37526.69,64542.79,22,674,0,1,1,1,0.5180671199945445,0.24207209216410985,0,0.0,-2.6663413,-1.7478483,-5.0304165,0.2978854,-0.61763954,-1.6313902,-0.08520533
358,TRANSFER,43668.81,C100849,318437.3,274768.49,C100222,109446.62,153115.43,22,431,0,0,1,1,1.2312501952836992,0.1371347200846132,0,0.0,-2.44557,-1.9975752,-5.029045,-0.41750395,-0.60858834,-1.5936172,-0.120689884
358,TRANSFER,28420.35,C100849,318437.3,290016.94,C101977,72794.45,101214.8,22,431,0,0,1,1,0.8013170381224283,0.08924943780141334,0,0.0,-2.44557,-1.9975752,-5.029045,-0.41750395,-0.60858834,-1.5936172,-0.120689884
358,TRANSFER,37455.35,C100446,62860.61,25405.26,C101172,318697.75,356153.1,22,492,0,0,1,1,1.0058628040384634,0.5958477017642686,0,0.0,-2.44557,-1.9975752,-5.029045,-0.41750395,-0.60858834,-1.5936172,-0.120689884
358,TRANSFER,6247.02,C100991,695844.58,689597.55,C101596,59096.95,65343.98,22,577,0,1,1,1,0.06628354507363335,0.00897760818946093,0,0.0,-2.6663413,-1.7478483,-5.0304165,0.2978854,-0.61763954,-1.6313902,-0.08520533
358,TRANSFER,49311.77,C100362,64684.83,15373.06,C100137,272546.6,321858.37,22,569,0,0,1,1,0.49860517523396886,0.7623390213748725,0,0.0,-2.44557,-1.9975752,-5.029045,-0.41750395,-0.60858834,-1.5936172,-0.120689884
358,TRANSFER,7883.9,C101134,52480.24,44596.34,C101657,983154.57,991038.47,22,502,0,3,1,1,0.07250874086092099,0.15022606603933214,0,0.0,-2.6139798,-1.5831007,-4.6312284,-0.64815307,-0.74706364,-1.889063,-0.07069887
358,TRANSFER,25850.47,C101907,31020.56,5170.09,C101911,1806564.41,1832414.87,22,513,0,0,1,1,0.3578579602975074,0.8333334407889477,0,0.0,-2.44557,-1.9975752,-5.029045,-0.41750395,-0.60858834,-1.5936172,-0.120689884
358,TRANSFER,20780.73,C100979,1559065.07,1538284.33,C100387,220194.47,240975.21,22,697,0,1,1,1,1.0072629817483838,0.0133289690083301,0,0.0,-2.6663413,-1.7478483,-5.0304165,0.2978854,-0.61763954,-1.6313902,-0.08520533
358,TRANSFER,93657.79,C100754,360342.98,266685.18,C100938,60991.76,154649.55,22,626,0,1,1,1,1.1558525058896059,0.2599129029792671,0,0.0,-2.6663413,-1.7478483,-5.0304165,0.2978854,-0.61763954,-1.6313902,-0.08520533
358,TRANSFER,21597.72,C100221,39260.46,17662.74,C100986,127088.83,148686.56,22,410,0,1,1,1,1.1994911095288996,0.5501137785955641,0,0.0,-2.6663413,-1.7478483,-5.0304165,0.2978854,-0.61763954,-1.6313902,-0.08520533
359,TRANSFER,13121.01,C101128,41300.37,28179.36,C101138,188136.05,201257.06,23,712,0,0,1,1,1.3096537963238808,0.31769715380273833,0,0.0,-2.3431442,-1.7738352,-5.029045,-0.35394764,-0.57753015,2.5014837,-0.08444215
359,TRANSFER,10502.93,C101638,131242.98,120740.05,C101348,188558.85,199061.79,23,610,0,0,1,1,0.07483990059993162,0.0800266040896054,0,0.0,-2.3431442,-1.7738352,-5.029045,-0.35394764,-0.57753015,2.5014837,-0.08444215
359,TRANSFER,12455.44,C101868,144069.58,131614.14,C101579,19829.93,32285.37,23,391,0,0,1,1,0.20438140031082797,0.08645433685584425,0,0.0,-2.3431442,-1.7738352,-5.029045,-0.35394764,-0.57753015,2.5014837,-0.08444215
359,TRANSFER,60571.64,C100349,242643.46,182071.83,C101613,56605.78,117177.42,23,467,0,2,1,1,0.9923355584247056,0.24963227939463112,0,0.0,-2.6111565,-1.3985485,-4.712847,-0.6889008,-0.6550691,2.1970322,-0.04857337
359,TRANSFER,1440.44,C101024,80459.43,79018.99,C101499,201516.84,202957.29,23,643,0,0,1,1,0.8166235201287233,0.017902687105787355,0,0.0,-2.3431442,-1.7738352,-5.029045,-0.35394764,-0.57753015,2.5014837,-0.08444215
359,TRANSFER,14395.38,C101846,88187.23,73791.86,C100899,260473.73,274869.11,23,457,0,2,1,1,0.9419102827802406,0.16323655930682934,0,0.0,-2.6111565,-1.3985485,-4.712847,-0.6889008,-0.6550691,2.1970322,-0.04857337
359,TRANSFER,47333.63,C101789,56800.36,9466.73,C101847,2642946.52,2690280.15,23,621,0,0,1,1,0.4585118246421216,0.8333332746482592,0,0.0,-2.3431442,-1.7738352,-5.029045,-0.35394764,-0.57753015,2.5014837,-0.08444215
359,TRANSFER,17759.31,C100439,84483.92,66724.62,C101843,909414.15,927173.46,23,500,0,0,1,1,0.8834781517214315,0.2102093510812472,0,0.0,-2.3431442,-1.7738352,-5.029045,-0.35394764,-0.57753015,2.5014837,-0.08444215
359,TRANSFER,1789.11,C101520,41239.78,39450.68,C100459,9897.95,11687.06,23,553,0,0,1,1,0.4784436545691956,0.043383112131054044,0,0.0,-2.3431442,-1.7738352,-5.029045,-0.35394764,-0.57753015,2.5014837,-0.08444215
359,TRANSFER,75792.45,C100642,90950.94,15158.49,C100380,71079.57,146872.02,23,648,0,2,1,1,0.5673059816615169,0.8333333333333333,0,0.0,-2.6111565,-1.3985485,-4.712847,-0.6889008,-0.6550691,2.1970322,-0.04857337
359,TRANSFER,4782.1,C100572,578443.24,573661.13,C101465,1174876.32,1179658.42,23,669,0,0,1,1,0.284735268201602,0.008267189707325477,0,0.0,-2.3431442,-1.7738352,-5.029045,-0.35394764,-0.57753015,2.5014837,-0.08444215
359,TRANSFER,13440.08,C100554,157447.15,144007.06,C100483,94561.94,108002.02,23,572,0,0,1,1,0.09436825043488214,0.08536248512596131,0,0.0,-2.3431442,-1.7738352,-5.029045,-0.35394764,-0.57753015,2.5014837,-0.08444215
359,TRANSFER,19325.47,C101830,30915.47,11590.0,C101927,17923.81,37249.29,23,492,0,1,1,1,0.27919779455170374,0.6251067831089095,0,0.1,-2.563915,-1.567181,-5.0304165,0.24583514,-0.58658135,2.3481047,-0.06157772
359,TRANSFER,8727.21,C100945,129650.2,120923.0,C100976,38518.34,47245.55,23,421,0,1,1,1,1.0381210148527706,0.06731350973619786,0,0.1,-2.563915,-1.567181,-5.0304165,0.24583514,-0.58658135,2.3481047,-0.06157772
359,TRANSFER,9363.85,C101795,80380.0,71016.15,C100428,96741.32,106105.18,23,543,0,1,1,1,0.13759062857038912,0.11649477481960688,0,0.1,-2.563915,-1.567181,-5.0304165,0.24583514,-0.58658135,2.3481047,-0.06157772
359,TRANSFER,15673.2,C101004,71794.84,56121.64,C101089,315934.99,331608.19,23,560,0,3,1,1,1.1380120499835478,0.21830538239238365,0,0.0,-2.511554,-1.4024332,-4.6312284,-0.7002034,-0.71600544,2.0904322,-0.047071267
359,TRANSFER,7560.36,C100868,106671.32,99110.96,C100300,54815.78,62376.14,23,524,0,1,1,1,0.9841444131543519,0.07087528306577624,0,0.1,-2.563915,-1.567181,-5.0304165,0.24583514,-0.58658135,2.3481047,-0.06157772
360,TRANSFER,1203.08,C100305,54618.82,53415.74,C101232,27164.17,28367.25,0,542,0,2,1,1,0.28850802264299935,0.02202683983286347,0,0.0,-3.1631603,-1.496302,-5.413605,-0.23514885,-0.57324165,2.6896653,-0.11812753
360,TRANSFER,14804.97,C100420,17765.96,2960.99,C101592,856996.16,871801.13,0,386,0,1,1,1,0.9517876871630198,0.8333335209580569,0,0.0,-3.154489,-1.6310449,-5.658995,0.23644252,-0.54399574,2.3775933,-0.13000211
360,TRANSFER,24703.89,C100381,254844.47,230140.57,C100383,53081.46,77785.35,0,593,0,1,1,1,0.21635270833127157,0.09693712404275438,0,0.0,-3.154489,-1.6310449,-5.658995,0.23644252,-0.54399574,2.3775933,-0.13000211
360,TRANSFER,1482715.81,C100737,74445.25,0.0,MULE251653,0.0,1482715.81,3,-101,1,5,0,1,15.152485031474274,2.0,461,100.0,0.9135328,1.0932819,2.0576155,-0.04032987,3.422726,3.3342223,-0.09980471
360,TRANSFER,11745.68,C100200,51666.13,39920.45,C101938,107121.73,118867.41,0,600,0,0,1,1,0.1948498464176842,0.22733810331836352,0,0.0,-2.9275367,-1.8225812,-5.6584744,-0.4786451,-0.53900033,2.4156675,-0.16548668
360,TRANSFER,9982.86,C100934,39884.25,29901.39,C101742,12707.15,22690.01,0,716,0,0,1,1,0.6512051158539978,0.25029579345230263,0,0.0,-2.9275367,-1.8225812,-5.6584744,-0.4786451,-0.53900033,2.4156675,-0.16548668
360,TRANSFER,5708.71,C100335,109271.79,103563.08,C100721,464127.99,469836.7,0,582,0,0,1,1,0.0394609407062824,0.052243218492165275,0,0.0,-2.9275367,-1.8225812,-5.6584744,-0.4786451,-0.53900033,2.4156675,-0.16548668
360,TRANSFER,5956.91,C100447,56971.24,51014.33,C101675,1054129.35,1060086.26,0,461,0,0,1,1,0.09842859648568876,0.10455994989752725,0,0.0,-2.9275367,-1.8225812,-5.6584744,-0.4786451,-0.53900033,2.4156675,-0.16548668
360,TRANSFER,12898.41,C100546,67895.87,54997.46,C100151,237468.65,250367.06,0,452,0,1,1,1,0.7724514643053487,0.18997341075385,0,0.0,-3.154489,-1.6310449,-5.658995,0.23644252,-0.54399574,2.3775933,-0.13000211
360,TRANSFER,24684.93,C100565,31893.42,7208.49,C101477,75554.79,100239.72,0,382,0,1,1,1,0.8716965012980836,0.7739819059856234,0,0.0,-3.154489,-1.6310449,-5.658995,0.23644252,-0.54399574,2.3775933,-0.13000211
360,TRANSFER,12057.45,C101584,143029.02,130971.57,C101951,1724819.98,1736877.43,0,512,0,1,1,1,1.056464579751659,0.08430072442641362,0,0.0,-3.154489,-1.6310449,-5.658995,0.23644252,-0.54399574,2.3775933,-0.13000211
360,TRANSFER,9819.05,C100359,650569.22,640750.17,C101216,20326.69,30145.74,0,552,0,1,1,1,0.8872491994105429,0.015093013469035623,0,0.0,-3.154489,-1.6310449,-5.658995,0.23644252,-0.54399574,2.3775933,-0.13000211
361,TRANSFER,33535.85,C101673,40243.03,6707.17,C101869,193964.32,227500.17,1,424,0,0,1,1,0.6130821126564796,0.8333331262581372,0,0.0,-2.9275367,-1.8225812,-5.6584744,-0.4786451,-0.53900033,2.4156675,-0.16548668
361,TRANSFER,11302.74,C101980,146223.76,134921.02,C100843,237560.14,248862.88,1,545,0,1,1,1,0.6658028432133244,0.07729756094358399,0,0.0,-3.154489,-1.6310449,-5.658995,0.23644252,-0.54399574,2.3775933,-0.13000211
361,TRANSFER,20066.61,C101857,99947.73,79881.12,C100486,112254.74,132321.35,1,572,0,2,1,1,0.5538979794788961,0.20077104302418874,0,0.0,-3.1631603,-1.496302,-5.413605,-0.23514885,-0.57324165,2.6896653,-0.11812753
361,TRANSFER,14782.48,C100643,31313.23,16530.75,C101346,134317.44,149099.92,1,445,0,1,1,1,0.2997324797532618,0.4720841637863612,0,0.0,-3.154489,-1.6310449,-5.658995,0.23644252,-0.54399574,2.3775933,-0.13000211
361,TRANSFER,8847.38,C100472,146282.62,137435.24,C101266,3643.42,12490.8,1,648,0,0,1,1,0.15154042823665959,0.060481416042452614,0,0.0,-2.9275367,-1.8225812,-5.6584744,-0.4786451,-0.53900033,2.4156675,-0.16548668
361,TRANSFER,854.34,C101281,248283.0,247428.66,C100066,314098.16,314952.5,1,609,0,1,1,1,0.5560406500509218,0.0034409927381254457,0,0.0,-3.154489,-1.6310449,-5.658995,0.23644252,-0.54399574,2.3775933,-0.13000211
361,TRANSFER,38151.8,C100210,254860.64,216708.84,C101942,36120.36,74272.16,1,591,0,1,1,1,0.26572493776447614,0.14969671268187978,0,0.0,-3.154489,-1.6310449,-5.658995,0.23644252,-0.54399574,2.3775933,-0.13000211
361,TRANSFER,2069.09,C101362,127849.56,125780.48,C101846,88187.23,90256.32,1,462,0,1,1,1,0.045206909996655754,0.0161837866317256,0,0.0,-3.154489,-1.6310449,-5.658995,0.23644252,-0.54399574,2.3775933,-0.13000211
361,TRANSFER,11234.87,C100748,80811.06,69576.19,C101624,91432.41,102667.28,1,718,0,1,1,1,0.08328752775189588,0.1390263906945411,0,0.0,-3.154489,-1.6310449,-5.658995,0.23644252,-0.54399574,2.3775933,-0.13000211
361,TRANSFER,3604.53,C101297,91756.38,88151.85,C101763,0.0,3604.53,16,450,0,1,1,1,0.06406742682038477,0.03928369885560001,0,0.0,-2.6360533,-1.6033297,-4.407063,0.29044488,-0.70494294,-0.051854037,-0.073058784
361,TRANSFER,29034.73,C101003,34841.67,5806.95,C100215,100375.94,129410.67,1,693,0,0,1,1,1.141057158908277,0.8333334768396579,0,0.0,-2.9275367,-1.8225812,-5.6584744,-0.4786451,-0.53900033,2.4156675,-0.16548668
361,TRANSFER,1182.14,C101172,318697.75,317515.61,C101402,41954.61,43136.74,1,374,0,0,1,1,0.11127965177505744,0.0037092825412165607,0,0.0,-2.9275367,-1.8225812,-5.6584744,-0.4786451,-0.53900033,2.4156675,-0.16548668
361,TRANSFER,2153.22,C100052,396622.21,394469.0,C100461,20418.54,22571.76,1,356,0,0,1,1,0.03880771752047149,0.005428894161020382,5,0.0,-2.9482374,-1.8225812,-5.6584744,-0.47670233,-0.53846765,2.4334252,-0.12330755
361,TRANSFER,23808.62,C101396,33367.74,9559.12,C100812,59598.76,83407.38,1,420,0,1,1,1,1.0440213596085897,0.7135221024858142,0,0.0,-3.154489,-1.6310449,-5.658995,0.23644252,-0.54399574,2.3775933,-0.13000211
361,TRANSFER,14971.03,C101510,182198.05,167227.02,C101865,26607.14,41578.17,1,412,0,1,1,1,1.0510226011353176,0.08216899138053345,0,0.0,-3.154489,-1.6310449,-5.658995,0.23644252,-0.54399574,2.3775933,-0.13000211
361,TRANSFER,248064.66,C101338,297677.6,49612.93,C100123,107066.51,355131.17,1,511,0,1,1,1,1.3360900386475338,0.8333333109377394,0,0.0,-3.154489,-1.6310449,-5.658995,0.23644252,-0.54399574,2.3775933,-0.13000211
362,TRANSFER,7640.99,C101523,14724.62,7083.62,C100182,10562.0,18203.0,2,658,0,2,1,1,0.7412144666026838,0.5189261250884573,0,0.0,-3.2061844,-1.5210766,-5.413605,-0.23514885,-0.57324165,2.6205006,-0.11812753
362,TRANSFER,2203.95,C101297,91756.38,89552.43,C100180,0.0,2203.95,16,450,0,2,1,1,0.03917331950095768,0.02401958316141068,0,0.0,-2.6832945,-1.4346969,-4.0894923,-0.64429116,-0.7734308,-0.20292611,-0.06005444
362,TRANSFER,5917.3,C100488,515701.55,509784.25,C101511,18534.66,24451.96,2,470,0,0,1,1,1.0720544036338109,0.011474272280158942,0,0.0,-2.9705603,-1.8473557,-5.6584744,-0.4786451,-0.53900033,2.3465033,-0.16548668
362,TRANSFER,1242439.61,C101236,368351.53,0.0,C100660,4517.78,1246957.39,3,-180,1,5,0,1,13.724211080968887,2.0,542,100.0,0.660472,-0.1816566,2.0519776,-0.13477048,3.5715156,3.7664173,-0.03542348
362,TRANSFER,12824.09,C100449,263794.32,250970.23,C100537,14096.61,26920.7,2,541,0,0,1,1,0.21752831120029706,0.04861397318941515,0,0.0,-2.9705603,-1.8473557,-5.6584744,-0.4786451,-0.53900033,2.3465033,-0.16548668
362,TRANSFER,18232.33,C100200,51666.13,33433.8,C100638,219070.91,237303.25,2,600,0,1,1,1,0.30245730347979316,0.3528874719279343,0,0.0,-3.1975121,-1.6558194,-5.658995,0.23644252,-0.54399574,2.3084285,-0.13000211
362,TRANSFER,1478566.97,C100111,179084.25,0.0,MULE997381,0.0,1478566.97,1,7,1,2,0,1,11.410544292279493,2.0,355,100.0,1.1226267,-0.7431431,2.066862,-0.5802314,2.8511865,3.7709472,-0.25973892
362,TRANSFER,9604.78,C101996,332366.15,322761.36,C101524,32710.56,42315.34,2,519,0,0,1,1,0.5118746718770893,0.0288981895418652,0,0.0,-2.9705603,-1.8473557,-5.6584744,-0.4786451,-0.53900033,2.3465033,-0.16548668
362,TRANSFER,17500.66,C101677,205460.53,187959.87,C100644,560436.06,577936.72,2,460,0,0,1,1,0.9755563400106131,0.08517772245598705,0,0.0,-2.9705603,-1.8473557,-5.6584744,-0.4786451,-0.53900033,2.3465033,-0.16548668
362,TRANSFER,7310.21,C100471,58695.64,51385.44,C100369,254406.7,261716.91,2,622,0,2,1,1,0.7873165236736412,0.1245443443499381,0,0.0,-3.2061844,-1.5210766,-5.413605,-0.23514885,-0.57324165,2.6205006,-0.11812753
362,TRANSFER,3326.08,C100277,949249.54,945923.46,C100671,553033.44,556359.52,2,393,0,0,1,1,0.0579085201557549,0.003503904779348115,0,0.0,-2.9705603,-1.8473557,-5.6584744,-0.4786451,-0.53900033,2.3465033,-0.16548668
362,TRANSFER,18142.17,C101986,25622.7,7480.53,C101036,116650.09,134792.26,2,703,0,0,1,1,1.153651753367947,0.7080506738165766,0,0.0,-2.9705603,-1.8473557,-5.6584744,-0.4786451,-0.53900033,2.3465033,-0.16548668
362,TRANSFER,27175.36,C101656,74651.0,47475.63,C101799,92977.57,120152.93,2,388,0,2,1,1,0.34551867264609637,0.3640320960201471,0,0.0,-3.2061844,-1.5210766,-5.413605,-0.23514885,-0.57324165,2.6205006,-0.11812753
362,TRANSFER,10931.4,C101639,19628.27,8696.88,C100473,198988.61,209920.01,2,648,0,0,1,1,1.057512918531145,0.5569212161846153,0,0.0,-2.9705603,-1.8473557,-5.6584744,-0.4786451,-0.53900033,2.3465033,-0.16548668
362,TRANSFER,23623.41,C100588,143099.49,119476.08,C100814,99573.21,123196.62,2,505,0,1,1,1,1.3938441560385963,0.16508381686056325,0,0.0,-3.1975121,-1.6558194,-5.658995,0.23644252,-0.54399574,2.3084285,-0.13000211
362,TRANSFER,19870.04,C100987,662121.66,642251.62,C101741,39769.91,59639.96,2,613,0,0,1,1,0.29286370195702793,0.030009651096446537,0,0.0,-2.9705603,-1.8473557,-5.6584744,-0.4786451,-0.53900033,2.3465033,-0.16548668
363,TRANSFER,15963.26,C101659,99227.37,83264.11,C100912,98583.22,114546.48,3,573,0,0,1,1,1.109639668755397,0.16087557293920016,0,0.0,-2.9705603,-1.8473557,-5.6584744,-0.4786451,-0.53900033,2.3465033,-0.16548668
363,TRANSFER,13415.98,C101448,51742.83,38326.85,C101930,27791.39,41207.37,3,719,0,1,1,1,0.18671276614130447,0.25928191403523926,0,0.0,-3.1975121,-1.6558194,-5.658995,0.23644252,-0.54399574,2.3084285,-0.13000211
363,TRANSFER,164048.35,C100676,646245.95,482197.6,C101687,164880.67,328929.02,3,476,0,1,1,1,1.1037288702758163,0.25384816724963616,0,0.0,-3.1975121,-1.6558194,-5.658995,0.23644252,-0.54399574,2.3084285,-0.13000211
363,TRANSFER,1107806.89,C101297,91756.38,0.0,C101379,70705.91,1178512.8,16,450,0,3,1,1,19.690316589456334,2.0,0,0.7,-0.7681651,-0.90411925,1.7589234,-1.4479871,-1.6856688,-1.8261874,-0.08552039
363,TRANSFER,8009.99,C101639,19628.27,11618.29,C101696,42654.9,50664.89,3,648,0,1,1,1,0.7748932343803434,0.4080843599563283,0,0.0,-3.1975121,-1.6558194,-5.658995,0.23644252,-0.54399574,2.3084285,-0.13000211
363,TRANSFER,7418.01,C100069,78025.8,70607.79,C100478,246367.37,253785.38,3,474,0,1,1,1,0.6549153902939759,0.09507124566489546,0,0.0,-3.1975121,-1.6558194,-5.658995,0.23644252,-0.54399574,2.3084285,-0.13000211
363,TRANSFER,85284.6,C100324,102341.52,17056.92,C101628,430339.22,515623.81,3,528,0,1,1,1,1.0200597940253289,0.8333333333333334,0,0.0,-3.1975121,-1.6558194,-5.658995,0.23644252,-0.54399574,2.3084285,-0.13000211
363,TRANSFER,1144105.55,C100352,94400.43,0.0,C101905,1859059.79,3003165.35,17,118,0,0,1,1,9.531823487098107,2.0,245,0.3,-0.6747717,-0.3227343,1.7940946,-0.25177458,-1.0372677,-4.8517995,-0.6120278
363,TRANSFER,13091.05,C100272,210560.79,197469.74,C100730,24257.18,37348.23,3,408,0,0,1,1,1.0728291449887475,0.06217230662935867,0,0.0,-2.9705603,-1.8473557,-5.6584744,-0.4786451,-0.53900033,2.3465033,-0.16548668
363,TRANSFER,6075.73,C100366,378237.13,372161.39,C101731,229032.92,235108.65,3,646,0,1,1,1,0.07580553018025987,0.016063282840582043,0,0.0,-3.1975121,-1.6558194,-5.658995,0.23644252,-0.54399574,2.3084285,-0.13000211
363,TRANSFER,8156.22,C101090,436172.18,428015.97,C100443,239816.9,247973.12,3,695,0,0,1,1,1.1500879849534633,0.018699542001968123,0,0.0,-2.9705603,-1.8473557,-5.6584744,-0.4786451,-0.53900033,2.3465033,-0.16548668
363,TRANSFER,21468.04,C100041,217955.24,196487.2,C100866,182073.63,203541.67,3,436,0,0,1,1,0.9790197443223196,0.09849747131567015,0,0.0,-2.9705603,-1.8473557,-5.6584744,-0.4786451,-0.53900033,2.3465033,-0.16548668
364,TRANSFER,31060.11,C100011,832858.81,801798.7,C100288,316540.86,347600.96,4,604,0,1,1,1,0.4408667205346121,0.037293367887889665,0,0.0,-3.2407174,-1.6998246,-5.658995,0.23644252,-0.5487397,2.1872785,-0.13000211
364,TRANSFER,7658.4,C101058,44080.94,36422.54,C101028,35985.13,43643.53,4,624,0,1,1,1,0.5307688101384993,0.17373495211309012,0,0.0,-3.2407174,-1.6998246,-5.658995,0.23644252,-0.5487397,2.1872785,-0.13000211
364,TRANSFER,25865.26,C101348,188558.85,162693.59,C100088,46387.56,72252.82,4,399,0,1,1,1,0.781134010558768,0.13717340766556435,0,0.0,-3.2407174,-1.6998246,-5.658995,0.23644252,-0.5487397,2.1872785,-0.13000211
364,TRANSFER,4763.69,C100174,147568.96,142805.26,C101464,178036.37,182800.06,4,441,0,1,1,1,1.2783084152098734,0.032281111149661826,0,0.0,-3.2407174,-1.6998246,-5.658995,0.23644252,-0.5487397,2.1872785,-0.13000211
364,TRANSFER,19641.75,C100569,173378.58,153736.83,C100615,43705.31,63347.06,4,593,0,2,1,1,1.1540136324529948,0.11328821587995473,0,0.0,-3.2493896,-1.5650817,-5.413605,-0.23514885,-0.5779855,2.499351,-0.11812753
364,TRANSFER,14972.69,C100569,173378.58,158405.88,C100425,384826.22,399798.91,4,593,0,2,1,1,0.8796918998812545,0.0863583609924594,0,0.0,-3.2493896,-1.5650817,-5.413605,-0.23514885,-0.5779855,2.499351,-0.11812753
364,TRANSFER,11406.5,C101309,57948.97,46542.47,C101637,490732.94,502139.44,4,560,0,0,1,1,1.4513144675355563,0.19683697570465877,0,0.0,-3.013765,-1.8913609,-5.6584744,-0.4786451,-0.54374427,2.2253532,-0.16548668
364,TRANSFER,20855.69,C101806,36384.08,15528.39,C101849,37306.89,58162.58,4,670,0,1,1,1,0.36857039510240847,0.5732092167783271,0,0.0,-3.2407174,-1.6998246,-5.658995,0.23644252,-0.5487397,2.1872785,-0.13000211
364,TRANSFER,17745.06,C100588,143099.49,125354.43,C101887,60094.51,77839.56,4,505,0,2,1,1,1.0470058378343456,0.12400505410606287,0,0.0,-3.2493896,-1.5650817,-5.413605,-0.23514885,-0.5779855,2.499351,-0.11812753
364,TRANSFER,20475.7,C101673,24570.85,4095.14,C100692,91492.86,111968.56,4,424,0,1,1,1,0.37432435480598464,0.8333329941780606,0,0.0,-3.2407174,-1.6998246,-5.658995,0.23644252,-0.5487397,2.1872785,-0.13000211
364,TRANSFER,50772.92,C101774,365333.67,314560.75,C100924,43848.86,94621.78,4,437,0,0,1,1,0.6357209720435181,0.1389768427311942,0,0.0,-3.013765,-1.8913609,-5.6584744,-0.4786451,-0.54374427,2.2253532,-0.16548668
364,TRANSFER,19440.66,C101656,74651.0,55210.34,C100669,44941.09,64381.75,4,388,0,3,1,1,0.24717652456357742,0.26042062397020804,0,0.0,-3.2262688,-1.5898622,-5.402201,-0.16540456,-0.63369834,2.4737978,-0.116349414
364,TRANSFER,4354.26,C100977,84960.92,80606.66,C101936,416514.16,420868.42,4,536,0,0,1,1,0.06590302843992918,0.051250151246008166,0,0.0,-3.013765,-1.8913609,-5.6584744,-0.4786451,-0.54374427,2.2253532,-0.16548668
364,TRANSFER,2168212.52,C101638,131242.98,0.0,MULE308809,0.0,2168212.52,10,610,1,1,1,1,15.449861084128642,2.0,0,99.7,5.82935,1.1969291,2.10322,0.17236704,-0.7977743,-2.7010481,-0.18187064
364,TRANSFER,9292.76,C100944,84244.5,74951.74,C101420,99667.29,108960.05,4,698,0,0,1,1,0.09383262468747848,0.11030702301040424,0,0.0,-3.013765,-1.8913609,-5.6584744,-0.4786451,-0.54374427,2.2253532,-0.16548668
365,TRANSFER,8217.65,C101404,16013.22,7795.57,C101876,25647.12,33864.77,5,719,0,0,1,1,1.135780099223193,0.5131791107597348,0,0.0,-2.3673913,-1.6530298,-3.7581031,-0.6128197,-0.6993303,-2.6518826,-0.21017267
365,TRANSFER,4359.59,C100335,109271.79,104912.2,C101398,10615.91,14975.49,5,582,0,1,1,1,0.030135270927004822,0.03989675651876848,0,0.0,-2.5943441,-1.4646981,-3.7594745,0.19323318,-0.7246261,-2.5989926,-0.15695137
365,TRANSFER,1964889.53,C101451,229814.65,0.0,MULE73683,0.0,1964889.53,23,173,1,5,0,1,20.3835768083243,2.0,192,100.0,4.408315,-0.1993948,2.053095,-0.24790733,3.8072119,1.1469581,0.07575363
365,TRANSFER,7924.88,C101404,16013.22,8088.33,C101443,63061.67,70986.55,5,719,0,0,1,1,1.0953156915580364,0.4948960921038992,0,0.0,-2.3673913,-1.6530298,-3.7581031,-0.6128197,-0.6993303,-2.6518826,-0.21017267
365,TRANSFER,38743.93,C100371,74152.3,35408.37,C100899,260473.73,299217.66,5,354,0,1,1,1,0.7638325953275161,0.5224912780857774,11,0.0,-2.608767,-1.4714916,-3.7594745,0.19203712,-0.7240934,-2.5816138,-0.110738836
365,TRANSFER,36156.39,C101135,43387.67,7231.28,C101737,629914.5,666070.89,5,618,0,3,1,1,0.7921549588770657,0.8333332949199623,0,0.0,-2.475803,-1.2916518,-3.3898907,0.0047643343,-0.84333175,-2.099094,-0.14329872
365,TRANSFER,9241.36,C100523,11377.87,2136.51,C100535,346198.69,355440.06,5,343,0,1,1,1,0.7521265169596725,0.8122223228073444,22,0.0,-2.608767,-1.5007596,-3.7594745,0.19203712,-0.7240934,-2.5605788,-0.02000361
365,TRANSFER,12180.38,C101699,22649.15,10468.77,C101982,64277.43,76457.81,5,700,0,0,1,1,0.7963107381490161,0.5377853032012239,0,0.0,-2.3673913,-1.6530298,-3.7581031,-0.6128197,-0.6993303,-2.6518826,-0.21017267
365,TRANSFER,24162.2,C101996,332366.15,308203.95,C100399,200074.27,224236.47,5,519,0,1,1,1,1.287694064500031,0.07269753553422934,0,0.0,-2.5943441,-1.4646981,-3.7594745,0.19323318,-0.7246261,-2.5989926,-0.15695137
365,TRANSFER,1212.51,C101886,30415.13,29202.62,C100898,35053.82,36266.33,5,435,0,0,1,1,0.2378839742664961,0.039865356485407094,0,0.0,-2.3673913,-1.6530298,-3.7581031,-0.6128197,-0.6993303,-2.6518826,-0.21017267
365,TRANSFER,10054.86,C101523,14724.62,4669.76,C101231,604311.35,614366.21,5,658,0,2,1,1,0.9753719991342302,0.6828604065843465,0,0.0,-2.5982978,-1.2960657,-3.47151,-0.35090783,-0.76111835,-2.3594697,-0.14507683
365,TRANSFER,15294.71,C100873,18353.66,3058.94,C100258,362762.51,378057.23,5,440,0,0,1,1,0.27365587279347425,0.8333329700996966,0,0.0,-2.3673913,-1.6530298,-3.7581031,-0.6128197,-0.6993303,-2.6518826,-0.21017267
365,TRANSFER,11740.36,C100710,92896.97,81156.61,C101725,521461.79,533202.14,5,395,0,0,1,1,0.9066548666142307,0.126380440610711,0,0.0,-2.3673913,-1.6530298,-3.7581031,-0.6128197,-0.6993303,-2.6518826,-0.21017267
365,TRANSFER,66568.05,C101479,100918.96,34350.9,C101474,20518.58,87086.63,5,402,0,1,1,1,0.9085944158308045,0.6596188664647357,0,0.0,-2.5943441,-1.4646981,-3.7594745,0.19323318,-0.7246261,-2.5989926,-0.15695137
366,TRANSFER,12075.61,C100287,1518018.67,1505943.06,C100889,66241.93,78317.54,6,559,0,2,1,1,0.2247984697424072,0.007954849461765843,0,0.0,-2.5982978,-1.2960657,-3.47151,-0.35090783,-0.76111835,-2.3594697,-0.14507683
366,TRANSFER,64082.22,C101110,130894.11,66811.89,C100500,191701.0,255783.22,6,535,0,0,1,1,0.9792850322490488,0.4895729838416717,0,0.0,-2.3673913,-1.6530298,-3.7581031,-0.6128197,-0.6993303,-2.6518826,-0.21017267
366,TRANSFER,2588.71,C100462,81999.39,79410.68,C100461,20418.54,23007.26,6,586,0,0,1,1,0.9341434480394412,0.031569868995366915,0,0.0,-2.3673913,-1.6530298,-3.7581031,-0.6128197,-0.6993303,-2.6518826,-0.21017267
366,TRANSFER,11254.99,C101321,67793.07,56538.08,C100062,136958.74,148213.74,6,627,0,0,1,1,1.4936593467983779,0.16601977163742546,0,0.0,-2.3673913,-1.6530298,-3.7581031,-0.6128197,-0.6993303,-2.6518826,-0.21017267
366,TRANSFER,8461.48,C101265,158604.88,150143.4,C100423,58520.0,66981.49,6,481,0,0,1,1,0.12515823461007725,0.053349430358006635,0,0.0,-2.3673913,-1.6530298,-3.7581031,-0.6128197,-0.6993303,-2.6518826,-0.21017267
366,TRANSFER,6463.9,C100583,148415.39,141951.49,C101837,83645.55,90109.45,6,616,0,0,1,1,1.3654919333937416,0.04355276093671956,0,0.0,-2.3673913,-1.6530298,-3.7581031,-0.6128197,-0.6993303,-2.6518826,-0.21017267
366,TRANSFER,58353.13,C101773,190100.29,131747.16,C100344,261472.1,319825.23,6,611,0,0,1,1,0.5815619054736337,0.30695971058224053,0,0.0,-2.3673913,-1.6530298,-3.7581031,-0.6128197,-0.6993303,-2.6518826,-0.21017267
366,TRANSFER,62335.57,C100035,238996.42,176660.85,C100858,65675.02,128010.59,6,509,0,0,1,1,1.5135916666413736,0.26082219139516816,0,0.0,-2.3673913,-1.6530298,-3.7581031,-0.6128197,-0.6993303,-2.6518826,-0.21017267
366,TRANSFER,32013.35,C101256,45390.07,13376.73,C100261,38494.28,70507.62,6,410,0,0,1,1,1.125385654219629,0.7052941315137871,0,0.0,-2.3673913,-1.6530298,-3.7581031,-0.6128197,-0.6993303,-2.6518826,-0.21017267
366,TRANSFER,14761.38,C100342,17713.66,2952.28,C101970,15116.68,29878.06,6,361,0,0,1,1,1.001320331143135,0.8333331451546433,5,0.0,-2.3880923,-1.6530298,-3.7581031,-0.61087686,-0.6987975,-2.634125,-0.16799358
366,TRANSFER,3811.2,C101066,134294.49,130483.29,C100311,138011.16,141822.37,6,561,0,0,1,1,0.07613059227472141,0.028379421970328046,0,0.0,-2.3673913,-1.6530298,-3.7581031,-0.6128197,-0.6993303,-2.6518826,-0.21017267
366,TRANSFER,14285.34,C100966,535998.94,521713.6,C100976,38518.34,52803.68,6,618,0,0,1,1,1.4854176826570882,0.02665180643827393,0,0.0,-2.3673913,-1.6530298,-3.7581031,-0.6128197,-0.6993303,-2.6518826,-0.21017267
366,TRANSFER,1498.6,C100539,210551.59,209052.99,C101299,118402.95,119901.55,6,694,0,3,1,1,0.26373364550663686,0.0071174955268682605,0,0.0,-2.475803,-1.2916518,-3.3898907,0.0047643343,-0.84333175,-2.099094,-0.14329872
366,TRANSFER,30333.3,C100976,38518.34,8185.04,C101544,71705.56,102038.86,6,654,0,0,1,1,0.727715731851378,0.7875027843879047,0,0.0,-2.3673913,-1.6530298,-3.7581031,-0.6128197,-0.6993303,-2.6518826,-0.21017267
366,TRANSFER,90680.7,C101194,108816.84,18136.14,C100207,166906.13,257586.82,6,390,0,0,1,1,0.8412287846437799,0.8333333333333334,0,0.0,-2.3673913,-1.6530298,-3.7581031,-0.6128197,-0.6993303,-2.6518826,-0.21017267
366,TRANSFER,53129.91,C101838,67345.56,14215.65,C101530,642693.9,695823.81,6,680,0,0,1,1,0.5510301703226279,0.78891481487421,0,0.0,-2.3673913,-1.6530298,-3.7581031,-0.6128197,-0.6993303,-2.6518826,-0.21017267
367,TRANSFER,783.92,C100538,206349.82,205565.9,C100559,0.0,783.92,18,588,0,0,1,1,0.006497353065454441,0.003798985625478132,0,0.0,-2.412985,-1.5622406,-4.014444,-0.41750395,-0.65570605,-3.0290215,-0.120689884
367,TRANSFER,5907.15,C101722,303194.72,297287.57,C100351,208130.71,214037.86,7,644,0,1,1,1,0.04099616423988961,0.01948302397878169,0,0.0,-2.5943441,-1.4646981,-3.7594745,0.19323318,-0.7246261,-2.5989926,-0.15695137
367,TRANSFER,122008.41,C101446,146410.09,24401.68,C100699,35088.24,157096.64,7,380,0,0,1,1,0.8994107653837001,0.8333333447168839,0,0.0,-2.3673913,-1.6530298,-3.7581031,-0.6128197,-0.6993303,-2.6518826,-0.21017267
367,TRANSFER,1526.41,C101711,220100.03,218573.62,C101496,329117.97,330644.38,7,343,0,1,1,1,1.0681002991416972,0.006935074020662333,24,0.0,-2.608767,-1.5007596,-3.7594745,0.19203712,-0.7240934,-2.5605788,-0.02000361
367,TRANSFER,23833.06,C101283,472322.1,448489.04,C101956,39662.38,63495.44,7,410,0,0,1,1,0.7616374087384405,0.050459336965176946,0,0.0,-2.3673913,-1.6530298,-3.7581031,-0.6128197,-0.6993303,-2.6518826,-0.21017267
367,TRANSFER,5992.61,C101213,28847.68,22855.08,C100787,92251.21,98243.82,7,692,0,0,1,1,0.9492986909080002,0.20773282288211736,0,0.0,-2.3673913,-1.6530298,-3.7581031,-0.6128197,-0.6993303,-2.6518826,-0.21017267
367,TRANSFER,4257.62,C100674,74047.3,69789.68,C100851,0.0,4257.62,17,481,0,0,1,1,0.05493929047950975,0.05749865288808639,0,0.0,-2.4048355,-1.5622406,-4.014444,-0.41962254,-0.65570605,-3.0350525,-0.120689884
367,TRANSFER,8738.8,C101090,436172.18,427433.38,C101589,51205.1,59943.9,7,695,0,1,1,1,1.2322361195396059,0.020035207197304512,0,0.0,-2.5943441,-1.4646981,-3.7594745,0.19323318,-0.7246261,-2.5989926,-0.15695137
367,TRANSFER,41323.17,C100646,706744.8,665421.63,C101405,22089.26,63412.42,7,644,0,0,1,1,1.6079559630218798,0.058469719197085,0,0.0,-2.3673913,-1.6530298,-3.7581031,-0.6128197,-0.6993303,-2.6518826,-0.21017267
367,TRANSFER,13891.94,C100047,179424.09,165532.16,C100910,55161.05,69052.99,7,555,0,1,1,1,0.903929257621629,0.07742516626390582,0,0.0,-2.5943441,-1.4646981,-3.7594745,0.19323318,-0.7246261,-2.5989926,-0.15695137
367,TRANSFER,19955.89,C100516,100025.4,80069.51,C101602,18630.81,38586.7,7,347,0,1,1,1,0.6830182350003472,0.19950822491087264,20,0.0,-2.608767,-1.4714916,-3.7594745,0.19203712,-0.7240934,-2.5816138,-0.110738836
367,TRANSFER,43213.22,C100760,51855.87,8642.64,C100937,543590.98,586804.21,7,643,0,1,1,1,0.4322808758025511,0.8333332369122338,0,0.0,-2.5943441,-1.4646981,-3.7594745,0.19323318,-0.7246261,-2.5989926,-0.15695137
367,TRANSFER,5638.21,C100223,38068.7,32430.49,C101646,544549.53,550187.74,7,416,0,0,1,1,1.1520235918732034,0.14810618697249972,0,0.0,-2.3673913,-1.6530298,-3.7581031,-0.6128197,-0.6993303,-2.6518826,-0.21017267
367,TRANSFER,35579.43,C100137,272546.6,236967.17,C101938,107121.73,142701.16,7,549,0,0,1,1,1.2751526592385385,0.1305443913077617,0,0.0,-2.3673913,-1.6530298,-3.7581031,-0.6128197,-0.6993303,-2.6518826,-0.21017267
367,TRANSFER,2841.4,C101469,303665.03,300823.63,C100352,94400.43,97241.83,7,459,0,1,1,1,1.162335461796392,0.00935702079360274,0,0.0,-2.5943441,-1.4646981,-3.7594745,0.19323318,-0.7246261,-2.5989926,-0.15695137
367,TRANSFER,9831.38,C100870,11797.65,1966.28,C101491,31370.59,41201.97,7,712,0,0,1,1,0.5829501009020286,0.8333337571465503,0,0.0,-2.3673913,-1.6530298,-3.7581031,-0.6128197,-0.6993303,-2.6518826,-0.21017267
367,TRANSFER,5817.7,C101669,116337.18,110519.48,C101913,20241.54,26059.24,7,374,0,1,1,1,0.943765360500296,0.05000722898732804,0,0.0,-2.5943441,-1.4646981,-3.7594745,0.19323318,-0.7246261,-2.5989926,-0.15695137
368,TRANSFER,14614.31,C101992,68466.06,53851.75,C101465,1174876.32,1189490.63,8,497,0,0,1,1,0.2514128753941297,0.2134533519235662,0,0.0,-2.3673913,-1.6530298,-3.7581031,-0.6128197,-0.6993303,-2.6518826,-0.21017267
368,TRANSFER,17978.4,C100611,265259.83,247281.43,C100365,583102.95,601081.35,8,449,0,0,1,1,0.3412406500127855,0.06777656458574975,0,0.0,-2.3673913,-1.6530298,-3.7581031,-0.6128197,-0.6993303,-2.6518826,-0.21017267
368,TRANSFER,1046.72,C101839,80538.96,79492.24,C100882,243497.14,244543.86,8,385,0,1,1,1,0.20967518194988985,0.012996442963753194,0,0.0,-2.5943441,-1.4646981,-3.7594745,0.19323318,-0.7246261,-2.5989926,-0.15695137
368,TRANSFER,1291751.93,C101909,16383.13,0.0,C101587,125976.21,1417728.13,15,-306,0,4,1,1,19.137442490035586,2.0,674,0.3,-0.95416063,-0.86587775,1.7334987,-1.3080186,-1.7438154,-3.1051526,0.37481427
368,TRANSFER,11445.26,C101174,250739.35,239294.09,C101313,116525.81,127971.08,8,645,0,0,1,1,0.7906064181218414,0.045646046382428605,0,0.0,-2.3673913,-1.6530298,-3.7581031,-0.6128197,-0.6993303,-2.6518826,-0.21017267
368,TRANSFER,3054.67,C100674,74047.3,70992.63,C101022,0.0,3054.67,17,481,0,1,1,1,0.03941671695666688,0.04125295588090315,0,0.0,-2.6324522,-1.3125136,-4.015815,0.2991896,-0.6647574,-3.069403,-0.08520533
368,TRANSFER,9191.24,C100153,27154.91,17963.67,C101519,217114.95,226306.2,8,673,0,0,1,1,0.09861674932817582,0.3384743311614732,0,0.0,-2.3673913,-1.6530298,-3.7581031,-0.6128197,-0.6993303,-2.6518826,-0.21017267
368,TRANSFER,27134.88,C100347,43039.62,15904.73,C100048,111603.53,138738.42,8,494,0,0,1,1,1.145312910273205,0.6304628154244856,0,0.0,-2.3673913,-1.6530298,-3.7581031,-0.6128197,-0.6993303,-2.6518826,-0.21017267
368,TRANSFER,9022.2,C100195,10826.64,1804.44,C101738,44021.56,53043.76,8,382,0,0,1,1,1.498727191953615,0.8333333333333335,0,0.0,-2.3673913,-1.6530298,-3.7581031,-0.6128197,-0.6993303,-2.6518826,-0.21017267
368,TRANSFER,14435.73,C101256,45390.07,30954.34,C101398,10615.91,25051.64,8,410,0,1,1,1,0.5074683983459377,0.3180371830226303,0,0.0,-2.5943441,-1.4646981,-3.7594745,0.19323318,-0.7246261,-2.5989926,-0.15695137
368,TRANSFER,3344.06,C100174,147568.96,144224.89,C100601,536907.11,540251.18,8,441,0,2,1,1,0.8973589882983002,0.02266099862735361,0,0.0,-2.5982978,-1.2960657,-3.47151,-0.35090783,-0.76111835,-2.3594697,-0.14507683
368,TRANSFER,9711.91,C100475,103133.23,93421.32,C101115,242456.27,252168.18,8,646,0,0,1,1,1.004808891068478,0.09416858174615496,0,0.0,-2.3673913,-1.6530298,-3.7581031,-0.6128197,-0.6993303,-2.6518826,-0.21017267
368,TRANSFER,40736.9,C101587,125976.21,85239.31,C101995,43715.33,84452.23,8,347,0,0,1,1,0.4817067600335745,0.3233697854539361,21,0.0,-2.3880923,-1.720897,-3.7581031,-0.61087686,-0.6987975,-2.6134694,-0.12078228
368,TRANSFER,3572.77,C101331,94692.01,91119.24,C100650,27754.02,31326.79,8,637,0,1,1,1,0.8352902693229535,0.03773042730849203,0,0.0,-2.5943441,-1.4646981,-3.7594745,0.19323318,-0.7246261,-2.5989926,-0.15695137
368,TRANSFER,5749.64,C100637,76363.2,70613.57,C101784,881918.41,887668.04,8,405,0,0,1,1,1.3483350057998027,0.07529333500953339,0,0.0,-2.3673913,-1.6530298,-3.7581031,-0.6128197,-0.6993303,-2.6518826,-0.21017267
368,TRANSFER,17262.55,C100088,46387.56,29125.01,C101545,45302.99,62565.54,8,425,0,0,1,1,0.8140303844791349,0.37213748686070147,0,0.0,-2.3673913,-1.6530298,-3.7581031,-0.6128197,-0.6993303,-2.6518826,-0.21017267
368,TRANSFER,19494.36,C100279,23393.24,3898.87,C101494,556251.12,575745.48,8,443,0,1,1,1,0.2621276861238265,0.8333330483507201,0,0.0,-2.5943441,-1.4646981,-3.7594745,0.19323318,-0.7246261,-2.5989926,-0.15695137
368,TRANSFER,18159.35,C101189,21791.22,3631.87,C100449,263794.32,281953.68,8,545,0,1,1,1,1.438866288945944,0.8333333333333333,0,0.0,-2.5943441,-1.4646981,-3.7594745,0.19323318,-0.7246261,-2.5989926,-0.15695137
368,TRANSFER,37544.3,C100514,114518.08,76973.79,C101797,27819.14,65363.43,8,719,0,0,1,1,1.2263295528558056,0.32784604841436393,0,0.0,-2.3673913,-1.6530298,-3.7581031,-0.6128197,-0.6993303,-2.6518826,-0.21017267
368,TRANSFER,11936.9,C100264,175103.56,163166.66,C101438,70198.43,82135.33,8,370,0,1,1,1,0.1589904470650441,0.06817051577934795,0,0.0,-2.5943441,-1.4646981,-3.7594745,0.19323318,-0.7246261,-2.5989926,-0.15695137
368,TRANSFER,6571.65,C100622,624576.48,618004.82,C100504,425606.39,432178.04,8,604,0,0,1,1,0.12000927315585207,0.010521769887972727,0,0.0,-2.3673913,-1.6530298,-3.7581031,-0.6128197,-0.6993303,-2.6518826,-0.21017267
368,TRANSFER,3349.23,C100538,206349.82,203000.59,C101455,0.0,3349.23,18,588,0,1,1,1,0.027759375711057226,0.016230835578145888,0,0.0,-2.6337564,-1.3125136,-4.015815,0.2978854,-0.6647574,-3.0667942,-0.08520533
369,TRANSFER,14089.89,C101688,2307746.1,2293656.21,C100102,41915.74,56005.62,9,699,0,0,1,1,1.1574147020309156,0.006105476681338558,0,0.0,-2.3673913,-1.6410142,-3.7581031,-0.6128197,-0.6993303,-2.6638985,-0.21017267
369,TRANSFER,12429.22,C100699,35088.24,22659.01,C100652,462271.73,474700.95,9,612,0,0,1,1,1.0780587479785328,0.35422751326370316,0,0.0,-2.3673913,-1.6410142,-3.7581031,-0.6128197,-0.6993303,-2.6638985,-0.21017267
369,TRANSFER,15676.53,C100359,650569.22,634892.69,C101646,544549.53,560226.06,9,552,0,2,1,1,1.4165309976052023,0.024096636480895918,0,0.0,-2.5982978,-1.2840501,-3.47151,-0.35090783,-0.76111835,-2.3714848,-0.14507683
369,TRANSFER,954612.97,C100538,206349.82,0.0,C101232,27164.17,981777.13,18,588,0,2,1,1,7.9121051981733705,2.0,0,0.2,-0.86675906,0.058942914,1.7487977,-1.0898743,-1.1974427,-4.882042,-0.07127322
369,TRANSFER,3225.46,C101394,198897.29,195671.83,C101096,486102.4,489327.86,9,494,0,0,1,1,1.6740163359210467,0.01621671165052073,0,0.0,-2.3673913,-1.6410142,-3.7581031,-0.6128197,-0.6993303,-2.6638985,-0.21017267
369,TRANSFER,1233801.28,C101784,881918.41,0.0,C100710,92896.97,1326698.25,16,235,0,4,1,1,11.917153492717645,1.3989970795597746,134,0.7,-0.8241497,0.03381901,0.42120832,-1.3975589,-1.6164548,-1.385375,-0.21519165
369,TRANSFER,12467.66,C100091,210088.64,197620.97,C100848,253581.14,266048.8,9,470,0,1,1,1,0.1038088573876475,0.05934476038304593,0,0.0,-2.5943441,-1.4526827,-3.7594745,0.19323318,-0.7246261,-2.6110082,-0.15695137
369,TRANSFER,43459.42,C100371,74152.3,30692.88,C100988,128846.79,172306.21,9,354,0,2,1,1,0.8567979957125815,0.5860832367977796,15,0.0,-2.6127212,-1.2908436,-3.47151,-0.35210386,-0.7605856,-2.354106,-0.098864265
369,TRANSFER,2451.68,C100174,147568.96,145117.27,C101561,113101.92,115553.6,9,441,0,3,1,1,0.6578940223653812,0.016613791951911837,0,0.0,-2.475803,-1.2796365,-3.3898907,0.0047643343,-0.84333175,-2.1111095,-0.14329872
369,TRANSFER,149279.62,C101194,179135.55,29855.92,C100418,206794.84,356074.47,9,390,0,1,1,1,1.384840581344049,0.8333333054215091,0,0.0,-2.5943441,-1.4526827,-3.7594745,0.19323318,-0.7246261,-2.6110082,-0.15695137
369,TRANSFER,10154.42,C100816,17069.54,6915.12,C100992,91963.71,102118.13,9,441,0,0,1,1,1.0410445236415298,0.5948853923421487,0,0.0,-2.3673913,-1.6410142,-3.7581031,-0.6128197,-0.6993303,-2.6638985,-0.21017267
369,TRANSFER,16260.51,C100415,502884.49,486623.98,C101864,12595.44,28855.95,9,370,0,0,1,1,0.8733844699398718,0.032334483014180855,0,0.0,-2.3673913,-1.6410142,-3.7581031,-0.6128197,-0.6993303,-2.6638985,-0.21017267
369,TRANSFER,921738.24,C100674,74047.3,0.0,C101426,155903.91,1077642.15,17,481,0,2,1,1,11.893885530750062,2.0,0,0.1,-0.57634497,-0.23244672,1.7503767,-1.3163959,-1.1941453,-4.8390718,-0.16216679
369,TRANSFER,20595.69,C100613,61656.18,41060.49,C101248,281199.15,301794.84,9,473,0,0,1,1,0.996684156419106,0.3340409671828517,0,0.0,-2.3673913,-1.6410142,-3.7581031,-0.6128197,-0.6993303,-2.6638985,-0.21017267
369,TRANSFER,21737.49,C101677,205460.53,183723.04,C101601,1796528.31,1818265.8,9,460,0,1,1,1,1.2117340823384548,0.1057988607349548,0,0.0,-2.5943441,-1.4526827,-3.7594745,0.19323318,-0.7246261,-2.6110082,-0.15695137
369,TRANSFER,10686.81,C100792,38447.33,27760.51,C100691,28611.42,39298.24,9,717,0,0,1,1,0.0939004027368232,0.2779597438885873,0,0.0,-2.3673913,-1.6410142,-3.7581031,-0.6128197,-0.6993303,-2.6638985,-0.21017267
369,TRANSFER,4035.55,C100697,117566.14,113530.59,C100773,81103.64,85139.19,9,571,0,0,1,1,0.1213093123011941,0.034325784617918055,0,0.0,-2.3673913,-1.6410142,-3.7581031,-0.6128197,-0.6993303,-2.6638985,-0.21017267
369,TRANSFER,4701.03,C100795,222065.57,217364.54,C101274,9895.36,14596.38,9,537,0,0,1,1,0.09980851579251086,0.021169558162483268,0,0.0,-2.3673913,-1.6410142,-3.7581031,-0.6128197,-0.6993303,-2.6638985,-0.21017267
369,TRANSFER,22915.97,C100210,254860.64,231944.67,C100612,47878.7,70794.67,9,591,0,1,1,1,0.15960831997605887,0.08991568882507711,0,0.0,-2.5943441,-1.4526827,-3.7594745,0.19323318,-0.7246261,-2.6110082,-0.15695137
369,TRANSFER,4109.73,C100978,47471.34,43361.6,C101479,100918.96,105028.69,9,408,0,0,1,1,0.027276311946745704,0.08657286691296263,0,0.0,-2.3673913,-1.6410142,-3.7581031,-0.6128197,-0.6993303,-2.6638985,-0.21017267
369,TRANSFER,62517.76,C100378,103897.2,41379.44,C101419,431090.46,493608.22,9,453,0,1,1,1,1.0228774358888146,0.6017270917791817,0,0.0,-2.5943441,-1.4526827,-3.7594745,0.19323318,-0.7246261,-2.6110082,-0.15695137
369,TRANSFER,3170.34,C101216,20326.69,17156.35,C100881,288531.2,291701.54,9,431,0,0,1,1,1.3385991921765792,0.15596931915624238,0,0.0,-2.3673913,-1.6410142,-3.7581031,-0.6128197,-0.6993303,-2.6638985,-0.21017267
370,TRANSFER,12850.45,C100818,243639.9,230789.45,C100526,90760.96,103611.42,10,460,0,0,1,1,0.2081246971491863,0.05274361875866802,0,0.0,-2.559749,-1.6295782,-3.8895862,-0.60748893,-0.70966333,-2.3464909,-0.21017267
370,TRANSFER,9396.37,C101891,18102.03,8705.66,C101458,75107.92,84504.3,10,430,0,0,1,1,1.4370589779289908,0.5190782470253337,0,0.0,-2.559749,-1.6295782,-3.8895862,-0.60748893,-0.70966333,-2.3464909,-0.21017267
370,TRANSFER,12263.49,C101936,416514.16,404250.67,C101333,61268.43,73531.92,10,606,0,0,1,1,0.9444833313455903,0.029443152664965822,0,0.0,-2.559749,-1.6295782,-3.8895862,-0.60748893,-0.70966333,-2.3464909,-0.21017267
370,TRANSFER,43845.57,C100035,238996.42,195150.85,C100174,147568.96,191414.53,10,509,0,1,1,1,1.0646295425090524,0.18345701579965087,0,0.0,-2.7867017,-1.4412465,-3.890957,0.19856392,-0.7349593,-2.2936003,-0.15695137
370,TRANSFER,40478.55,C101244,176689.12,136210.57,C100760,42900.63,83379.17,10,537,0,1,1,1,0.9394685768764642,0.2290947512784036,0,0.0,-2.7867017,-1.4412465,-3.890957,0.19856392,-0.7349593,-2.2936003,-0.15695137
370,TRANSFER,7674.34,C101981,72637.19,64962.85,C101963,57174.27,64848.61,10,638,0,0,1,1,1.0016554552478898,0.10565304081834663,0,0.0,-2.559749,-1.6295782,-3.8895862,-0.60748893,-0.70966333,-2.3464909,-0.21017267
370,TRANSFER,41673.42,C100434,73781.05,32107.62,C100993,1738037.66,1779711.08,10,572,0,0,1,1,0.4173438693389547,0.5648255209162786,0,0.0,-2.559749,-1.6295782,-3.8895862,-0.60748893,-0.70966333,-2.3464909,-0.21017267
370,TRANSFER,9051.6,C100536,34947.02,25895.42,C100868,106671.32,115722.92,10,635,0,0,1,1,0.10368331126805663,0.2590092087966299,0,0.0,-2.559749,-1.6295782,-3.8895862,-0.60748893,-0.70966333,-2.3464909,-0.21017267
370,TRANSFER,11263.84,C100183,29647.97,18384.13,C101528,15546.25,26810.09,10,484,0,0,1,1,0.29237829226469114,0.37991943461896377,0,0.0,-2.559749,-1.6295782,-3.8895862,-0.60748893,-0.70966333,-2.3464909,-0.21017267
370,TRANSFER,11769.8,C100435,31269.11,19499.32,C100147,303726.6,315496.4,10,473,0,2,1,1,1.6485330843425914,0.37640342177951336,0,0.0,-2.7936113,-1.2726141,-3.6029925,-0.3931404,-0.77490693,-2.1016405,-0.14507683
370,TRANSFER,33603.03,C100565,40323.63,6720.61,C101730,40826.95,74429.97,10,382,0,2,1,1,1.1866204880473448,0.8333334573301064,0,0.0,-2.7936113,-1.2726141,-3.6029925,-0.3931404,-0.77490693,-2.1016405,-0.14507683
370,TRANSFER,4642.32,C100384,224323.73,219681.4,C101794,16771.37,21413.69,10,602,0,0,1,1,1.6480361250745503,0.0206947343466516,0,0.0,-2.559749,-1.6295782,-3.8895862,-0.60748893,-0.70966333,-2.3464909,-0.21017267
370,TRANSFER,6568.47,C101483,475464.56,468896.09,C101677,205460.53,212029.01,10,508,0,0,1,1,0.09879511134558579,0.013814846683841168,0,0.0,-2.559749,-1.6295782,-3.8895862,-0.60748893,-0.70966333,-2.3464909,-0.21017267
370,TRANSFER,9571.91,C101570,235826.01,226254.11,C100389,93527.03,103098.94,10,584,0,0,1,1,0.7320952974056759,0.04058886464643997,0,0.0,-2.559749,-1.6295782,-3.8895862,-0.60748893,-0.70966333,-2.3464909,-0.21017267
370,TRANSFER,19970.52,C100460,23964.62,3994.1,C100882,243497.14,263467.66,10,497,0,0,1,1,1.072180752333277,0.83333347242727,0,0.0,-2.559749,-1.6295782,-3.8895862,-0.60748893,-0.70966333,-2.3464909,-0.21017267
370,TRANSFER,7036.2,C100333,94814.33,87778.13,C100995,39349.79,46385.99,10,670,0,1,1,1,1.5167067963174128,0.07421030133314237,0,0.0,-2.7867017,-1.4412465,-3.890957,0.19856392,-0.7349593,-2.2936003,-0.15695137
370,TRANSFER,19920.01,C100216,100060.8,80140.78,C101104,90684.46,110604.47,10,533,0,1,1,1,0.8409036351902341,0.19907905993156158,0,0.0,-2.7867017,-1.4412465,-3.890957,0.19856392,-0.7349593,-2.2936003,-0.15695137
370,TRANSFER,4720.66,C101320,14364.16,9643.51,C101873,23056.62,27777.28,10,493,0,0,1,1,0.7095756091031534,0.3286415634468009,0,0.0,-2.559749,-1.6295782,-3.8895862,-0.60748893,-0.70966333,-2.3464909,-0.21017267
370,TRANSFER,23459.38,C100167,28151.26,4691.88,C101025,100296.29,123755.68,10,702,0,0,1,1,1.233975289745321,0.833333214925371,0,0.0,-2.559749,-1.6295782,-3.8895862,-0.60748893,-0.70966333,-2.3464909,-0.21017267
370,TRANSFER,35591.31,C101789,54641.95,19050.65,C101902,15886.47,51477.77,10,621,0,1,1,1,0.3447662156801282,0.6513550486393695,0,0.0,-2.7867017,-1.4412465,-3.890957,0.19856392,-0.7349593,-2.2936003,-0.15695137
370,TRANSFER,19247.23,C100347,43039.62,23792.39,C101717,168371.9,187619.12,10,494,0,1,1,1,0.8123898467948905,0.44719795388528055,0,0.0,-2.7867017,-1.4412465,-3.890957,0.19856392,-0.7349593,-2.2936003,-0.15695137
371,TRANSFER,10279.23,C100066,314098.16,303818.93,C100593,232256.33,242535.56,11,482,0,0,1,1,1.105328372173446,0.03272617069772074,0,0.0,-2.3507016,-1.4610878,-3.8880417,-0.61479807,-0.71769863,-2.7883985,-0.18055879
371,TRANSFER,34779.4,C101643,45392.75,10613.35,C100207,166906.13,201685.52,11,494,0,1,1,1,1.397327314303025,0.7661884331749013,0,0.0,-2.5867443,-1.2727561,-3.8894126,0.2230149,-0.7429945,-2.703748,-0.1273375
371,TRANSFER,45736.02,C100771,197215.05,151479.03,C101631,411976.18,457712.2,11,683,0,0,1,1,0.9231770307342057,0.23190938014112006,0,0.0,-2.3507016,-1.4610878,-3.8880417,-0.61479807,-0.71769863,-2.7883985,-0.18055879
371,TRANSFER,10113.08,C100182,12135.7,2022.62,C100882,243497.14,253610.23,11,682,0,0,1,1,0.1457450769001681,0.8333330586616347,0,0.0,-2.3507016,-1.4610878,-3.8880417,-0.61479807,-0.71769863,-2.7883985,-0.18055879
371,TRANSFER,15883.84,C100478,246367.37,230483.54,C100819,271524.91,287408.75,11,568,0,0,1,1,0.09829793985487387,0.06447217421690218,0,0.0,-2.3507016,-1.4610878,-3.8880417,-0.61479807,-0.71769863,-2.7883985,-0.18055879
371,TRANSFER,14128.52,C100069,78025.8,63897.29,C101487,135758.71,149887.22,11,474,0,1,1,1,1.2473675810731242,0.18107497776376533,0,0.0,-2.5867443,-1.2727561,-3.8894126,0.2230149,-0.7429945,-2.703748,-0.1273375
371,TRANSFER,1374744.7,C101387,54136.19,0.0,C101200,49592.57,1424337.27,13,414,0,0,1,1,18.837748439223667,2.0,0,0.4,-0.10154954,-0.6245143,1.7455621,-0.5835416,-1.1897037,-4.4155526,-0.39171478
371,TRANSFER,33161.11,C100939,40099.95,6938.84,C101719,138278.52,171439.64,11,492,0,0,1,1,0.98985598734173,0.8269613802510977,0,0.0,-2.3507016,-1.4610878,-3.8880417,-0.61479807,-0.71769863,-2.7883985,-0.18055879
371,TRANSFER,2043451.02,C101947,9283.39,0.0,MULE520636,0.0,2043451.02,14,-64,1,4,0,1,17.293254260415402,2.0,435,100.0,4.5790157,1.1962554,1.9896367,-0.20494434,4.51799,-0.3974293,-0.09841388
371,TRANSFER,14991.36,C101995,43715.33,28723.97,C101850,200652.1,215643.46,11,425,0,0,1,1,0.26004166360302255,0.34293141559265367,0,0.0,-2.3507016,-1.4610878,-3.8880417,-0.61479807,-0.71769863,-2.7883985,-0.18055879
371,TRANSFER,39411.9,C101817,123008.74,83596.83,C101534,173772.2,213184.11,11,435,0,0,1,1,0.41106312691242775,0.3203991846433026,0,0.0,-2.3507016,-1.4610878,-3.8880417,-0.61479807,-0.71769863,-2.7883985,-0.18055879
371,TRANSFER,156615.36,C101411,187938.44,31323.07,C100771,197215.05,353830.41,11,424,0,0,1,1,1.0850104156115787,0.833333297860725,0,0.0,-2.3507016,-1.4610878,-3.8880417,-0.61479807,-0.71769863,-2.7883985,-0.18055879
371,TRANSFER,8198.65,C101040,447596.32,439397.67,C100644,560436.06,568634.71,11,488,0,0,1,1,0.175211053223343,0.018317063017855018,0,0.0,-2.3507016,-1.4610878,-3.8880417,-0.61479807,-0.71769863,-2.7883985,-0.18055879
371,TRANSFER,61182.34,C101479,100918.96,39736.62,C100249,399834.71,461017.05,11,402,0,2,1,1,0.8350842855012526,0.6062521849214458,0,0.0,-2.5936542,-1.1041232,-3.5718427,-0.53343344,-0.79624003,-2.6765323,-0.11546296
371,TRANSFER,2658.18,C100950,24255.26,21597.09,C101347,122162.74,124820.91,11,624,0,0,1,1,1.221517898758608,0.10959189882936732,0,0.0,-2.3507016,-1.4610878,-3.8880417,-0.61479807,-0.71769863,-2.7883985,-0.18055879
371,TRANSFER,113840.34,C100753,136608.41,22768.07,C100149,115016.97,228857.32,11,604,0,0,1,1,1.2290947574423936,0.8333333211330107,0,0.0,-2.3507016,-1.4610878,-3.8880417,-0.61479807,-0.71769863,-2.7883985,-0.18055879
371,TRANSFER,13139.77,C101885,105595.6,92455.83,C100085,250819.18,263958.95,11,592,0,0,1,1,0.7151907364348857,0.12443482493588748,0,0.0,-2.3507016,-1.4610878,-3.8880417,-0.61479807,-0.71769863,-2.7883985,-0.18055879
371,TRANSFER,2366975.9,C101025,100296.29,0.0,MULE193339,0.0,2366975.9,4,545,1,1,1,1,16.866438120131257,2.0,0,100.0,4.379318,0.8362692,2.4045799,0.1168335,-0.38280547,3.3495574,-0.19608787
371,TRANSFER,3769.8,C100055,198735.44,194965.64,C101455,35763.3,39533.1,11,473,0,0,1,1,0.03412658383020839,0.01896893679355831,0,0.0,-2.3507016,-1.4610878,-3.8880417,-0.61479807,-0.71769863,-2.7883985,-0.18055879
371,TRANSFER,31034.32,C101986,37241.18,6206.86,C100513,259330.0,290364.32,11,703,0,1,1,1,1.9734572921862126,0.8333334228399852,0,0.0,-2.5867443,-1.2727561,-3.8894126,0.2230149,-0.7429945,-2.703748,-0.1273375
371,TRANSFER,1062195.78,C101698,27599.27,0.0,C100767,808694.96,1870890.74,19,267,0,7,1,1,27.19306366225544,2.0,104,0.0,-0.4201434,-0.8852412,1.6343292,-1.4245363,-1.5664594,-5.539973,-0.034255207
371,TRANSFER,8003.43,C100321,446562.54,438559.11,C100415,502884.49,510887.93,11,532,0,1,1,1,0.11370470384039726,0.017922304902690676,0,0.0,-2.5867443,-1.2727561,-3.8894126,0.2230149,-0.7429945,-2.703748,-0.1273375
371,TRANSFER,9760.05,C100091,210088.64,200328.58,C100133,145642.03,155402.09,11,470,0,2,1,1,0.08126461890573763,0.046456819369195775,0,0.0,-2.5936542,-1.1041232,-3.5718427,-0.53343344,-0.79624003,-2.6765323,-0.11546296
372,TRANSFER,13486.43,C100342,16183.72,2697.29,C100252,221942.49,235428.92,12,361,0,1,1,1,0.9148356423002937,0.8333331273650311,11,0.0,-2.6007633,-1.2730377,-3.8894126,0.2473643,-0.74262196,-2.7395701,-0.101936735
372,TRANSFER,3868.85,C101370,72678.65,68809.8,C101689,498921.51,502790.36,12,440,0,0,1,1,0.09752902512009187,0.053232276603927015,0,0.0,-2.3502975,-1.4680284,-3.8880417,-0.65513396,-0.71785885,-2.8872056,-0.18109499
372,TRANSFER,3509.54,C101466,506333.03,502823.49,C100670,226222.67,229732.21,12,687,0,0,1,1,0.925795054867801,0.006931287891686623,0,0.0,-2.3502975,-1.4680284,-3.8880417,-0.65513396,-0.71785885,-2.8872056,-0.18109499
372,TRANSFER,3796.42,C100904,60434.84,56638.42,C101636,71947.49,75743.91,12,360,0,0,1,1,0.5389734345022388,0.06281840077677049,12,0.0,-2.3709981,-1.4759823,-3.8880417,-0.6531912,-0.7173261,-2.8901024,-0.15201911
372,TRANSFER,6455.0,C101674,19279.15,12824.16,C101115,242456.27,248911.27,12,554,0,0,1,1,0.5960078453925981,0.33481766571659016,0,0.0,-2.3502975,-1.4680284,-3.8880417,-0.65513396,-0.71785885,-2.8872056,-0.18109499
372,TRANSFER,37499.9,C101774,365333.67,327833.77,C101610,214086.46,251586.36,12,437,0,1,1,1,0.46953125562868403,0.10264561708752441,0,0.0,-2.5863402,-1.2650838,-3.8894126,0.24856035,-0.7431547,-2.7366734,-0.1278737
372,TRANSFER,13698.56,C100997,1618854.9,1605156.34,C100547,1115449.07,1129147.64,12,390,0,0,1,1,1.0001940599496992,0.008461882531905732,0,0.0,-2.3502975,-1.4680284,-3.8880417,-0.65513396,-0.71785885,-2.8872056,-0.18109499
372,TRANSFER,12167.79,C101829,25584.24,13416.45,C100605,33624.44,45792.22,12,356,0,0,1,1,1.1949323179710507,0.4755970863312727,16,0.0,-2.3709981,-1.4759823,-3.8880417,-0.6531912,-0.7173261,-2.8901024,-0.15201911
372,TRANSFER,9374.01,C101609,94212.48,84838.48,C101075,35291.18,44665.18,12,584,0,0,1,1,1.039030717738707,0.09949860145916975,0,0.0,-2.3502975,-1.4680284,-3.8880417,-0.65513396,-0.71785885,-2.8872056,-0.18109499
372,TRANSFER,22512.44,C100607,77979.55,55467.11,C100038,29958.33,52470.76,12,422,0,0,1,1,1.127686135497183,0.28869671599797636,0,0.0,-2.3502975,-1.4680284,-3.8880417,-0.65513396,-0.71785885,-2.8872056,-0.18109499
372,TRANSFER,16904.19,C101264,54800.0,37895.81,C100058,47893.58,64797.77,12,366,0,0,1,1,0.2652066553822273,0.3084706204379562,6,0.0,-2.3709981,-1.4680284,-3.8880417,-0.6531912,-0.7173261,-2.8903036,-0.15977167
372,TRANSFER,9618.13,C100945,129650.2,120032.07,C100565,31893.42,41511.55,12,421,0,2,1,1,1.1440979278126548,0.07418523072081647,0,0.0,-2.5951092,-1.0964509,-3.5718427,-0.5404966,-0.79891986,-2.742066,-0.11599915
372,TRANSFER,16458.79,C100047,179424.09,162965.3,C101349,32844.56,49303.35,12,555,0,2,1,1,1.0709506250423118,0.09173121624860965,0,0.0,-2.5951092,-1.0964509,-3.5718427,-0.5404966,-0.79891986,-2.742066,-0.11599915
372,TRANSFER,17687.52,C101174,250739.35,233051.83,C101671,185727.84,203415.36,12,645,0,1,1,1,1.2218042082624976,0.07054146068417262,0,0.0,-2.5863402,-1.2650838,-3.8894126,0.24856035,-0.7431547,-2.7366734,-0.1278737
372,TRANSFER,75932.94,C100642,91119.53,15186.59,C100116,106429.49,182362.43,12,648,0,2,1,1,0.5683575483724971,0.8333333150423405,0,0.0,-2.5951092,-1.0964509,-3.5718427,-0.5404966,-0.79891986,-2.742066,-0.11599915
372,TRANSFER,19115.02,C100125,124469.74,105354.72,C100970,338969.12,358084.13,12,607,0,0,1,1,0.26419779928807763,0.15357162311096656,0,0.0,-2.3502975,-1.4680284,-3.8880417,-0.65513396,-0.71785885,-2.8872056,-0.18109499
372,TRANSFER,473.43,C100625,81948.01,81474.57,C100227,197825.06,198298.49,12,621,0,1,1,1,0.06432715195843237,0.005777199470737606,0,0.0,-2.5863402,-1.2650838,-3.8894126,0.24856035,-0.7431547,-2.7366734,-0.1278737
372,TRANSFER,6948.62,C101028,35985.13,29036.51,C101436,45177.34,52125.96,12,375,0,0,1,1,0.0577945846756452,0.19309698200339975,0,0.0,-2.3502975,-1.4680284,-3.8880417,-0.65513396,-0.71785885,-2.8872056,-0.18109499
373,TRANSFER,4635.39,C101197,77054.26,72418.87,C100884,98488.78,103124.17,13,386,0,2,1,1,1.0062618852649332,0.0601574786390785,0,0.0,-2.5951092,-1.0964509,-3.5718427,-0.5404966,-0.8045183,-2.7364674,-0.11599915
373,TRANSFER,7255.89,C101570,235826.01,228570.12,C100158,222566.63,229822.53,13,584,0,1,1,1,0.5549574690414839,0.03076798017317937,0,0.0,-2.5863402,-1.2650838,-3.8894126,0.24856035,-0.74875313,-2.7310748,-0.1278737
373,TRANSFER,20182.71,C101056,58102.84,37920.13,C100703,409778.07,429960.78,13,418,0,0,1,1,0.30440973859877135,0.347361850126431,0,0.0,-2.3502975,-1.4680284,-3.8880417,-0.65513396,-0.7234573,-2.881607,-0.18109499
373,TRANSFER,18019.41,C101846,88187.23,70167.82,C101693,20196.33,38215.75,13,457,0,2,1,1,1.1790357440118355,0.20433128469961015,0,0.0,-2.5951092,-1.0964509,-3.5718427,-0.5404966,-0.8045183,-2.7364674,-0.11599915
373,TRANSFER,829317.79,C101411,8717.29,0.0,C100108,37881.42,867199.2,19,424,0,1,1,1,5.745403515989595,2.0,0,0.1,-2.9424622,-1.2916769,1.7931088,0.3527049,-0.7957393,-3.9669478,-0.08520533
373,TRANSFER,3682.83,C100897,108482.18,104799.35,C100337,268721.46,272404.29,13,707,0,0,1,1,0.06597091467310585,0.0339487093640633,0,0.0,-2.3502975,-1.4680284,-3.8880417,-0.65513396,-0.7234573,-2.881607,-0.18109499
373,TRANSFER,1699.17,C100739,524649.19,522950.02,C100459,9897.95,11597.12,13,682,0,0,1,1,0.03222010227673844,0.0032386784014667024,0,0.0,-2.3502975,-1.4680284,-3.8880417,-0.65513396,-0.7234573,-2.881607,-0.18109499
373,TRANSFER,30348.05,C101853,64987.93,34639.87,C100672,56542.26,86890.31,13,621,0,1,1,1,0.1529820697123242,0.4669797914782022,0,0.0,-2.5863402,-1.2650838,-3.8894126,0.24856035,-0.74875313,-2.7310748,-0.1278737
373,TRANSFER,14063.28,C100260,16875.93,2812.66,C100937,543590.98,557654.26,13,505,0,0,1,1,1.3539248791234775,0.8333336296133014,0,0.0,-2.3502975,-1.4680284,-3.8880417,-0.65513396,-0.7234573,-2.881607,-0.18109499
373,TRANSFER,3302.53,C100089,173058.29,169755.76,C101395,203070.85,206373.37,13,365,0,0,1,1,0.04508485783003496,0.01908333891430454,8,0.0,-2.3709981,-1.4744428,-3.8880417,-0.6531912,-0.72292453,-2.884705,-0.15335739
373,TRANSFER,6010.62,C101084,56106.9,50096.28,C100093,263686.65,269697.27,13,540,0,0,1,1,0.06977139654376706,0.10712800029942841,0,0.0,-2.3502975,-1.4680284,-3.8880417,-0.65513396,-0.7234573,-2.881607,-0.18109499
373,TRANSFER,30442.38,C101179,155753.2,125310.82,C100075,21091.89,51534.27,13,399,0,1,1,1,1.4041092028357376,0.19545267769779368,0,0.0,-2.5863402,-1.2650838,-3.8894126,0.24856035,-0.74875313,-2.7310748,-0.1278737
373,TRANSFER,6784.14,C101588,37813.11,31028.97,C100635,420378.19,427162.33,13,528,0,0,1,1,0.10215786359611864,0.1794123784052674,0,0.0,-2.3502975,-1.4680284,-3.8880417,-0.65513396,-0.7234573,-2.881607,-0.18109499
373,TRANSFER,9850.68,C100073,72122.82,62272.14,C100948,235916.88,245767.56,13,391,0,0,1,1,0.14182069266299663,0.1365820138480442,0,0.0,-2.3502975,-1.4680284,-3.8880417,-0.65513396,-0.7234573,-2.881607,-0.18109499
373,TRANSFER,15382.45,C100924,43848.86,28466.41,C100278,51233.79,66616.24,13,551,0,0,1,1,1.3638795465902591,0.3508061555078057,0,0.0,-2.3502975,-1.4680284,-3.8880417,-0.65513396,-0.7234573,-2.881607,-0.18109499
373,TRANSFER,49219.29,C100798,196424.8,147205.52,C100240,431598.42,480817.71,13,409,0,1,1,1,0.4720592227287529,0.25057574196333665,0,0.0,-2.5863402,-1.2650838,-3.8894126,0.24856035,-0.74875313,-2.7310748,-0.1278737
373,TRANSFER,2275.58,C101362,127849.56,125573.99,C101972,130811.77,133087.35,13,462,0,2,1,1,0.04971844639440039,0.017798888005559035,0,0.0,-2.5951092,-1.0964509,-3.5718427,-0.5404966,-0.8045183,-2.7364674,-0.11599915
374,TRANSFER,20219.01,C101334,105603.5,85384.49,C101235,190032.9,210251.91,14,552,0,0,1,1,1.1012770210076426,0.19146155193719905,0,0.0,-2.3154733,-1.8254687,-4.3030157,-0.5675392,-0.721397,-1.2288578,-0.12701531
374,TRANSFER,14805.62,C101731,229032.92,214227.3,C101816,91549.21,106354.83,14,371,0,0,1,1,0.13638333958201224,0.06464406950756249,3,0.0,-2.336174,-1.8254687,-4.3030157,-0.56559646,-0.72086424,-1.2288578,-0.10878992
374,TRANSFER,35020.18,C100446,62860.61,27840.43,C100973,48979.88,84000.06,14,492,0,1,1,1,0.9404663540116891,0.5571084976744578,0,0.0,-2.5515163,-1.6225241,-4.3043866,0.33615515,-0.74669296,-1.0783259,-0.07379407
374,TRANSFER,54072.75,C100524,957095.7,903022.95,C101682,116323.33,170396.08,14,547,0,0,1,1,0.9245697041115338,0.05649670142703598,0,0.0,-2.3154733,-1.8254687,-4.3030157,-0.5675392,-0.721397,-1.2288578,-0.12701531
374,TRANSFER,2394561.96,C100075,21091.89,0.0,C100793,18319.43,2412881.38,4,264,1,5,0,1,20.37162663780067,2.0,110,100.0,3.8456395,0.4651905,2.112375,-0.074085206,2.8127012,3.0339746,0.09081928
374,TRANSFER,128769.79,C100273,293628.89,164859.1,C101701,33865.93,162635.72,14,690,0,0,1,1,0.8054994772139998,0.4385460504243979,0,0.0,-2.3154733,-1.8254687,-4.3030157,-0.5675392,-0.721397,-1.2288578,-0.12701531
374,TRANSFER,4056.76,C100249,399834.71,395777.95,C101793,234835.85,238892.61,14,690,0,0,1,1,0.09777820002624663,0.010146092619122537,0,0.0,-2.3154733,-1.8254687,-4.3030157,-0.5675392,-0.721397,-1.2288578,-0.12701531
374,TRANSFER,33394.84,C100680,433408.72,400013.89,C101735,57789.0,91183.83,14,410,0,0,1,1,0.9123985623001358,0.07705161077515929,0,0.0,-2.3154733,-1.8254687,-4.3030157,-0.5675392,-0.721397,-1.2288578,-0.12701531
374,TRANSFER,22658.61,C101606,27190.33,4531.72,C100010,21645.43,44304.04,14,704,0,0,1,1,0.9935416024789465,0.8333333946296348,0,0.0,-2.3154733,-1.8254687,-4.3030157,-0.5675392,-0.721397,-1.2288578,-0.12701531
374,TRANSFER,11013.17,C101759,13215.8,2202.63,C100712,90244.44,101257.61,14,564,0,0,1,1,0.11595408379596492,0.8333335855566822,0,0.0,-2.3154733,-1.8254687,-4.3030157,-0.5675392,-0.721397,-1.2288578,-0.12701531
374,TRANSFER,12919.63,C100447,56971.24,44051.61,C100177,181547.78,194467.41,14,461,0,1,1,1,0.21347662597125003,0.22677459714761342,0,0.0,-2.5515163,-1.6225241,-4.3043866,0.33615515,-0.74669296,-1.0783259,-0.07379407
374,TRANSFER,12789.42,C101275,25377.45,12588.03,C100042,984347.09,997136.51,14,617,0,2,1,1,0.9420964441394979,0.5039678927551823,0,0.0,-2.5602853,-1.4538914,-3.986817,-0.50354797,-0.80678326,-1.1343645,-0.061919503
374,TRANSFER,6083.99,C101868,144069.58,137985.59,C101220,547097.18,553181.17,14,391,0,1,1,1,0.09983223360050501,0.04222952548345043,0,0.0,-2.5515163,-1.6225241,-4.3043866,0.33615515,-0.74669296,-1.0783259,-0.07379407
374,TRANSFER,1891784.0,C101456,131083.41,0.0,MULE498822,0.0,1891784.0,3,77,1,0,1,1,6.014850989184281,2.0,297,100.0,4.5822935,-1.7075044,2.4068105,-0.4910772,-0.3122972,3.5943964,-0.15889464
374,TRANSFER,4949.07,C100620,43413.81,38464.74,C101535,19873.36,24822.43,14,443,0,0,1,1,0.5932271720446911,0.11399759661729758,0,0.0,-2.3154733,-1.8254687,-4.3030157,-0.5675392,-0.721397,-1.2288578,-0.12701531
374,TRANSFER,6364.09,C101321,67793.07,61428.98,C101827,130250.13,136614.22,14,627,0,1,1,1,0.8445838256956327,0.09387522942979275,0,0.0,-2.5515163,-1.6225241,-4.3043866,0.33615515,-0.74669296,-1.0783259,-0.07379407
374,TRANSFER,1285181.48,C100138,144771.77,0.0,MULE166653,0.0,1285181.48,10,-114,1,4,0,1,10.306006353601736,2.0,488,97.4,-0.18726355,-1.1416941,1.7212993,0.057669155,5.4577713,-2.2427795,-0.07006913
374,TRANSFER,1042.95,C101381,145781.13,144738.18,C100651,10123.58,11166.53,14,679,0,0,1,1,0.02860558309932308,0.007154218107652204,0,0.0,-2.3154733,-1.8254687,-4.3030157,-0.5675392,-0.721397,-1.2288578,-0.12701531
374,TRANSFER,5986.96,C101944,435591.72,429604.76,C100041,217955.24,223942.2,14,697,0,0,1,1,0.6468616761824685,0.013744430220115296,0,0.0,-2.3154733,-1.8254687,-4.3030157,-0.5675392,-0.721397,-1.2288578,-0.12701531
374,TRANSFER,3362.88,C101795,80380.0,77017.12,C100314,0.0,3362.88,18,543,0,2,1,1,0.04941351826511426,0.04183727295347101,0,0.0,-2.6809976,-1.1438808,-3.698245,-0.6368506,-0.73324513,-3.2178664,-0.07220097
374,TRANSFER,8906.67,C100956,186739.13,177832.46,C100913,6754.45,15661.12,14,507,0,0,1,1,0.13433042374758997,0.047695788236777156,0,0.0,-2.3154733,-1.8254687,-4.3030157,-0.5675392,-0.721397,-1.2288578,-0.12701531
375,TRANSFER,3484.84,C101377,70610.55,67125.71,MULE688617,0.0,3484.84,1,617,0,0,1,1,0.06864782011987622,0.049352964960618494,0,0.0,-2.9275367,-1.8225812,-5.6584744,-0.4786451,-0.53900033,2.4156675,-0.16548668
375,TRANSFER,4084.2,C100462,81999.39,77915.19,C101807,119481.34,123565.54,15,586,0,1,1,1,1.4737953152275403,0.04980768759377356,0,0.0,-2.5383062,-1.4947108,-4.3043866,0.3252477,-0.76045364,-1.4195604,-0.08099857
375,TRANSFER,1430.51,C101330,100991.28,99560.77,C100432,29086.27,30516.78,15,617,0,0,1,1,0.6271991084709555,0.01416468827803747,0,0.0,-2.3022633,-1.6976554,-4.3030157,-0.5784466,-0.73515767,-1.5700923,-0.1342198
375,TRANSFER,3660.98,C100588,143099.49,139438.51,C100429,878935.03,882596.01,15,505,0,2,1,1,0.21600757800733175,0.025583459451882045,0,0.0,-2.5470753,-1.326078,-3.986817,-0.40315503,-0.81106037,-1.3642987,-0.06912399
375,TRANSFER,11258.92,C101639,19628.27,8369.36,C100139,447278.99,458537.91,15,648,0,2,1,1,1.0891974814487329,0.5736073530677945,0,0.0,-2.5470753,-1.326078,-3.986817,-0.40315503,-0.81106037,-1.3642987,-0.06912399
375,TRANSFER,1334430.89,C101269,36967.81,0.0,MULE800576,0.0,1334430.89,23,238,1,4,0,1,23.558646915418567,2.0,137,100.0,1.3417737,-0.5821226,1.941895,-0.1799909,4.6125407,1.2347203,-0.018828984
375,TRANSFER,9368.62,C101656,74651.0,65282.38,C100831,320234.22,329602.84,15,388,0,2,1,1,0.11911647709269248,0.1254989216487388,0,0.0,-2.5470753,-1.326078,-3.986817,-0.40315503,-0.81106037,-1.3642987,-0.06912399
375,TRANSFER,13498.42,C101421,85956.62,72458.2,C100932,405883.65,419382.07,15,494,0,0,1,1,1.1570404455469998,0.15703758477241195,0,0.0,-2.3022633,-1.6976554,-4.3030157,-0.5784466,-0.73515767,-1.5700923,-0.1342198
375,TRANSFER,1331430.92,C101177,122093.67,0.0,C101870,10044.86,1341475.78,16,427,1,0,1,1,11.857954420838524,2.0,0,67.0,1.0302418,0.18494076,1.9385195,-0.7124106,-0.91634256,-0.6376915,-0.2165775
375,TRANSFER,2445.44,C101377,70610.55,68165.11,MULE688617,0.0,2445.44,1,617,0,0,1,1,0.04817269235716708,0.03463278504416125,0,0.0,-2.9275367,-1.8225812,-5.6584744,-0.4786451,-0.53900033,2.4156675,-0.16548668
375,TRANSFER,2046.16,C100340,582657.36,580611.2,C100841,367793.56,369839.71,15,633,0,0,1,1,1.26346494529427,0.0035117723390639057,0,0.0,-2.3022633,-1.6976554,-4.3030157,-0.5784466,-0.73515767,-1.5700923,-0.1342198
375,TRANSFER,12071.99,C101612,49250.36,37178.36,C101966,29919.7,41991.69,15,368,0,0,1,1,0.12770369728978453,0.2451147565215767,7,0.0,-2.322964,-1.7040699,-4.3030157,-0.5765039,-0.73462504,-1.5731902,-0.10648224
375,TRANSFER,11802.55,C100620,43413.81,31611.26,C101967,28189.37,39991.92,15,443,0,1,1,1,1.4147291025214979,0.27186164955344855,0,0.0,-2.5383062,-1.4947108,-4.3043866,0.3252477,-0.76045364,-1.4195604,-0.08099857
375,TRANSFER,4237.1,C101535,19873.36,15636.26,C100863,3880356.06,3884593.16,15,581,0,0,1,1,0.8643116752247552,0.21320501414959525,0,0.0,-2.3022633,-1.6976554,-4.3030157,-0.5784466,-0.73515767,-1.5700923,-0.1342198
375,TRANSFER,4620.97,C100486,112254.74,107633.78,C100803,30385.12,35006.08,15,664,0,0,1,1,0.7193821959767993,0.04116503231845711,0,0.0,-2.3022633,-1.6976554,-4.3030157,-0.5784466,-0.73515767,-1.5700923,-0.1342198
375,TRANSFER,992.43,C101795,80380.0,79387.57,C101834,0.0,992.43,18,543,0,3,1,1,0.01458257741336216,0.012346728041801442,0,0.0,-2.5813951,-1.1477658,-3.6166258,-0.64815307,-0.7941816,-3.3244667,-0.07069887
375,TRANSFER,1873.78,C101795,80380.0,78506.22,C100645,0.0,1873.78,18,543,0,3,1,1,0.027532966461725008,0.023311520278676286,0,0.0,-2.5813951,-1.1477658,-3.6166258,-0.64815307,-0.7941816,-3.3244667,-0.07069887
375,TRANSFER,19071.1,C101687,164880.67,145809.57,C100303,58592.42,77663.52,15,383,0,0,1,1,0.3597656183120682,0.11566607535013047,0,0.0,-2.3022633,-1.6976554,-4.3030157,-0.5784466,-0.73515767,-1.5700923,-0.1342198
375,TRANSFER,55048.66,C101517,91847.91,36799.24,C100801,316084.67,371133.33,15,482,0,1,1,1,0.5317113520081815,0.5993458098284435,0,0.0,-2.5383062,-1.4947108,-4.3043866,0.3252477,-0.76045364,-1.4195604,-0.08099857
375,TRANSFER,842.84,C100390,9386.1,8543.26,C101696,42654.9,43497.74,15,601,0,0,1,1,0.022402137522150565,0.08979661414218898,0,0.0,-2.3022633,-1.6976554,-4.3030157,-0.5784466,-0.73515767,-1.5700923,-0.1342198
375,TRANSFER,13199.19,C100572,578443.24,565244.05,C101472,367554.5,380753.69,15,669,0,1,1,1,0.7859047081185887,0.022818470486404164,0,0.0,-2.5383062,-1.4947108,-4.3043866,0.3252477,-0.76045364,-1.4195604,-0.08099857
376,TRANSFER,22616.59,C101021,598081.93,575465.34,C101006,9242.62,31859.21,16,353,0,0,1,1,1.2529198579145286,0.03781520367953601,23,0.0,-2.4291375,-1.8355392,-4.405692,-0.4264245,-0.695359,-0.026735501,-0.016101755
376,TRANSFER,9759.13,C101211,91691.15,81932.02,C101495,93886.64,103645.77,16,446,0,0,1,1,0.20038213727769644,0.10643480859385011,0,0.0,-2.4084365,-1.8530564,-4.405692,-0.42836732,-0.6958916,-0.017503984,-0.10854335
376,TRANSFER,1381458.78,C101136,450868.01,0.0,C101655,149869.68,1531328.46,8,-3,0,0,1,1,16.06274664389283,2.0,379,3.4,-0.2894191,1.3931228,1.6202179,-0.46302205,-0.9361397,-4.660367,-0.05982505
376,TRANSFER,15545.04,C100572,578443.24,562898.2,C100917,888371.37,903916.41,16,669,0,2,1,1,0.9255810488288893,0.026873924570369256,0,0.0,-2.6832945,-1.4346969,-4.0894923,-0.64429116,-0.7734308,-0.20292611,-0.06005444
376,TRANSFER,38332.8,C101283,472322.1,433989.29,C101503,23657.12,61989.92,16,410,0,1,1,1,1.225008222263062,0.08115817574489952,0,0.0,-2.6360533,-1.6033297,-4.407063,0.29044488,-0.70494294,-0.051854037,-0.073058784
376,TRANSFER,19999.58,C100781,44654.8,24655.22,C100049,25653.92,45653.5,16,554,0,0,1,1,1.7189270785738546,0.4478707776095739,0,0.0,-2.4084365,-1.8530564,-4.405692,-0.42836732,-0.6958916,-0.017503984,-0.10854335
376,TRANSFER,34158.17,C101103,349120.81,314962.64,C100790,582747.02,616905.19,16,713,0,0,1,1,0.33600323613895733,0.0978405440798559,0,0.0,-2.4084365,-1.8530564,-4.405692,-0.42836732,-0.6958916,-0.017503984,-0.10854335
376,TRANSFER,47097.74,C100771,197215.05,150117.31,C100650,27754.02,74851.75,16,683,0,1,1,1,0.9506632139720865,0.23881412701515428,0,0.0,-2.6360533,-1.6033297,-4.407063,0.29044488,-0.70494294,-0.051854037,-0.073058784
376,TRANSFER,2328.99,C101469,303665.03,301336.04,C100484,87521.77,89850.76,16,459,0,2,1,1,0.9527231882766165,0.0076696022587783635,0,0.0,-2.6832945,-1.4346969,-4.0894923,-0.64429116,-0.7734308,-0.20292611,-0.06005444
376,TRANSFER,10338.36,C100168,40698.56,30360.2,C101677,205460.53,215798.89,16,639,0,0,1,1,0.9362391211637678,0.25402274675074504,0,0.0,-2.4084365,-1.8530564,-4.405692,-0.42836732,-0.6958916,-0.017503984,-0.10854335
376,TRANSFER,12746.19,C100924,43848.86,31102.67,C100854,36817.55,49563.74,16,551,0,1,1,1,1.130136476175986,0.2906846380954944,0,0.0,-2.6360533,-1.6033297,-4.407063,0.29044488,-0.70494294,-0.051854037,-0.073058784
376,TRANSFER,3256.69,C100120,192177.52,188920.83,C100867,618576.52,621833.21,16,375,0,0,1,1,0.037965148916549646,0.016946258854833803,1,0.0,-2.4291375,-1.8530564,-4.405692,-0.4264245,-0.695359,-0.017503984,-0.090317965
376,TRANSFER,4040.36,C100071,18246.03,14205.67,C101455,35763.3,39803.66,16,608,0,1,1,1,0.041655907344572696,0.22143775933723667,0,0.0,-2.6360533,-1.6033297,-4.407063,0.29044488,-0.70494294,-0.051854037,-0.073058784
376,TRANSFER,8378.34,C101868,144069.58,135691.24,C100575,155986.64,164364.98,16,391,0,2,1,1,0.13748023847252464,0.05815481658237638,0,0.0,-2.6832945,-1.4346969,-4.0894923,-0.64429116,-0.7734308,-0.20292611,-0.06005444
376,TRANSFER,100.0,C100351,208130.71,208030.71,C101170,353999.71,354099.71,16,423,0,0,1,1,0.0032668189687368246,0.0004804672986509295,0,0.0,-2.4084365,-1.8530564,-4.405692,-0.42836732,-0.6958916,-0.017503984,-0.10854335
376,TRANSFER,1195309.36,C101795,80380.0,0.0,C101935,126801.67,1322111.03,18,543,0,4,1,1,17.56364809116651,2.0,0,0.0,-1.0623069,0.41937068,1.6581994,-1.5665699,-1.5241265,-5.5960217,-0.06742826
376,TRANSFER,11798.75,C100047,179424.09,167625.35,C101146,269072.98,280871.72,16,555,0,2,1,1,0.7677282890916024,0.06575900705418096,0,0.0,-2.6832945,-1.4346969,-4.0894923,-0.64429116,-0.7734308,-0.20292611,-0.06005444
376,TRANSFER,13489.51,C101625,1117417.46,1103927.95,C101859,158541.79,172031.3,16,572,0,0,1,1,0.32409463104528263,0.012072041544795622,0,0.0,-2.4084365,-1.8530564,-4.405692,-0.42836732,-0.6958916,-0.017503984,-0.10854335
377,TRANSFER,39671.14,C100589,208776.82,169105.68,C101253,314693.87,354365.01,17,378,0,0,1,1,0.5964048874533783,0.1900169760225297,0,0.0,-2.4048355,-1.5622406,-4.014444,-0.41962254,-0.65570605,-3.0350525,-0.120689884
377,TRANSFER,15463.66,C101058,44080.94,28617.28,C100900,50385.64,65849.3,17,624,0,1,1,1,1.0717158177408215,0.3508015028717627,0,0.0,-2.6324522,-1.3125136,-4.015815,0.2991896,-0.6647574,-3.069403,-0.08520533
377,TRANSFER,27278.0,C101181,32733.6,5455.6,C100280,434650.21,461928.21,17,716,0,1,1,1,0.9026407742020484,0.8333333333333334,0,0.0,-2.6324522,-1.3125136,-4.015815,0.2991896,-0.6647574,-3.069403,-0.08520533
377,TRANSFER,7200.91,C101265,158604.88,151403.98,C101246,35861.8,43062.71,17,481,0,1,1,1,0.10651247573545662,0.045401566458736956,0,0.0,-2.6324522,-1.3125136,-4.015815,0.2991896,-0.6647574,-3.069403,-0.08520533
377,TRANSFER,15859.19,C100074,105640.39,89781.2,C101340,65003.49,80862.68,17,453,0,0,1,1,1.077669071650986,0.15012430378191524,0,0.0,-2.4048355,-1.5622406,-4.014444,-0.41962254,-0.65570605,-3.0350525,-0.120689884
377,TRANSFER,19364.08,C100167,23236.89,3872.82,C100179,63064.25,82428.32,17,702,0,1,1,1,1.0185604320596526,0.8333335485084279,0,0.0,-2.6324522,-1.3125136,-4.015815,0.2991896,-0.6647574,-3.069403,-0.08520533
377,TRANSFER,5040.71,C100637,76363.2,71322.49,C101665,14789.27,19829.98,17,405,0,1,1,1,1.1820854431034158,0.06600967481718943,0,0.0,-2.6324522,-1.3125136,-4.015815,0.2991896,-0.6647574,-3.069403,-0.08520533
377,TRANSFER,79226.7,C100589,208776.82,129550.12,C100185,100790.72,180017.42,17,378,0,0,1,1,1.1910721773259494,0.37948034652505963,0,0.0,-2.4048355,-1.5622406,-4.014444,-0.41962254,-0.65570605,-3.0350525,-0.120689884
377,TRANSFER,8718.68,C101297,91756.38,83037.71,C101141,3753183.23,3761901.9,17,450,0,3,1,1,0.15496705336627864,0.09501987763684662,0,0.0,-2.5800908,-1.1477658,-3.6166258,-0.6468489,-0.7941816,-3.327075,-0.07069887
377,TRANSFER,3316.2,C101520,41239.78,37923.58,C100979,1559065.07,1562381.27,17,553,0,1,1,1,0.8868179414806057,0.08041265011598024,0,0.0,-2.6324522,-1.3125136,-4.015815,0.2991896,-0.6647574,-3.069403,-0.08520533
377,TRANSFER,19575.82,C100311,138011.16,118435.34,C101238,293899.02,313474.84,17,476,0,0,1,1,0.9147284503443581,0.14184229739102258,0,0.0,-2.4048355,-1.5622406,-4.014444,-0.41962254,-0.65570605,-3.0350525,-0.120689884
377,TRANSFER,12477.44,C101025,100296.29,87818.86,C100773,81103.64,93581.07,17,545,0,2,1,1,0.0889109051163768,0.12440579806092529,0,0.0,-2.6796932,-1.1438808,-3.698245,-0.6355463,-0.73324513,-3.2204752,-0.07220097
377,TRANSFER,14595.28,C100710,92896.97,78301.69,C100402,138331.44,152926.72,17,395,0,1,1,1,1.1271274170125403,0.157112551679565,0,0.0,-2.6324522,-1.3125136,-4.015815,0.2991896,-0.6647574,-3.069403,-0.08520533
377,TRANSFER,31476.7,C101426,155903.91,124427.21,C101378,31007.51,62484.21,17,390,0,0,1,1,0.4261894400874075,0.2018980794003178,0,0.0,-2.4048355,-1.5622406,-4.014444,-0.41962254,-0.65570605,-3.0350525,-0.120689884
377,TRANSFER,1089618.95,C100727,80542.41,0.0,MULE184688,0.0,1089618.95,10,212,1,0,1,1,9.042361661246971,2.0,165,0.4,-0.9538504,-0.43249086,1.7395083,-0.441991,-1.1175724,-4.028412,-0.21689056
377,TRANSFER,2402.07,C101469,303665.03,301262.96,C100817,251662.34,254064.4,17,459,0,3,1,1,0.9826181258243327,0.007910262172763192,0,0.0,-2.5800908,-1.1477658,-3.6166258,-0.6468489,-0.7941816,-3.327075,-0.07069887
377,TRANSFER,7155.37,C100161,31801.09,24645.72,C101030,87570.42,94725.79,17,462,0,0,1,1,1.0890499268229599,0.22500392282151335,0,0.0,-2.4048355,-1.5622406,-4.014444,-0.41962254,-0.65570605,-3.0350525,-0.120689884
377,TRANSFER,1543.42,C101066,134294.49,132751.07,C101996,0.0,1543.42,11,561,0,1,1,1,0.030830572714276482,0.011492802124644132,0,0.0,-2.5867443,-1.2727561,-3.8894126,0.2230149,-0.7429945,-2.703748,-0.1273375
377,TRANSFER,1322.2,C101066,134294.49,132972.29,C101181,0.0,1322.2,11,561,0,1,1,1,0.026411594538632625,0.009845526797115802,0,0.0,-2.5867443,-1.2727561,-3.8894126,0.2230149,-0.7429945,-2.703748,-0.1273375
377,TRANSFER,12169.29,C100636,66499.43,54330.15,C101220,547097.18,559266.47,17,371,0,0,1,1,1.0345346400298003,0.18299841066306888,6,0.0,-2.4255364,-1.5622406,-4.014444,-0.41767973,-0.65517336,-3.0381505,-0.09936658
377,TRANSFER,7678.48,C100469,100645.05,92966.57,C100961,95518.95,103197.43,17,524,0,0,1,1,1.5404511526437608,0.0762926741056813,0,0.0,-2.4048355,-1.5622406,-4.014444,-0.41962254,-0.65570605,-3.0350525,-0.120689884
377,TRANSFER,11986.52,C100966,535998.94,524012.42,C100089,173058.29,185044.81,17,618,0,1,1,1,1.2463818685115537,0.02236295467300738,0,0.0,-2.6324522,-1.3125136,-4.015815,0.2991896,-0.6647574,-3.069403,-0.08520533
377,TRANSFER,8373.15,C100041,217955.24,209582.09,C101001,225309.57,233682.72,17,436,0,1,1,1,0.3818457191328333,0.03841683274052048,0,0.0,-2.6324522,-1.3125136,-4.015815,0.2991896,-0.6647574,-3.069403,-0.08520533
378,TRANSFER,21136.73,C101990,138708.48,117571.75,C101299,118402.95,139539.68,18,512,0,0,1,1,0.2004614148730201,0.1523823921940461,0,0.0,-2.412985,-1.5622406,-4.014444,-0.41750395,-0.65570605,-3.0290215,-0.120689884
378,TRANSFER,48809.32,C100446,62860.61,14051.29,C100797,72473.38,121282.69,18,492,0,2,1,1,1.310773480381592,0.7764690797623504,0,0.0,-2.6809976,-1.1438808,-3.698245,-0.6368506,-0.73324513,-3.2178664,-0.07220097
378,TRANSFER,14466.64,C101972,130811.77,116345.13,C101563,80511.12,94977.76,18,526,0,0,1,1,0.16295601861516867,0.11059127171813361,0,0.0,-2.412985,-1.5622406,-4.014444,-0.41750395,-0.65570605,-3.0290215,-0.120689884
378,TRANSFER,3044.3,C100333,94814.33,91770.04,C101560,233577.86,236622.15,18,670,0,2,1,1,0.6562221795897075,0.03210801573981486,0,0.0,-2.6809976,-1.1438808,-3.698245,-0.6368506,-0.73324513,-3.2178664,-0.07220097
378,TRANSFER,5836.0,C101839,80538.96,74702.96,C100168,40698.56,46534.56,18,385,0,1,1,1,1.1690465089609037,0.07246182468708312,0,0.0,-2.6337564,-1.3125136,-4.015815,0.2978854,-0.6647574,-3.0667942,-0.08520533
378,TRANSFER,13308.15,C100186,85291.81,71983.66,C100966,535998.94,549307.09,18,616,0,1,1,1,0.8144923077613566,0.15603080764729932,0,0.0,-2.6337564,-1.3125136,-4.015815,0.2978854,-0.6647574,-3.0667942,-0.08520533
378,TRANSFER,58826.41,C100057,70591.69,11765.28,C100101,12614.69,71441.1,18,582,0,0,1,1,1.1596758295015446,0.8333333569432889,0,0.0,-2.412985,-1.5622406,-4.014444,-0.41750395,-0.65570605,-3.0290215,-0.120689884
378,TRANSFER,1240854.87,C101066,134294.49,0.0,C100016,95444.51,1336299.38,11,561,0,3,1,1,24.786685605602553,2.0,0,0.1,-1.0608454,-0.4057495,1.594845,-0.95648897,-1.7432079,-4.39759,-0.14645432
378,TRANSFER,6057.45,C100748,80811.06,74753.61,C101722,303194.72,309252.16,18,718,0,1,1,1,0.04490572965959746,0.07495818022929039,0,0.0,-2.6337564,-1.3125136,-4.015815,0.2978854,-0.6647574,-3.0667942,-0.08520533
378,TRANSFER,10588.91,C100850,81948.28,71359.37,C100968,1129945.77,1140534.68,18,695,0,0,1,1,1.0288396234389712,0.12921454849326916,0,0.0,-2.412985,-1.5622406,-4.014444,-0.41750395,-0.65570605,-3.0290215,-0.120689884
378,TRANSFER,27224.34,C100434,73781.05,46556.71,C100285,152605.45,179829.78,18,572,0,1,1,1,0.2726416837350829,0.3689882429160333,0,0.0,-2.6337564,-1.3125136,-4.015815,0.2978854,-0.6647574,-3.0667942,-0.08520533
378,TRANSFER,5183.98,C100071,18246.03,13062.06,C100576,37086.49,42270.47,18,608,0,2,1,1,0.05344657173027105,0.28411550348212733,0,0.0,-2.6809976,-1.1438808,-3.698245,-0.6368506,-0.73324513,-3.2178664,-0.07220097
378,TRANSFER,86459.01,C100992,103750.82,17291.8,C100388,379919.08,466378.09,18,539,0,1,1,1,0.8286764330981822,0.8333332690768129,0,0.0,-2.6337564,-1.3125136,-4.015815,0.2978854,-0.6647574,-3.0667942,-0.08520533
378,TRANSFER,7632.76,C101686,23034.25,15401.49,C100484,87521.77,95154.52,18,570,0,0,1,1,0.9459253350055575,0.3313656837101273,0,0.0,-2.412985,-1.5622406,-4.014444,-0.41750395,-0.65570605,-3.0290215,-0.120689884
379,TRANSFER,16533.59,C100568,19840.31,3306.72,C100998,263903.05,280436.64,19,385,0,0,1,1,0.2001996939887783,0.8333332493292696,0,0.0,-2.412985,-1.5622406,-4.014444,-0.41750395,-0.65570605,-3.0290215,-0.120689884
379,TRANSFER,12119.65,C101986,25622.7,13503.04,C101056,58102.84,70222.49,19,703,0,2,1,1,0.7706826400979506,0.47300440624914625,0,0.0,-2.6809976,-1.1438808,-3.698245,-0.6368506,-0.73324513,-3.2178664,-0.07220097
379,TRANSFER,17204.37,C101125,192517.05,175312.68,C100168,40698.56,57902.94,19,576,0,0,1,1,1.622811193930492,0.08936543542507014,0,0.0,-2.412985,-1.5622406,-4.014444,-0.41750395,-0.65570605,-3.0290215,-0.120689884
379,TRANSFER,13040.48,C100566,125695.03,112654.55,C101318,385512.8,398553.28,19,391,0,0,1,1,1.1906333292475295,0.1037469818814634,0,0.0,-2.412985,-1.5622406,-4.014444,-0.41750395,-0.65570605,-3.0290215,-0.120689884
379,TRANSFER,8412.41,C100055,198735.44,190323.03,C100496,85263.29,93675.7,19,473,0,1,1,1,0.0761543888479716,0.04232969217770117,0,0.0,-2.6337564,-1.3125136,-4.015815,0.2978854,-0.6647574,-3.0667942,-0.08520533
379,TRANSFER,26142.51,C100029,55620.12,29477.62,C101127,162019.13,188161.63,19,616,0,0,1,1,0.48137721727577343,0.4700189427854524,0,0.0,-2.412985,-1.5622406,-4.014444,-0.41750395,-0.65570605,-3.0290215,-0.120689884
379,TRANSFER,20306.62,C100607,77979.55,57672.93,C100223,38068.7,58375.32,19,422,0,1,1,1,1.0171928868132376,0.2604095560951557,0,0.0,-2.6337564,-1.3125136,-4.015815,0.2978854,-0.6647574,-3.0667942,-0.08520533
379,TRANSFER,1013911.91,C101383,44236.64,0.0,C101250,392092.17,1406004.07,12,558,0,1,1,1,18.300056800865875,2.0,0,0.6,-0.52734524,-0.5069483,1.7191473,0.16302761,-1.2981061,-4.4881043,-0.15982696
379,TRANSFER,2165.34,C101024,80459.43,78294.1,C101437,111324.38,113489.72,19,643,0,1,1,1,1.2275884959286953,0.02691219661884257,0,0.0,-2.6337564,-1.3125136,-4.015815,0.2978854,-0.6647574,-3.0667942,-0.08520533
379,TRANSFER,7711.04,C101312,80096.75,72385.71,C100388,379919.08,387630.11,19,622,0,0,1,1,1.0378019458200636,0.09627157156813479,0,0.0,-2.412985,-1.5622406,-4.014444,-0.41750395,-0.65570605,-3.0290215,-0.120689884
379,TRANSFER,19627.31,C101643,45392.75,25765.44,C101797,27819.14,47446.45,19,494,0,1,1,1,0.7885638156291628,0.432388652372901,0,0.0,-2.6337564,-1.3125136,-4.015815,0.2978854,-0.6647574,-3.0667942,-0.08520533
379,TRANSFER,27231.23,C100429,878935.03,851703.81,C101512,46595.12,73826.34,19,646,0,0,1,1,1.4989246851709892,0.03098207383997427,0,0.0,-2.412985,-1.5622406,-4.014444,-0.41750395,-0.65570605,-3.0290215,-0.120689884
379,TRANSFER,30164.06,C100434,73781.05,43616.98,C101181,16356.04,46520.1,19,572,0,2,1,1,0.3020818909360545,0.40883207815556977,0,0.0,-2.6809976,-1.1438808,-3.698245,-0.6368506,-0.73324513,-3.2178664,-0.07220097
379,TRANSFER,21304.27,C101515,68502.58,47198.31,C100956,186739.13,208043.39,19,392,0,0,1,1,1.3818534789458765,0.3109995273170733,0,0.0,-2.412985,-1.5622406,-4.014444,-0.41750395,-0.65570605,-3.0290215,-0.120689884
379,TRANSFER,4700.99,C100277,949249.54,944548.55,C101944,435591.72,440292.7,19,393,0,1,1,1,0.08184630982026957,0.004952322652692568,0,0.0,-2.6337564,-1.3125136,-4.015815,0.2978854,-0.6647574,-3.0667942,-0.08520533
379,TRANSFER,1474783.96,C100225,130765.12,0.0,C101730,40826.95,1515610.9,18,-269,0,4,1,1,18.48918691403842,2.0,648,0.1,0.452381,-1.3415358,1.6767248,-1.5447348,-1.5243176,-5.4424005,0.7500382
379,TRANSFER,19923.88,C100347,43039.62,23115.74,C101151,33163.42,53087.3,19,494,0,2,1,1,0.8409499871285262,0.4629195146239674,0,0.0,-2.6809976,-1.1438808,-3.698245,-0.6368506,-0.73324513,-3.2178664,-0.07220097
379,TRANSFER,1601.57,C100204,361142.34,359540.77,C100862,38557.99,40159.56,19,634,0,0,1,1,0.04993042714315146,0.004434733407331856,0,0.0,-2.412985,-1.5622406,-4.014444,-0.41750395,-0.65570605,-3.0290215,-0.120689884
379,TRANSFER,4134.78,C100832,316347.82,312213.04,C101740,14691.27,18826.05,19,417,0,0,1,1,0.0568799910508476,0.013070360339451682,0,0.0,-2.412985,-1.5622406,-4.014444,-0.41750395,-0.65570605,-3.0290215,-0.120689884
380,TRANSFER,18452.09,C101673,22142.51,3690.42,C101006,9242.62,27694.71,20,424,0,2,1,1,0.3373299415439746,0.8333332580633361,0,0.0,-2.7135828,-1.5792158,-4.712847,-0.6368506,-0.6861274,-1.7824625,-0.07220097
380,TRANSFER,22648.24,C101145,154321.08,131672.84,C100292,418001.78,440650.02,20,489,0,0,1,1,0.9103983814954084,0.1467605073785124,0,0.0,-2.44557,-1.9975752,-5.029045,-0.41750395,-0.60858834,-1.5936172,-0.120689884
380,TRANSFER,10721.07,C100625,81948.01,71226.93,C101066,134294.49,145015.56,20,621,0,1,1,1,1.4567220054643573,0.1308277040528501,0,0.0,-2.6663413,-1.7478483,-5.0304165,0.2978854,-0.61763954,-1.6313902,-0.08520533
380,TRANSFER,30555.57,C101606,36666.68,6111.11,C101237,240274.7,270830.27,20,704,0,1,1,1,1.3398098993035152,0.8333334242423912,0,0.0,-2.6663413,-1.7478483,-5.0304165,0.2978854,-0.61763954,-1.6313902,-0.08520533
380,TRANSFER,43943.52,C100434,73781.05,29837.53,C101977,72794.45,116737.96,20,572,0,3,1,1,0.44007808020493017,0.5955935839893848,0,0.0,-2.6139798,-1.5831007,-4.6312284,-0.64815307,-0.74706364,-1.889063,-0.07069887
380,TRANSFER,93791.89,C101773,190100.29,96308.4,C101971,128448.48,222240.38,20,611,0,1,1,1,0.9347534616630412,0.4933810989977974,0,0.0,-2.6663413,-1.7478483,-5.0304165,0.2978854,-0.61763954,-1.6313902,-0.08520533
380,TRANSFER,1636.64,C101468,543231.65,541595.01,C100191,32296.42,33933.07,20,526,0,0,1,1,0.019524930130753203,0.0030127846932335406,0,0.0,-2.44557,-1.9975752,-5.029045,-0.41750395,-0.60858834,-1.5936172,-0.120689884
380,TRANSFER,28135.07,C100955,33762.09,5627.01,C101559,36621.41,64756.48,20,569,0,0,1,1,0.595581181253269,0.8333331852382362,0,0.0,-2.44557,-1.9975752,-5.029045,-0.41750395,-0.60858834,-1.5936172,-0.120689884
380,TRANSFER,58793.73,C100176,175823.23,117029.5,C101839,80538.96,139332.69,20,575,0,0,1,1,0.8197025633587182,0.334391138190329,0,0.0,-2.44557,-1.9975752,-5.029045,-0.41750395,-0.60858834,-1.5936172,-0.120689884
380,TRANSFER,1459815.13,C100109,127218.81,0.0,C101312,80096.75,1539911.88,9,30,0,0,1,1,21.255390108437126,2.0,350,2.5,-0.018103948,-0.15720977,1.6448524,-0.4574524,-1.0182207,-3.6033216,-0.07527069
380,TRANSFER,11022.9,C101808,87672.56,76649.66,C101314,364013.25,375036.15,20,716,0,0,1,1,0.7629044124378462,0.12572804991664438,0,0.0,-2.44557,-1.9975752,-5.029045,-0.41750395,-0.60858834,-1.5936172,-0.120689884
380,TRANSFER,7291.03,C100454,60316.39,53025.36,C100923,45553.97,52845.0,20,605,0,0,1,1,0.5854396279410372,0.12087974761088983,0,0.0,-2.44557,-1.9975752,-5.029045,-0.41750395,-0.60858834,-1.5936172,-0.120689884
380,TRANSFER,9261.68,C100748,80811.06,71549.38,C101481,286993.69,296255.37,20,718,0,2,1,1,0.0686596667366137,0.11460906465030901,0,0.0,-2.7135828,-1.5792158,-4.712847,-0.6368506,-0.6861274,-1.7824625,-0.07220097
380,TRANSFER,59143.21,C101270,361399.97,302256.75,C101264,54800.0,113943.21,20,444,0,0,1,1,1.029945511978257,0.16365029028641037,0,0.0,-2.44557,-1.9975752,-5.029045,-0.41750395,-0.60858834,-1.5936172,-0.120689884
380,TRANSFER,13049.12,C101056,58102.84,45053.72,C100707,3184.91,16234.03,20,418,0,1,1,1,0.19681594831140117,0.2245866122895198,0,0.0,-2.6663413,-1.7478483,-5.0304165,0.2978854,-0.61763954,-1.6313902,-0.08520533
381,TRANSFER,31019.97,C100646,706744.8,675724.83,C101833,38959.33,69979.3,21,644,0,1,1,1,1.2070406441291852,0.0438913310716966,0,0.0,-2.6663413,-1.7478483,-5.0304165,0.2978854,-0.61763954,-1.6313902,-0.08520533
381,TRANSFER,21271.13,C101972,130811.77,109540.64,C100313,105569.76,126840.89,21,526,0,1,1,1,0.23960357458578307,0.16260868574746754,0,0.0,-2.6663413,-1.7478483,-5.0304165,0.2978854,-0.61763954,-1.6313902,-0.08520533
381,TRANSFER,16775.89,C101334,105603.5,88827.61,C100455,109920.35,126696.24,21,552,0,1,1,1,0.9137392070112188,0.15885732953926715,0,0.0,-2.6663413,-1.7478483,-5.0304165,0.2978854,-0.61763954,-1.6313902,-0.08520533
381,TRANSFER,27375.72,C100837,130197.36,102821.64,C101488,109909.3,137285.03,21,570,0,0,1,1,0.24924917948061412,0.2102632495774108,0,0.0,-2.44557,-1.9975752,-5.029045,-0.41750395,-0.60858834,-1.5936172,-0.120689884
381,TRANSFER,19279.05,C100286,227973.8,208694.75,C101825,72621.21,91900.25,21,484,0,0,1,1,1.1651794639831319,0.08456695462373308,0,0.0,-2.44557,-1.9975752,-5.029045,-0.41750395,-0.60858834,-1.5936172,-0.120689884
381,TRANSFER,20853.26,C100507,151835.85,130982.6,C101551,23822.32,44675.58,21,570,0,0,1,1,0.28340903260063616,0.1373408190489927,0,0.0,-2.44557,-1.9975752,-5.029045,-0.41750395,-0.60858834,-1.5936172,-0.120689884
381,TRANSFER,2105359.77,C101577,123409.5,0.0,MULE5943,0.0,2105359.77,14,235,1,1,1,1,8.274896464747268,2.0,146,99.7,5.3124146,0.36818638,2.123949,0.422319,-0.78735906,-1.8036937,-0.018732259
381,TRANSFER,43448.98,C100933,350691.68,307242.7,C100774,59096.25,102545.23,21,707,0,0,1,1,0.6995518763175111,0.12389509782496125,0,0.0,-2.44557,-1.9975752,-5.029045,-0.41750395,-0.60858834,-1.5936172,-0.120689884
381,TRANSFER,2853.85,C101719,138278.52,135424.67,C101741,39769.91,42623.76,21,696,0,0,1,1,0.773185430231763,0.02063841875079369,0,0.0,-2.44557,-1.9975752,-5.029045,-0.41750395,-0.60858834,-1.5936172,-0.120689884
381,TRANSFER,24270.93,C100449,263794.32,239523.4,C100268,10768.66,35039.59,21,541,0,1,1,1,0.4116950531507987,0.09200702274408334,0,0.0,-2.6663413,-1.7478483,-5.0304165,0.2978854,-0.61763954,-1.6313902,-0.08520533
381,TRANSFER,14716.36,C100766,17659.63,2943.27,C101647,61595.03,76311.39,21,596,0,0,1,1,1.0055551102303686,0.8333334277105466,0,0.0,-2.44557,-1.9975752,-5.029045,-0.41750395,-0.60858834,-1.5936172,-0.120689884
381,TRANSFER,21289.55,C100731,25547.46,4257.91,C100278,51233.79,72523.35,21,505,0,0,1,1,1.5799698475329391,0.8333333333333334,0,0.0,-2.44557,-1.9975752,-5.029045,-0.41750395,-0.60858834,-1.5936172,-0.120689884
381,TRANSFER,53389.33,C100446,64067.2,10677.87,C101221,109364.94,162754.27,21,492,0,3,1,1,1.4337695730926254,0.8333332813046302,0,0.0,-2.6139798,-1.5831007,-4.6312284,-0.64815307,-0.74706364,-1.889063,-0.07069887
382,TRANSFER,11718.56,C101621,46486.04,34767.48,C101839,80538.96,92257.52,22,366,0,0,1,1,0.9174809540215543,0.2520877235402284,16,0.0,-2.466271,-2.005529,-5.029045,-0.4155612,-0.60805565,-1.5965139,-0.09161406
382,TRANSFER,1407.42,C101026,238680.24,237272.82,C100596,436027.43,437434.85,22,591,0,0,1,1,0.020855377775125562,0.005896675820336028,0,0.0,-2.44557,-1.9975752,-5.029045,-0.41750395,-0.60858834,-1.5936172,-0.120689884
382,TRANSFER,1000958.81,C100061,779830.55,0.0,C100285,152605.45,1153564.26,19,715,0,0,1,1,18.375820553954906,1.2835593706863626,0,0.1,0.016411146,-0.714184,0.37373918,-0.1839141,-1.2472199,-4.958706,-0.121256694
382,TRANSFER,2474.44,C101310,53776.77,51302.33,C101667,26352.58,28827.02,22,620,0,0,1,1,0.6288532331006685,0.04601317632130007,0,0.0,-2.44557,-1.9975752,-5.029045,-0.41750395,-0.60858834,-1.5936172,-0.120689884
382,TRANSFER,43536.3,C101664,80610.88,37074.58,C100459,9897.95,53434.25,22,536,0,0,1,1,0.3502144174926533,0.5400797014001087,0,0.0,-2.44557,-1.9975752,-5.029045,-0.41750395,-0.60858834,-1.5936172,-0.120689884
382,TRANSFER,18456.89,C101864,22148.27,3691.38,C100480,873123.59,891580.48,22,462,0,0,1,1,1.1199619294412801,0.8333332580829111,0,0.0,-2.44557,-1.9975752,-5.029045,-0.41750395,-0.60858834,-1.5936172,-0.120689884
382,TRANSFER,4120.61,C101197,77054.26,72933.65,C101054,57445.36,61565.97,22,386,0,2,1,1,0.8945121741733782,0.05347673185103588,0,0.0,-2.7135828,-1.5792158,-4.712847,-0.6368506,-0.6861274,-1.7824625,-0.07220097
382,TRANSFER,3509.19,C101387,54136.19,50627.01,C101227,91555.81,95064.99,22,414,0,1,1,1,0.048085465210696426,0.06482151773148424,0,0.0,-2.6663413,-1.7478483,-5.0304165,0.2978854,-0.61763954,-1.6313902,-0.08520533
382,TRANSFER,8648.45,C101450,14800.66,6152.21,C101930,27791.39,36439.84,22,601,0,0,1,1,0.06229490388110125,0.5843286718294995,0,0.0,-2.44557,-1.9975752,-5.029045,-0.41750395,-0.60858834,-1.5936172,-0.120689884
382,TRANSFER,7631.95,C101941,68513.86,60881.9,C100174,147568.96,155200.91,22,624,0,0,1,1,0.0942702614762522,0.11139278972167091,0,0.0,-2.44557,-1.9975752,-5.029045,-0.41750395,-0.60858834,-1.5936172,-0.120689884
382,TRANSFER,13183.67,C100168,40698.56,27514.89,C101508,190052.31,203235.98,22,639,0,1,1,1,1.1939096350400964,0.3239345568983276,0,0.0,-2.6663413,-1.7478483,-5.0304165,0.2978854,-0.61763954,-1.6313902,-0.08520533
383,TRANSFER,3714.52,C100581,315400.51,311685.98,C101172,318697.75,322412.28,23,527,0,0,1,1,0.9730544990757735,0.011777152801686973,0,0.0,-2.3431442,-1.7738352,-5.029045,-0.35394764,-0.57753015,2.5014837,-0.08444215
383,TRANSFER,3582.82,C100071,18246.03,14663.22,C100477,127268.78,130851.6,23,608,0,2,1,1,0.0369386930749443,0.19636161948654038,0,0.0,-2.6111565,-1.3985485,-4.712847,-0.6889008,-0.6550691,2.1970322,-0.04857337
383,TRANSFER,14011.16,C101017,351030.05,337018.89,C101072,14983.17,28994.33,23,703,0,0,1,1,1.474491160322318,0.039914417583337955,0,0.0,-2.3431442,-1.7738352,-5.029045,-0.35394764,-0.57753015,2.5014837,-0.08444215
383,TRANSFER,15812.02,C101056,58102.84,42290.83,C100736,31783.18,47595.2,23,418,0,2,1,1,0.23848793719567615,0.27213850476155726,0,0.0,-2.6111565,-1.3985485,-4.712847,-0.6889008,-0.6550691,2.1970322,-0.04857337
383,TRANSFER,30023.22,C100183,36027.86,6004.64,C101676,28095.07,58118.29,23,484,0,1,1,1,0.7793201778334139,0.833333425854325,0,0.1,-2.563915,-1.567181,-5.0304165,0.24583514,-0.58658135,2.3481047,-0.06157772
383,TRANSFER,14360.35,C101470,17232.42,2872.07,C101761,245551.57,259911.92,23,455,0,0,1,1,0.9780569818728095,0.8333333333333335,0,0.0,-2.3431442,-1.7738352,-5.029045,-0.35394764,-0.57753015,2.5014837,-0.08444215
383,TRANSFER,2606.96,C101327,106613.37,104006.4,C101275,25377.45,27984.41,23,707,0,0,1,1,0.976050271665878,0.024452467828378375,0,0.0,-2.3431442,-1.7738352,-5.029045,-0.35394764,-0.57753015,2.5014837,-0.08444215
383,TRANSFER,76303.97,C100155,203038.55,126734.58,C101850,200652.1,276956.07,23,362,0,0,1,1,0.8174078940375682,0.3758102586922533,21,0.0,-2.3638449,-1.7881237,-5.029045,-0.35200483,-0.57699746,2.4922519,-0.04269686
383,TRANSFER,15386.4,C100460,21779.06,6392.66,C100584,171486.94,186873.33,23,497,0,1,1,1,0.8260677202046182,0.7064767717247668,0,0.1,-2.563915,-1.567181,-5.0304165,0.24583514,-0.58658135,2.3481047,-0.06157772
383,TRANSFER,69233.53,C100769,248668.3,179434.77,C100939,40099.95,109333.48,23,510,0,0,1,1,0.4807817033794733,0.2784171927020855,0,0.0,-2.3431442,-1.7738352,-5.029045,-0.35394764,-0.57753015,2.5014837,-0.08444215
383,TRANSFER,9023.07,C100146,31849.73,22826.66,C101340,65003.49,74026.56,23,706,0,0,1,1,1.1239318930707738,0.28330130271120035,0,0.0,-2.3431442,-1.7738352,-5.029045,-0.35394764,-0.57753015,2.5014837,-0.08444215
383,TRANSFER,11298.29,C100878,36404.84,25106.55,C100195,10640.54,21938.83,23,545,0,0,1,1,0.13939579472657507,0.3103513159239267,0,0.0,-2.3431442,-1.7738352,-5.029045,-0.35394764,-0.57753015,2.5014837,-0.08444215
383,TRANSFER,3345.57,C100173,22927.11,19581.54,C101407,733325.89,736671.46,23,385,0,0,1,1,0.9373391123729063,0.1459220111038853,0,0.0,-2.3431442,-1.7738352,-5.029045,-0.35394764,-0.57753015,2.5014837,-0.08444215
383,TRANSFER,57834.69,C101774,365333.67,307498.98,C101375,47576.89,105411.59,23,437,0,2,1,1,0.7241404540970962,0.15830648732705094,0,0.0,-2.6111565,-1.3985485,-4.712847,-0.6889008,-0.6550691,2.1970322,-0.04857337
383,TRANSFER,8755.06,C100287,1518018.67,1509263.61,C100705,79901.05,88656.12,23,559,0,1,1,1,0.16298340957541352,0.005767425772174462,0,0.1,-2.563915,-1.567181,-5.0304165,0.24583514,-0.58658135,2.3481047,-0.06157772
383,TRANSFER,1577497.22,C101509,28454.24,0.0,MULE463622,0.0,1577497.22,2,-334,1,0,1,1,21.24930317031873,2.0,717,100.0,1.1791866,-0.08577211,2.293423,-0.26582596,-0.5414057,5.224132,0.94089514
383,TRANSFER,18437.81,C101031,196070.78,177632.98,C101925,286653.38,305091.19,23,687,0,0,1,1,1.1257372921050037,0.09403650049232222,0,0.0,-2.3431442,-1.7738352,-5.029045,-0.35394764,-0.57753015,2.5014837,-0.08444215
383,TRANSFER,30258.15,C101283,472322.1,442063.95,C101270,361399.97,391658.11,23,410,0,2,1,1,0.9669651718754975,0.06406253275042605,0,0.0,-2.6111565,-1.3985485,-4.712847,-0.6889008,-0.6550691,2.1970322,-0.04857337
383,TRANSFER,59670.66,C101479,100918.96,41248.29,C101678,43289.91,102960.57,23,402,0,2,1,1,0.8144512039174732,0.5912730372964604,0,0.0,-2.6111565,-1.3985485,-4.712847,-0.6889008,-0.6550691,2.1970322,-0.04857337
383,TRANSFER,3415.41,C100428,96741.32,93325.92,C101924,100209.32,103624.73,23,442,0,0,1,1,1.0297562318400997,0.03530456272459379,0,0.0,-2.3431442,-1.7738352,-5.029045,-0.35394764,-0.57753015,2.5014837,-0.08444215
383,TRANSFER,72386.38,C101135,86863.66,14477.28,C100422,634040.86,706427.24,23,618,0,1,1,1,1.5859224295390013,0.8333332949590198,0,0.1,-2.563915,-1.567181,-5.0304165,0.24583514,-0.58658135,2.3481047,-0.06157772
383,TRANSFER,22696.92,C100569,173378.58,150681.66,C101822,91445.17,114142.09,23,593,0,2,1,1,1.333514330173993,0.1309095967910223,0,0.0,-2.6111565,-1.3985485,-4.712847,-0.6889008,-0.6550691,2.1970322,-0.04857337
383,TRANSFER,7543.9,C100923,45553.97,38010.07,C100010,21645.43,29189.33,23,410,0,0,1,1,0.17588010883001098,0.16560356869006146,0,0.0,-2.3431442,-1.7738352,-5.029045,-0.35394764,-0.57753015,2.5014837,-0.08444215
384,TRANSFER,6591.6,C101211,91691.15,85099.55,C100406,139927.51,146519.11,0,446,0,1,1,1,0.1353439185746746,0.07188916269454577,0,0.0,-3.154489,-1.6310449,-5.658995,0.23644252,-0.54399574,2.3775933,-0.13000211
384,TRANSFER,10647.09,C100091,210088.64,199441.55,C100229,137688.26,148335.36,0,470,0,2,1,1,0.08865033594142348,0.05067903719115893,0,0.0,-3.1631603,-1.496302,-5.413605,-0.23514885,-0.57324165,2.6896653,-0.11812753
384,TRANSFER,20952.06,C101376,209034.44,188082.38,C101498,74776.87,95728.93,0,626,0,0,1,1,0.29027244009161857,0.1002325741155381,0,0.0,-2.9275367,-1.8225812,-5.6584744,-0.4786451,-0.53900033,2.4156675,-0.16548668
384,TRANSFER,33118.22,C100216,100060.8,66942.57,C101011,64608.91,97727.13,0,533,0,1,1,1,1.398053092796134,0.3309809635741469,0,0.0,-3.154489,-1.6310449,-5.658995,0.23644252,-0.54399574,2.3775933,-0.13000211
384,TRANSFER,7180.86,C101908,28318.74,21137.87,C100207,166906.13,174086.99,0,679,0,0,1,1,0.1357560231849173,0.25357272251519664,0,0.0,-2.9275367,-1.8225812,-5.6584744,-0.4786451,-0.53900033,2.4156675,-0.16548668
384,TRANSFER,2906.46,C100531,189214.08,186307.62,C100798,196424.8,199331.26,0,404,0,0,1,1,0.030109163785905182,0.015360696201889417,0,0.0,-2.9275367,-1.8225812,-5.6584744,-0.4786451,-0.53900033,2.4156675,-0.16548668
384,TRANSFER,1046678.59,C100111,179084.25,0.0,C100565,31893.42,1078572.0,14,7,0,3,1,1,8.077532268271653,2.0,377,1.0,-0.7989121,-0.121383004,1.7647444,-1.3634589,-1.5376201,-2.3885736,-0.14497907
384,TRANSFER,17049.39,C101031,196070.78,179021.39,C101808,87672.56,104721.95,0,687,0,1,1,1,1.0409660437243973,0.08695528216902079,0,0.0,-3.154489,-1.6310449,-5.658995,0.23644252,-0.54399574,2.3775933,-0.13000211
384,TRANSFER,13553.58,C100766,16264.3,2710.72,C101184,225959.19,239512.78,0,596,0,1,1,1,0.9261034407228498,0.8333331283854823,0,0.0,-3.154489,-1.6310449,-5.658995,0.23644252,-0.54399574,2.3775933,-0.13000211
384,TRANSFER,931115.1,C100374,64496.31,0.0,C101786,66484.9,997600.01,17,691,0,0,1,1,13.69375997920313,2.0,0,1.2,-0.2752768,-0.035362985,1.7940946,-0.13756368,-1.0038847,-4.5839915,-0.19200718
384,TRANSFER,13032.03,C101113,251559.62,238527.59,C100919,294956.41,307988.44,0,530,0,0,1,1,1.357195151823827,0.051804935943216966,0,0.0,-2.9275367,-1.8225812,-5.6584744,-0.4786451,-0.53900033,2.4156675,-0.16548668
384,TRANSFER,1871.02,C101874,21280.53,19409.51,C101959,36510.3,38381.33,0,537,0,0,1,1,0.03360509786220159,0.0879216824017071,0,0.0,-2.9275367,-1.8225812,-5.6584744,-0.4786451,-0.53900033,2.4156675,-0.16548668
384,TRANSFER,12116.7,C100818,243639.9,231523.2,C101162,192097.02,204213.72,0,460,0,1,1,1,0.1962409501571965,0.04973200202429898,0,0.0,-3.154489,-1.6310449,-5.658995,0.23644252,-0.54399574,2.3775933,-0.13000211
384,TRANSFER,19760.22,C101830,30915.47,11155.25,C101515,68502.58,88262.79,0,492,0,0,1,1,0.2854786892042712,0.6391693220255102,0,0.0,-2.9275367,-1.8225812,-5.6584744,-0.4786451,-0.53900033,2.4156675,-0.16548668
385,TRANSFER,23551.77,C100256,147030.39,123478.62,C101646,544549.53,568101.3,1,411,0,0,1,1,1.2141253612856873,0.1601830070640498,0,0.0,-2.9275367,-1.8225812,-5.6584744,-0.4786451,-0.53900033,2.4156675,-0.16548668
385,TRANSFER,70042.11,C100176,175823.23,105781.12,C101314,364013.25,434055.36,1,575,0,1,1,1,0.9765275499624416,0.39836664358856333,0,0.0,-3.154489,-1.6310449,-5.658995,0.23644252,-0.54399574,2.3775933,-0.13000211
385,TRANSFER,80653.15,C100349,242643.46,161990.31,C101099,200703.68,281356.83,1,467,0,0,1,1,1.3213277475062841,0.3323936692956818,0,0.0,-2.9275367,-1.8225812,-5.6584744,-0.4786451,-0.53900033,2.4156675,-0.16548668
385,TRANSFER,43282.31,C100048,111603.53,68321.23,C100441,195909.65,239191.96,1,674,0,0,1,1,0.8299918081592486,0.3878220518652053,0,0.0,-2.9275367,-1.8225812,-5.6584744,-0.4786451,-0.53900033,2.4156675,-0.16548668
385,TRANSFER,2210418.0,C100628,37043.5,0.0,C100658,84979.97,2295397.97,3,-47,1,5,0,1,22.751724045064815,2.0,432,100.0,3.8251226,0.46330193,2.112375,-0.076820925,2.803707,3.1467788,0.012150921
385,TRANSFER,8816.59,C101936,416514.16,407697.57,C101024,80459.43,89276.02,1,606,0,1,1,1,0.679017334731648,0.021167563666983136,0,0.0,-3.154489,-1.6310449,-5.658995,0.23644252,-0.54399574,2.3775933,-0.13000211
385,TRANSFER,1180353.41,C101554,300206.87,0.0,C101562,21867.01,1202220.41,16,146,0,6,1,1,16.825024691289684,2.0,239,2.0,-1.0805252,0.6179522,1.7754107,-1.5284785,-1.5802534,-1.7445323,-0.4055758
385,TRANSFER,82319.97,C100378,103897.2,21577.23,C101110,130894.11,213214.08,1,453,0,1,1,1,1.3468691110501103,0.7923213522597337,0,0.0,-3.154489,-1.6310449,-5.658995,0.23644252,-0.54399574,2.3775933,-0.13000211
385,TRANSFER,8454.99,C101669,116337.18,107882.19,C101905,1859059.79,1867514.78,1,374,0,1,1,1,1.3715947342379975,0.07267659401749295,11,0.0,-3.1689122,-1.6378384,-5.658995,0.23524648,-0.54346305,2.394972,-0.08378953
385,TRANSFER,1877.82,C101394,198897.29,197019.47,C101269,36967.81,38845.64,1,494,0,1,1,1,0.9745900913107773,0.009441154276159318,0,0.0,-3.154489,-1.6310449,-5.658995,0.23644252,-0.54399574,2.3775933,-0.13000211
385,TRANSFER,33507.88,C100215,100375.94,66868.07,C101457,31831.39,65339.26,1,483,0,0,1,1,0.4626759345978361,0.33382382272086314,0,0.0,-2.9275367,-1.8225812,-5.6584744,-0.4786451,-0.53900033,2.4156675,-0.16548668
385,TRANSFER,6537.08,C101017,351030.05,344492.97,C100025,16878.99,23416.08,1,703,0,1,1,1,0.6879420886150626,0.018622565219131526,0,0.0,-3.154489,-1.6310449,-5.658995,0.23644252,-0.54399574,2.3775933,-0.13000211
385,TRANSFER,48086.65,C100190,235936.51,187849.87,C101491,31370.59,79457.24,1,656,0,0,1,1,0.6141460819524562,0.20381182208722168,0,0.0,-2.9275367,-1.8225812,-5.6584744,-0.4786451,-0.53900033,2.4156675,-0.16548668
385,TRANSFER,24813.83,C100279,29776.6,4962.77,C100722,12313.68,37127.51,1,443,0,1,1,1,0.333655059297663,0.8333332213886072,0,0.0,-3.154489,-1.6310449,-5.658995,0.23644252,-0.54399574,2.3775933,-0.13000211
385,TRANSFER,1159.18,C100504,425606.39,424447.2,C101790,55700.21,56859.39,1,710,0,0,1,1,0.0128358358625268,0.0027235963257036624,0,0.0,-2.9275367,-1.8225812,-5.6584744,-0.4786451,-0.53900033,2.4156675,-0.16548668
385,TRANSFER,16366.26,C101233,280327.38,263961.13,C101289,28732.81,45099.07,1,468,0,0,1,1,0.07713200442878704,0.05838266672345741,0,0.0,-2.9275367,-1.8225812,-5.6584744,-0.4786451,-0.53900033,2.4156675,-0.16548668
385,TRANSFER,8496.43,C101382,940394.7,931898.27,C101311,214730.01,223226.45,1,659,0,0,1,1,0.8660320613642769,0.009034961596444558,0,0.0,-2.9275367,-1.8225812,-5.6584744,-0.4786451,-0.53900033,2.4156675,-0.16548668
385,TRANSFER,20662.06,C101375,47576.89,26914.83,C100784,156642.63,177304.69,1,717,0,0,1,1,0.9897890174749299,0.43428773927846065,0,0.0,-2.9275367,-1.8225812,-5.6584744,-0.4786451,-0.53900033,2.4156675,-0.16548668
386,TRANSFER,13061.25,C100713,25128.35,12067.1,C100337,268721.46,281782.71,2,527,0,0,1,1,0.906076340740533,0.5197814420763799,0,0.0,-2.9705603,-1.8473557,-5.6584744,-0.4786451,-0.53900033,2.3465033,-0.16548668
386,TRANSFER,59348.52,C100417,71218.23,11869.7,C101533,150590.11,209938.63,2,716,0,0,1,1,1.233474914771109,0.83333326312659,0,0.0,-2.9705603,-1.8473557,-5.6584744,-0.4786451,-0.53900033,2.3465033,-0.16548668
386,TRANSFER,30654.26,C101928,36785.11,6130.85,C100199,37195.07,67849.33,2,694,0,0,1,1,0.9796381505455283,0.8333333786415209,0,0.0,-2.9705603,-1.8473557,-5.6584744,-0.4786451,-0.53900033,2.3465033,-0.16548668
386,TRANSFER,14407.61,C101656,74651.0,60243.39,C101605,259709.83,274117.44,2,388,0,3,1,1,0.18318426262624024,0.19299955794296125,0,0.0,-3.1830635,-1.5458571,-5.402201,-0.16540456,-0.62895447,2.5949473,-0.116349414
386,TRANSFER,14955.69,C101584,143029.02,128073.33,C100116,106429.49,121385.18,2,512,0,0,1,1,1.3104061597390897,0.10456402483915503,0,0.0,-2.9705603,-1.8473557,-5.6584744,-0.4786451,-0.53900033,2.3465033,-0.16548668
386,TRANSFER,20817.56,C101375,47576.89,26759.33,C101540,122083.34,142900.9,2,717,0,1,1,1,0.9972380420260807,0.4375561328199469,0,0.0,-3.1975121,-1.6558194,-5.658995,0.23644252,-0.54399574,2.3084285,-0.13000211
386,TRANSFER,21305.45,C100927,137610.66,116305.21,C100313,105569.76,126875.21,2,383,0,0,1,1,0.3119772569415077,0.1548241248170745,3,0.0,-2.991261,-1.8473557,-5.6584744,-0.47670233,-0.53846765,2.3465033,-0.14726128
386,TRANSFER,36785.65,C101511,44142.78,7357.13,C101901,218607.1,255392.75,2,446,0,0,1,1,0.48918694943493285,0.8333333333333334,0,0.0,-2.9705603,-1.8473557,-5.6584744,-0.4786451,-0.53900033,2.3465033,-0.16548668
386,TRANSFER,7402.11,C100672,56542.26,49140.15,C101055,25185.1,32587.21,2,673,0,0,1,1,0.0877859591745853,0.1309128782613217,0,0.0,-2.9705603,-1.8473557,-5.6584744,-0.4786451,-0.53900033,2.3465033,-0.16548668
386,TRANSFER,13649.78,C100878,36404.84,22755.06,C101553,12772.89,26422.67,2,545,0,1,1,1,0.1684079565087203,0.374944100839339,0,0.0,-3.1975121,-1.6558194,-5.658995,0.23644252,-0.54399574,2.3084285,-0.13000211
386,TRANSFER,3911.81,C101466,506333.03,502421.21,C101750,70373.01,74284.83,2,687,0,1,1,1,1.0319114053643534,0.007725764997002072,0,0.0,-3.1975121,-1.6558194,-5.658995,0.23644252,-0.54399574,2.3084285,-0.13000211
386,TRANSFER,3435.66,C101874,21280.53,17844.87,C100538,206349.82,209785.48,2,537,0,1,1,1,0.061707352418066894,0.161446166989262,0,0.0,-3.1975121,-1.6558194,-5.658995,0.23644252,-0.54399574,2.3084285,-0.13000211
386,TRANSFER,22214.95,C100386,26657.94,4442.99,C100166,2885414.43,2907629.38,2,716,0,0,1,1,0.17514610817415388,0.8333333333333334,0,0.0,-2.9705603,-1.8473557,-5.6584744,-0.4786451,-0.53900033,2.3465033,-0.16548668
386,TRANSFER,71330.98,C101258,85597.18,14266.2,C100009,209150.78,280481.76,2,679,0,0,1,1,0.9961275669852114,0.8333332943912405,0,0.0,-2.9705603,-1.8473557,-5.6584744,-0.4786451,-0.53900033,2.3465033,-0.16548668
387,TRANSFER,15724.99,C101334,105603.5,89878.51,C101631,411976.18,427701.17,3,552,0,2,1,1,0.8564994103358656,0.14890595482157315,0,0.0,-3.2061844,-1.5210766,-5.413605,-0.23514885,-0.57324165,2.6205006,-0.11812753
387,TRANSFER,1058692.26,C101541,150603.16,0.0,C101432,65573.31,1124265.57,19,307,0,4,1,1,14.303949035154131,2.0,80,0.0,-0.7257087,-0.2657329,1.6676048,-1.649572,-1.431849,-5.1399956,-0.1836399
387,TRANSFER,21927.46,C100279,26312.95,4385.49,C100992,91963.71,113891.17,3,443,0,2,1,1,0.2948439626831945,0.833333396673501,0,0.0,-3.2061844,-1.5210766,-5.413605,-0.23514885,-0.57324165,2.6205006,-0.11812753
387,TRANSFER,42269.2,C100514,114518.08,72248.89,C101825,72621.21,114890.4,3,719,0,1,1,1,1.3806614888431163,0.36910503564153363,0,0.0,-3.1975121,-1.6558194,-5.658995,0.23644252,-0.54399574,2.3084285,-0.13000211
387,TRANSFER,34869.91,C101260,112301.04,77431.14,C101143,134085.38,168955.28,3,443,0,0,1,1,0.4083049473427645,0.3105038920387559,0,0.0,-2.9705603,-1.8473557,-5.6584744,-0.4786451,-0.53900033,2.3465033,-0.16548668
387,TRANSFER,14743.43,C101488,109909.3,95165.87,C101124,132081.33,146824.76,3,498,0,0,1,1,0.8270453792531547,0.13414178781959307,0,0.0,-2.9705603,-1.8473557,-5.6584744,-0.4786451,-0.53900033,2.3465033,-0.16548668
387,TRANSFER,1034961.34,C101851,40521.33,0.0,C101060,406013.23,1440974.56,15,33,0,0,1,1,15.608265584455078,2.0,354,56.9,0.0649919,2.3442473,1.895237,-0.27453172,-1.0858848,-2.5208383,-0.18265922
387,TRANSFER,2714.81,C100824,99808.43,97093.61,C100863,3880356.06,3883070.87,3,469,0,0,1,1,1.2869136607742595,0.027200207437387804,0,0.0,-2.9705603,-1.8473557,-5.6584744,-0.4786451,-0.53900033,2.3465033,-0.16548668
387,TRANSFER,1367918.53,C101532,473733.15,0.0,C101585,1131216.8,2499135.34,18,485,0,0,1,1,9.354887854631547,2.0,0,2.2,0.50414115,0.09078896,1.8213081,-0.3991862,-0.9080613,-4.5241437,-0.4038968
387,TRANSFER,79546.19,C100769,248668.3,169122.11,C100683,43125.14,122671.33,3,510,0,1,1,1,0.5523963999170233,0.31988874335812006,0,0.0,-3.1975121,-1.6558194,-5.658995,0.23644252,-0.54399574,2.3084285,-0.13000211
387,TRANSFER,5077.6,C100521,837982.55,832904.95,C100983,134745.78,139823.38,3,588,0,0,1,1,1.0055793453812338,0.006059314719620355,0,0.0,-2.9705603,-1.8473557,-5.6584744,-0.4786451,-0.53900033,2.3465033,-0.16548668
387,TRANSFER,6320.28,C101015,50008.3,43688.02,C100429,878935.03,885255.32,3,626,0,0,1,1,0.07886229746712624,0.12638462015305457,0,0.0,-2.9705603,-1.8473557,-5.6584744,-0.4786451,-0.53900033,2.3465033,-0.16548668
387,TRANSFER,4724.82,C100702,268996.16,264271.35,C101600,315493.93,320218.74,3,603,0,0,1,1,0.9228115292589217,0.017564637353931,0,0.0,-2.9705603,-1.8473557,-5.6584744,-0.4786451,-0.53900033,2.3465033,-0.16548668
387,TRANSFER,67247.14,C100183,80696.56,13449.43,C100806,783368.78,850615.92,3,484,0,2,1,1,1.7455507138670827,0.8333334159473464,0,0.0,-3.2061844,-1.5210766,-5.413605,-0.23514885,-0.57324165,2.6205006,-0.11812753
387,TRANSFER,4149.25,C100335,109271.79,105122.54,C101421,85956.62,90105.87,3,582,0,1,1,1,0.028681314732319954,0.03797183152211564,0,0.0,-3.1975121,-1.6558194,-5.658995,0.23644252,-0.54399574,2.3084285,-0.13000211
387,TRANSFER,27198.68,C100550,32638.41,5439.74,C101178,209511.0,236709.68,3,373,0,0,1,1,0.31399892216178493,0.8333334865270704,14,0.0,-2.991261,-1.8541491,-5.6584744,-0.47670233,-0.53846765,2.3638818,-0.11613525
387,TRANSFER,27053.08,C101471,68607.56,41554.48,C101396,33367.74,60420.82,3,608,0,0,1,1,0.6090995162763505,0.39431631149686713,0,0.0,-2.9705603,-1.8473557,-5.6584744,-0.4786451,-0.53900033,2.3465033,-0.16548668
387,TRANSFER,1345780.3,C101326,199246.3,0.0,C101232,27164.17,1372944.47,8,271,0,1,1,1,15.511424587862372,2.0,116,15.7,0.8948838,1.2556986,1.6210169,0.30913502,-0.94940406,-4.8111916,-0.035289824
387,TRANSFER,4258.39,C101320,14364.16,10105.78,C101005,56668.53,60926.92,3,493,0,1,1,1,0.6400905123539459,0.29645938224024243,0,0.0,-3.1975121,-1.6558194,-5.658995,0.23644252,-0.54399574,2.3084285,-0.13000211
387,TRANSFER,5767.7,C101211,91691.15,85923.45,C101950,41258.27,47025.97,3,446,0,2,1,1,0.11842695539218863,0.06290356266662596,0,0.0,-3.2061844,-1.5210766,-5.413605,-0.23514885,-0.57324165,2.6205006,-0.11812753
387,TRANSFER,29212.91,C101718,170477.42,141264.51,C100602,88840.44,118053.34,3,570,0,0,1,1,1.442163928890612,0.17135940935755595,0,0.0,-2.9705603,-1.8473557,-5.6584744,-0.4786451,-0.53900033,2.3465033,-0.16548668
387,TRANSFER,91691.66,C100642,110030.0,18338.33,C101075,35291.18,126982.84,3,648,0,1,1,1,0.6863114622429285,0.8333332727437972,0,0.0,-3.1975121,-1.6558194,-5.658995,0.23644252,-0.54399574,2.3084285,-0.13000211
387,TRANSFER,6826.23,C101686,23034.25,16208.02,C101881,533886.55,540712.78,3,570,0,1,1,1,0.8459723480857497,0.2963513029510403,0,0.0,-3.1975121,-1.6558194,-5.658995,0.23644252,-0.54399574,2.3084285,-0.13000211
388,TRANSFER,1378120.22,C100769,248668.3,0.0,C100620,43413.81,1421534.03,12,510,0,2,1,1,9.570145951438478,2.0,0,0.7,0.2326874,0.03788218,1.7218282,-0.9641765,-1.1926554,-4.5501223,-0.34502116
388,TRANSFER,14093.17,C101570,235826.01,221732.85,C100153,27154.91,41248.08,4,584,0,2,1,1,1.0778980874808424,0.05976088048981535,0,0.0,-3.2493896,-1.5650817,-5.413605,-0.23514885,-0.5779855,2.499351,-0.11812753
388,TRANSFER,8955.72,C101581,1161768.67,1152812.95,C101701,33865.93,42821.64,4,549,0,0,1,1,0.8164007234433569,0.007708694709420938,0,0.0,-3.013765,-1.8913609,-5.6584744,-0.4786451,-0.54374427,2.2253532,-0.16548668
388,TRANSFER,9239.88,C100295,300526.4,291286.52,C100101,12614.69,21854.57,4,510,0,0,1,1,0.6268454812605365,0.030745651629939995,0,0.0,-3.013765,-1.8913609,-5.6584744,-0.4786451,-0.54374427,2.2253532,-0.16548668
388,TRANSFER,7427.41,C100066,314098.16,306670.75,C100058,47893.58,55320.99,4,482,0,1,1,1,0.7986713990021407,0.023646779720072224,0,0.0,-3.2407174,-1.6998246,-5.658995,0.23644252,-0.5487397,2.1872785,-0.13000211
388,TRANSFER,12082.36,C101265,158604.88,146522.52,C101132,105050.72,117133.08,4,481,0,2,1,1,0.17871658947647612,0.07617899272708381,0,0.0,-3.2493896,-1.5650817,-5.413605,-0.23514885,-0.5779855,2.499351,-0.11812753
388,TRANSFER,8757.78,C101985,46797.78,38040.0,C101929,39868.87,48626.65,4,456,0,0,1,1,0.1015863997835058,0.18714092847994074,0,0.0,-3.013765,-1.8913609,-5.6584744,-0.4786451,-0.54374427,2.2253532,-0.16548668
388,TRANSFER,14896.11,C101031,196070.78,181174.68,C100934,39884.25,54780.35,4,687,0,2,1,1,0.9094955710194577,0.07597312562330807,0,0.0,-3.2493896,-1.5650817,-5.413605,-0.23514885,-0.5779855,2.499351,-0.11812753
388,TRANSFER,3447.72,C101574,47570.07,44122.34,C101082,130008.15,133455.88,4,629,0,0,1,1,0.06873284146749209,0.07247666442365966,0,0.0,-3.013765,-1.8913609,-5.6584744,-0.4786451,-0.54374427,2.2253532,-0.16548668
388,TRANSFER,6319.0,C101312,80096.75,73777.75,C100790,582747.02,589066.02,4,622,0,1,1,1,0.8504521433732651,0.07889208987880282,0,0.0,-3.2407174,-1.6998246,-5.658995,0.23644252,-0.5487397,2.1872785,-0.13000211
388,TRANSFER,6410.09,C100923,45553.97,39143.88,C100861,210963.83,217373.92,4,410,0,1,1,1,0.1494462183764585,0.1407141902231573,0,0.0,-3.2407174,-1.6998246,-5.658995,0.23644252,-0.5487397,2.1872785,-0.13000211
388,TRANSFER,36982.52,C101622,44379.02,7396.5,C101562,21867.01,58849.53,4,707,0,0,1,1,0.30965530378355743,0.8333334084438998,0,0.0,-3.013765,-1.8913609,-5.6584744,-0.4786451,-0.54374427,2.2253532,-0.16548668
388,TRANSFER,2983.48,C100454,60316.39,57332.92,C101111,424462.48,427445.96,4,605,0,1,1,1,0.23956113486976816,0.049463835617483076,0,0.0,-3.2407174,-1.6998246,-5.658995,0.23644252,-0.5487397,2.1872785,-0.13000211
388,TRANSFER,9295.51,C100144,41631.91,32336.39,C101151,33163.42,42458.93,4,369,0,0,1,1,1.5684184874492428,0.22327848998520605,19,0.0,-3.0344658,-1.8981543,-5.6584744,-0.47670233,-0.5432116,2.2427318,-0.11613525
388,TRANSFER,4233.21,C100277,949249.54,945016.33,C101274,9895.36,14128.56,4,393,0,1,1,1,0.0737020536513082,0.004459533369908191,0,0.0,-3.2407174,-1.6998246,-5.658995,0.23644252,-0.5487397,2.1872785,-0.13000211
389,TRANSFER,8286.55,C101918,128752.9,120466.34,C100738,1885855.89,1894142.44,5,441,0,0,1,1,0.13023999497256064,0.0643601037335858,0,0.0,-2.3673913,-1.6530298,-3.7581031,-0.6128197,-0.6993303,-2.6518826,-0.21017267
389,TRANSFER,20010.65,C101659,99227.37,79216.72,C100071,18246.03,38256.68,5,573,0,0,1,1,1.3909822328008306,0.20166462136404503,0,0.0,-2.3673913,-1.6530298,-3.7581031,-0.6128197,-0.6993303,-2.6518826,-0.21017267
389,TRANSFER,15237.29,C101028,35985.13,20747.84,C101575,10122.11,25359.4,5,375,0,1,1,1,0.12673492681026766,0.4234329568908047,14,0.0,-2.608767,-1.4714916,-3.7594745,0.19203712,-0.7240934,-2.5816138,-0.110738836
389,TRANSFER,12451.11,C101134,52480.24,40029.13,C100807,9910.22,22361.33,5,502,0,0,1,1,0.11451366816180089,0.23725329762211456,0,0.0,-2.3673913,-1.6530298,-3.7581031,-0.6128197,-0.6993303,-2.6518826,-0.21017267
389,TRANSFER,5998.36,C100697,117566.14,111567.79,C100480,873123.59,879121.95,5,571,0,1,1,1,0.18031171129957269,0.05102115285914805,0,0.0,-2.5943441,-1.4646981,-3.7594745,0.19323318,-0.7246261,-2.5989926,-0.15695137
389,TRANSFER,3497.81,C101574,47570.07,44072.26,C101285,331346.44,334844.25,5,629,0,1,1,1,0.06973142256720631,0.0735296374379941,0,0.0,-2.5943441,-1.4646981,-3.7594745,0.19323318,-0.7246261,-2.5989926,-0.15695137
389,TRANSFER,3714.82,C100866,182073.63,178358.81,C101566,233472.17,237186.99,5,679,0,0,1,1,0.9249009368526626,0.020402844717271797,0,0.0,-2.3673913,-1.6530298,-3.7581031,-0.6128197,-0.6993303,-2.6518826,-0.21017267
389,TRANSFER,6090.83,C100702,268996.16,262905.33,C101263,683028.98,689119.82,5,603,0,1,1,1,1.1896089473791844,0.02264281393459297,0,0.0,-2.5943441,-1.4646981,-3.7594745,0.19323318,-0.7246261,-2.5989926,-0.15695137
389,TRANSFER,6251.48,C100366,378237.13,371985.64,C101288,60635.73,66887.21,5,646,0,0,1,1,0.07799832379175688,0.016527938439042194,0,0.0,-2.3673913,-1.6530298,-3.7581031,-0.6128197,-0.6993303,-2.6518826,-0.21017267
389,TRANSFER,3803.16,C101844,109447.35,105644.19,C101477,75554.79,79357.95,5,545,0,0,1,1,1.1415347488609144,0.03474876276127288,0,0.0,-2.3673913,-1.6530298,-3.7581031,-0.6128197,-0.6993303,-2.6518826,-0.21017267
389,TRANSFER,10317.88,C100438,325998.22,315680.34,C101941,68513.86,78831.73,5,455,0,0,1,1,1.408249868306174,0.03165011146379879,0,0.0,-2.3673913,-1.6530298,-3.7581031,-0.6128197,-0.6993303,-2.6518826,-0.21017267
389,TRANSFER,26669.98,C100938,60991.76,34321.78,C101939,583350.59,610020.57,5,568,0,0,1,1,0.2325334278757443,0.4372718544275489,0,0.0,-2.3673913,-1.6530298,-3.7581031,-0.6128197,-0.6993303,-2.6518826,-0.21017267
389,TRANSFER,1523.59,C100540,175657.15,174133.57,C101279,61104.2,62627.79,5,713,0,0,1,1,0.6458167702879608,0.008673657747492772,0,0.0,-2.3673913,-1.6530298,-3.7581031,-0.6128197,-0.6993303,-2.6518826,-0.21017267
389,TRANSFER,10748.09,C101980,146223.76,135475.66,C100082,24725.49,35473.59,5,545,0,0,1,1,0.6331304516526701,0.07350440174702114,0,0.0,-2.3673913,-1.6530298,-3.7581031,-0.6128197,-0.6993303,-2.6518826,-0.21017267
389,TRANSFER,2232373.96,C100889,66241.93,0.0,C101845,503903.04,2736276.99,16,-328,1,4,0,1,14.352011252046355,2.0,717,100.0,3.91594,0.23478632,1.9989911,-0.34578544,4.0029817,-0.08720731,0.54898417
389,TRANSFER,134880.11,C101194,161856.13,26976.02,C101113,251559.62,386439.73,5,390,0,2,1,1,1.2512588787682422,0.8333333436305439,0,0.0,-2.5982978,-1.2960657,-3.47151,-0.35090783,-0.76111835,-2.3594697,-0.14507683
389,TRANSFER,14929.09,C100359,650569.22,635640.13,C101525,648130.75,663059.84,5,552,0,1,1,1,1.3489923312772563,0.02294773490820854,0,0.0,-2.5943441,-1.4646981,-3.7594745,0.19323318,-0.7246261,-2.5989926,-0.15695137
390,TRANSFER,12563.85,C101759,15076.62,2512.77,C101052,33381.55,45945.4,6,564,0,1,1,1,0.13228068900234302,0.8333333333333333,0,0.0,-2.5943441,-1.4646981,-3.7594745,0.19323318,-0.7246261,-2.5989926,-0.15695137
390,TRANSFER,44631.85,C101464,178036.37,133404.52,C100477,127268.78,171900.63,6,522,0,0,1,1,1.2519254696090811,0.25068950799210293,0,0.0,-2.3673913,-1.6530298,-3.7581031,-0.6128197,-0.6993303,-2.6518826,-0.21017267
390,TRANSFER,43626.28,C101258,52351.54,8725.26,C100253,5667.36,49293.65,6,679,0,1,1,1,0.6092351479401459,0.8333332696612172,0,0.0,-2.5943441,-1.4646981,-3.7594745,0.19323318,-0.7246261,-2.5989926,-0.15695137
390,TRANSFER,25742.86,C101258,34479.57,8736.71,C100445,2245304.17,2271047.03,6,679,0,1,1,1,0.3594955866166555,0.7466119792097176,0,0.0,-2.5943441,-1.4646981,-3.7594745,0.19323318,-0.7246261,-2.5989926,-0.15695137
390,TRANSFER,4450.25,C101490,23043.94,18593.69,C101056,58102.84,62553.09,6,503,0,0,1,1,0.615655552460158,0.19312018691248112,0,0.0,-2.3673913,-1.6530298,-3.7581031,-0.6128197,-0.6993303,-2.6518826,-0.21017267
390,TRANSFER,4241.82,C101639,19628.27,15386.46,C101004,71794.84,76036.65,6,648,0,1,1,1,0.4103572687929982,0.21610768549648032,0,0.0,-2.5943441,-1.4646981,-3.7594745,0.19323318,-0.7246261,-2.5989926,-0.15695137
390,TRANSFER,9374.3,C101382,940394.7,931020.4,C101240,375641.93,385016.22,6,659,0,1,1,1,0.9555124155494884,0.009968473875916144,0,0.0,-2.5943441,-1.4646981,-3.7594745,0.19323318,-0.7246261,-2.5989926,-0.15695137
390,TRANSFER,16327.03,C101115,242456.27,226129.24,C100086,88049.73,104376.76,6,479,0,0,1,1,1.0921985855138958,0.06734010219657344,0,0.0,-2.3673913,-1.6530298,-3.7581031,-0.6128197,-0.6993303,-2.6518826,-0.21017267
390,TRANSFER,11756.81,C100053,3044740.12,3032983.31,C100463,23702.69,35459.5,6,660,0,0,1,1,1.1405017412705427,0.0038613508991368365,0,0.0,-2.3673913,-1.6530298,-3.7581031,-0.6128197,-0.6993303,-2.6518826,-0.21017267
390,TRANSFER,8998.0,C100643,31313.23,22315.23,C100970,338969.12,347967.11,6,445,0,0,1,1,0.18244522250798575,0.28735457824057115,0,0.0,-2.3673913,-1.6530298,-3.7581031,-0.6128197,-0.6993303,-2.6518826,-0.21017267
390,TRANSFER,8901.66,C100486,112254.74,103353.08,C101486,237872.54,246774.2,6,664,0,1,1,1,1.3857903683942625,0.0792987449794993,0,0.0,-2.5943441,-1.4646981,-3.7594745,0.19323318,-0.7246261,-2.5989926,-0.15695137
390,TRANSFER,11842.07,C100260,14210.48,2368.41,C101870,100815.19,112657.25,6,505,0,1,1,1,1.1400806350525452,0.8333335679019991,0,0.0,-2.5943441,-1.4646981,-3.7594745,0.19323318,-0.7246261,-2.5989926,-0.15695137
390,TRANSFER,22674.82,C101708,83245.76,60570.94,C101521,103611.51,126286.33,6,476,0,0,1,1,0.6086628721790232,0.27238408298512745,0,0.0,-2.3673913,-1.6530298,-3.7581031,-0.6128197,-0.6993303,-2.6518826,-0.21017267
390,TRANSFER,17101.27,C100279,20521.52,3420.25,C100145,42911.0,60012.27,6,443,0,3,1,1,0.22994939740924092,0.8333334957644463,0,0.0,-2.475803,-1.2916518,-3.3898907,0.0047643343,-0.84333175,-2.099094,-0.14329872
390,TRANSFER,1152032.38,C101242,134786.88,0.0,C100986,127088.83,1279121.21,12,-423,0,0,1,1,8.292390436568198,2.0,813,1.3,-0.8772303,0.23347458,1.7378148,-0.41026926,-1.1141466,-4.7887235,0.8221196
390,TRANSFER,51084.85,C100183,61301.82,10216.97,C101824,66511.86,117596.71,6,484,0,3,1,1,1.3260221384179736,0.8333333333333333,0,0.0,-2.475803,-1.2916518,-3.3898907,0.0047643343,-0.84333175,-2.099094,-0.14329872
390,TRANSFER,31910.16,C101890,38292.19,6382.03,C100212,465107.46,497017.62,6,660,0,0,1,1,0.8978172683261118,0.8333333768583097,0,0.0,-2.3673913,-1.6530298,-3.7581031,-0.6128197,-0.6993303,-2.6518826,-0.21017267
391,TRANSFER,1024736.75,C100825,85860.57,0.0,C101233,280327.38,1305064.13,14,2,0,1,1,1,17.261942431265293,2.0,389,48.9,-0.15968126,1.1656199,1.8818407,0.2906496,-1.1940981,-1.87511,-0.18792939
391,TRANSFER,153570.92,C100642,184285.11,30714.18,C100619,721329.52,874900.44,7,648,0,2,1,1,1.1494773097486926,0.8333333062014615,0,0.0,-2.5982978,-1.2960657,-3.47151,-0.35090783,-0.76111835,-2.3594697,-0.14507683
391,TRANSFER,22327.82,C101483,475464.56,453136.74,C101091,44441.36,66769.19,7,508,0,1,1,1,0.3358285054212316,0.046960008964706014,0,0.0,-2.5943441,-1.4646981,-3.7594745,0.19323318,-0.7246261,-2.5989926,-0.15695137
391,TRANSFER,2005.94,C100390,9386.1,7380.16,C101627,32490.61,34496.55,7,601,0,1,1,1,0.053316576979240075,0.21371389608037417,0,0.0,-2.5943441,-1.4646981,-3.7594745,0.19323318,-0.7246261,-2.5989926,-0.15695137
391,TRANSFER,137307.21,C100273,293628.89,156321.68,C101346,134317.44,271624.65,7,690,0,1,1,1,0.8589039857307594,0.4676215954090893,0,0.0,-2.5943441,-1.4646981,-3.7594745,0.19323318,-0.7246261,-2.5989926,-0.15695137
391,TRANSFER,1194339.49,C100810,46110.82,0.0,C101215,172748.93,1367088.42,18,-390,0,2,1,1,14.872177164104743,2.0,781,0.4,-1.03441,1.1755458,1.7517939,-1.4456213,-1.2083634,-5.1842,0.47166145
391,TRANSFER,1309147.93,C101534,173772.2,0.0,MULE843138,0.0,1309147.93,16,-350,1,4,0,1,7.467082090981315,2.0,741,100.0,1.6966808,0.5102976,1.8791107,-0.30054832,4.845052,-0.10598727,0.5716527
391,TRANSFER,1783848.92,C100602,88840.44,0.0,MULE691572,0.0,1783848.92,3,167,1,2,1,1,11.946039767043295,2.0,224,100.0,4.723829,0.24232906,2.3927484,-0.5502254,-0.3889241,4.0865283,-0.16227762
391,TRANSFER,8992.84,C101985,46797.78,37804.94,C100936,11844.82,20837.65,7,456,0,1,1,1,0.10431299249685448,0.1921638163177826,0,0.0,-2.5943441,-1.4646981,-3.7594745,0.19323318,-0.7246261,-2.5989926,-0.15695137
391,TRANSFER,23896.59,C101145,154321.08,130424.49,C101697,80920.25,104816.84,7,489,0,1,1,1,0.9605786965900821,0.1548498105378734,0,0.0,-2.5943441,-1.4646981,-3.7594745,0.19323318,-0.7246261,-2.5989926,-0.15695137
391,TRANSFER,5141.06,C100367,61985.42,56844.35,C101344,16951.02,22092.09,7,545,0,0,1,1,0.02702250484568703,0.08293982681733866,0,0.0,-2.3673913,-1.6530298,-3.7581031,-0.6128197,-0.6993303,-2.6518826,-0.21017267
391,TRANSFER,6846.9,C100962,142247.34,135400.43,C101116,44351.37,51198.28,7,527,0,0,1,1,0.09534259219504446,0.04813376475089095,0,0.0,-2.3673913,-1.6530298,-3.7581031,-0.6128197,-0.6993303,-2.6518826,-0.21017267
391,TRANSFER,8439.77,C101436,45177.34,36737.57,C101587,125976.21,134415.97,7,554,0,0,1,1,1.1120012373473658,0.18681423031989047,0,0.0,-2.3673913,-1.6530298,-3.7581031,-0.6128197,-0.6993303,-2.6518826,-0.21017267
391,TRANSFER,31016.74,C100347,43039.62,12022.87,C100559,590160.14,621176.89,7,494,0,3,1,1,1.309159014397238,0.7206555262337353,0,0.0,-2.475803,-1.2916518,-3.3898907,0.0047643343,-0.84333175,-2.099094,-0.14329872
391,TRANSFER,53125.03,C100524,957095.7,903970.67,C101706,79675.2,132800.22,7,547,0,1,1,1,0.9083649947157553,0.05550649741713394,0,0.0,-2.5943441,-1.4646981,-3.7594745,0.19323318,-0.7246261,-2.5989926,-0.15695137
391,TRANSFER,7818.07,C100816,17069.54,9251.47,C101075,35291.18,43109.25,7,441,0,1,1,1,0.801518841937416,0.4580129282921508,0,0.0,-2.5943441,-1.4646981,-3.7594745,0.19323318,-0.7246261,-2.5989926,-0.15695137
391,TRANSFER,3913.27,C100174,147568.96,143655.68,C100576,37086.49,40999.76,7,441,0,2,1,1,1.0501031704389543,0.02651824611354583,0,0.0,-2.5982978,-1.2960657,-3.47151,-0.35090783,-0.76111835,-2.3594697,-0.14507683
391,TRANSFER,17433.48,C100569,173378.58,155945.1,C101463,18818.64,36252.12,7,593,0,1,1,1,1.0242709321265484,0.10055152141631336,0,0.0,-2.5943441,-1.4646981,-3.7594745,0.19323318,-0.7246261,-2.5989926,-0.15695137
391,TRANSFER,2616.0,C101330,100991.28,98375.28,C100222,109446.62,112062.61,7,617,0,1,1,1,1.1469705683707347,0.02590322649638662,0,0.0,-2.5943441,-1.4646981,-3.7594745,0.19323318,-0.7246261,-2.5989926,-0.15695137
391,TRANSFER,2974.45,C101778,90635.35,87660.9,C101811,68470.52,71444.97,7,475,0,0,1,1,0.6365843043079579,0.032817769225804275,0,0.0,-2.3673913,-1.6530298,-3.7581031,-0.6128197,-0.6993303,-2.6518826,-0.21017267
391,TRANSFER,20669.27,C100011,832858.81,812189.54,C100145,42911.0,63580.27,7,604,0,0,1,1,0.2933792984231042,0.02481725564024471,0,0.0,-2.3673913,-1.6530298,-3.7581031,-0.6128197,-0.6993303,-2.6518826,-0.21017267
391,TRANSFER,1974283.07,C101282,50584.24,0.0,MULE399165,0.0,1974283.07,3,-37,1,3,0,1,26.44776439007093,2.0,428,100.0,3.8190236,0.48317772,2.119758,-0.041971616,2.8467731,3.1464686,0.0052330396
391,TRANSFER,7803.72,C101649,105027.98,97224.26,C101870,100815.19,108618.91,7,622,0,0,1,1,0.04708552576243308,0.07430134331822816,0,0.0,-2.3673913,-1.6530298,-3.7581031,-0.6128197,-0.6993303,-2.6518826,-0.21017267
391,TRANSFER,7081.97,C100790,582747.02,575665.05,C101751,46250.2,53332.18,7,433,0,0,1,1,1.0415544022552499,0.012152734817931802,0,0.0,-2.3673913,-1.6530298,-3.7581031,-0.6128197,-0.6993303,-2.6518826,-0.21017267
391,TRANSFER,7514.67,C101022,159901.61,152386.94,C101138,188136.05,195650.71,7,409,0,0,1,1,0.06457912492125384,0.04699558684868777,0,0.0,-2.3673913,-1.6530298,-3.7581031,-0.6128197,-0.6993303,-2.6518826,-0.21017267
392,TRANSFER,22428.37,C100415,502884.49,480456.13,C101090,436172.18,458600.55,8,370,0,1,1,1,1.2046725498809892,0.04459944668406854,22,0.0,-2.608767,-1.5007596,-3.7594745,0.19203712,-0.7240934,-2.5605788,-0.02000361
392,TRANSFER,18622.02,C101645,22346.42,3724.4,C100800,72291.6,90913.62,8,413,0,0,1,1,1.2679583741994602,0.8333334824996578,0,0.0,-2.3673913,-1.6530298,-3.7581031,-0.6128197,-0.6993303,-2.6518826,-0.21017267
392,TRANSFER,3690.29,C100096,280684.72,276994.43,C100944,84244.5,87934.78,8,471,0,0,1,1,0.9582255511106398,0.013147455978366048,0,0.0,-2.3673913,-1.6530298,-3.7581031,-0.6128197,-0.6993303,-2.6518826,-0.21017267
392,TRANSFER,12967.96,C101674,19279.15,6311.19,C101687,164880.67,177848.62,8,554,0,1,1,1,1.197367296473648,0.6726416880412258,0,0.0,-2.5943441,-1.4646981,-3.7594745,0.19323318,-0.7246261,-2.5989926,-0.15695137
392,TRANSFER,36721.52,C101145,154321.08,117599.56,C101579,19829.93,56551.45,8,489,0,2,1,1,1.4761064159533486,0.23795530720754415,0,0.0,-2.5982978,-1.2960657,-3.47151,-0.35090783,-0.76111835,-2.3594697,-0.14507683
392,TRANSFER,40181.4,C100646,706744.8,666563.4,C101451,229814.65,269996.05,8,644,0,1,1,1,1.5635277190149586,0.05685418555608757,0,0.0,-2.5943441,-1.4646981,-3.7594745,0.19323318,-0.7246261,-2.5989926,-0.15695137
392,TRANSFER,16706.78,C100268,20048.13,3341.36,C100040,298691.83,315398.61,8,675,0,0,1,1,1.0446399931413832,0.8333335827331526,0,0.0,-2.3673913,-1.6530298,-3.7581031,-0.6128197,-0.6993303,-2.6518826,-0.21017267
392,TRANSFER,4462.14,C100333,94814.33,90352.19,C100774,59096.25,63558.39,8,670,0,2,1,1,0.9618484500326571,0.04706187345309512,0,0.0,-2.5982978,-1.2960657,-3.47151,-0.35090783,-0.76111835,-2.3594697,-0.14507683
392,TRANSFER,14412.11,C101986,25622.7,11210.58,C100484,87521.77,101933.88,8,703,0,2,1,1,0.9164590548557159,0.5624742903753313,0,0.0,-2.5982978,-1.2960657,-3.47151,-0.35090783,-0.76111835,-2.3594697,-0.14507683
392,TRANSFER,2858.2,C101574,47570.07,44711.87,C101161,190232.15,193090.35,8,629,0,2,1,1,0.056980325398346125,0.06008399819466315,0,0.0,-2.5982978,-1.2960657,-3.47151,-0.35090783,-0.76111835,-2.3594697,-0.14507683
392,TRANSFER,12755.72,C101058,44080.94,31325.22,C101934,158860.89,171616.61,8,624,0,1,1,1,0.8840408344902144,0.28937041723701895,0,0.0,-2.5943441,-1.4646981,-3.7594745,0.19323318,-0.7246261,-2.5989926,-0.15695137
392,TRANSFER,45120.79,C100852,509998.61,464877.81,C101458,75107.92,120228.72,8,394,0,0,1,1,1.2857720465384623,0.08847237838550188,0,0.0,-2.3673913,-1.6530298,-3.7581031,-0.6128197,-0.6993303,-2.6518826,-0.21017267
392,TRANSFER,12989.23,C101632,45100.31,32111.09,C100282,371732.05,384721.28,8,474,0,0,1,1,0.8038089050945657,0.28800755471525585,0,0.0,-2.3673913,-1.6530298,-3.7581031,-0.6128197,-0.6993303,-2.6518826,-0.21017267
392,TRANSFER,2284.1,C100174,147568.96,145284.86,C101974,44266.96,46551.06,8,441,0,3,1,1,0.6129249072002737,0.01547818728274564,0,0.0,-2.475803,-1.2916518,-3.3898907,0.0047643343,-0.84333175,-2.099094,-0.14329872
392,TRANSFER,2051.14,C101024,80459.43,78408.3,C100927,137610.66,139661.8,8,643,0,1,1,1,1.1628454965682913,0.025492847761909326,0,0.0,-2.5943441,-1.4646981,-3.7594745,0.19323318,-0.7246261,-2.5989926,-0.15695137
392,TRANSFER,13612.94,C100073,72122.82,58509.88,C101030,87570.42,101183.36,8,391,0,1,1,1,0.1959861227833828,0.18874664079968032,1,0.0,-2.608767,-1.4646981,-3.7594745,0.19203712,-0.7240934,-2.5989926,-0.14186487
392,TRANSFER,16285.11,C101718,170477.42,154192.31,C100957,113160.16,129445.27,8,570,0,1,1,1,0.8039527120035558,0.09552649259943047,0,0.0,-2.5943441,-1.4646981,-3.7594745,0.19323318,-0.7246261,-2.5989926,-0.15695137
393,TRANSFER,15731.81,C101731,229032.92,213301.1,C101569,274041.02,289772.83,9,371,0,1,1,1,0.14491502452917848,0.06868798598908837,22,0.0,-2.608767,-1.488744,-3.7594745,0.19203712,-0.7240934,-2.5725944,-0.02000361
393,TRANSFER,1814985.22,C100537,14096.61,0.0,MULE564273,0.0,1814985.22,4,304,1,5,0,1,17.35397973353455,2.0,89,100.0,3.7152772,0.82894605,2.115972,-0.13195416,2.7151883,2.6128657,0.12155294
393,TRANSFER,3634.96,C101550,40488.99,36854.03,C101876,25647.12,29282.08,9,620,0,0,1,1,1.3608035594670211,0.08977650467448064,0,0.0,-2.3673913,-1.6410142,-3.7581031,-0.6128197,-0.6993303,-2.6638985,-0.21017267
393,TRANSFER,18256.12,C101058,44080.94,25824.81,C100572,578443.24,596699.36,9,624,0,2,1,1,1.2652484970941267,0.4141499704861103,0,0.0,-2.5982978,-1.2840501,-3.47151,-0.35090783,-0.76111835,-2.3714848,-0.14507683
393,TRANSFER,6161.45,C101387,54136.19,47974.74,C100692,91492.86,97654.31,9,414,0,2,1,1,0.084428654368229,0.11381388309742521,0,0.0,-2.5982978,-1.2840501,-3.47151,-0.35090783,-0.76111835,-2.3714848,-0.14507683
393,TRANSFER,14738.72,C101483,475464.56,460725.84,C101800,67310.61,82049.33,9,508,0,2,1,1,0.22168229184138954,0.030998566959438575,0,0.0,-2.5982978,-1.2840501,-3.47151,-0.35090783,-0.76111835,-2.3714848,-0.14507683
393,TRANSFER,5537.01,C101778,90635.35,85098.34,C101629,210440.91,215977.93,9,475,0,1,1,1,1.1850169472662866,0.06109106435844292,0,0.0,-2.5943441,-1.4526827,-3.7594745,0.19323318,-0.7246261,-2.6110082,-0.15695137
393,TRANSFER,6021.59,C101722,303194.72,297173.13,C100643,31313.23,37334.81,9,644,0,0,1,1,0.04179038836414801,0.019860471184986336,0,0.0,-2.3673913,-1.6410142,-3.7581031,-0.6128197,-0.6993303,-2.6638985,-0.21017267
393,TRANSFER,50239.0,C101664,80610.88,30371.88,C101655,149869.68,200108.68,9,536,0,1,1,1,0.40413223265214104,0.6232285269680717,0,0.0,-2.5943441,-1.4526827,-3.7594745,0.19323318,-0.7246261,-2.6110082,-0.15695137
393,TRANSFER,2219.11,C101398,10615.91,8396.8,MULE456376,0.0,2219.11,14,636,0,0,1,1,0.03190131907701325,0.20903624842335702,0,0.0,-2.3154733,-1.8254687,-4.3030157,-0.5675392,-0.721397,-1.2288578,-0.12701531
393,TRANSFER,4976.92,C101398,10615.91,5638.99,MULE456376,0.0,4976.92,14,636,0,0,1,1,0.07154684217581317,0.4688170868065008,0,0.0,-2.3154733,-1.8254687,-4.3030157,-0.5675392,-0.721397,-1.2288578,-0.12701531
393,TRANSFER,19402.57,C101618,149917.98,130515.41,C101115,242456.27,261858.84,9,578,0,0,1,1,0.33323797096090796,0.12942123419752585,0,0.0,-2.3673913,-1.6410142,-3.7581031,-0.6128197,-0.6993303,-2.6638985,-0.21017267
393,TRANSFER,15911.58,C100944,84244.5,68332.92,C101316,81302.72,97214.31,9,698,0,0,1,1,0.16066543355523966,0.18887381372077702,0,0.0,-2.3673913,-1.6410142,-3.7581031,-0.6128197,-0.6993303,-2.6638985,-0.21017267
393,TRANSFER,13642.58,C101483,475464.56,461821.99,C100029,55620.12,69262.7,9,508,0,2,1,1,0.2051954580200658,0.02869315853951344,0,0.0,-2.5982978,-1.2840501,-3.47151,-0.35090783,-0.76111835,-2.3714848,-0.14507683
393,TRANSFER,10797.68,C100997,1618854.9,1608057.22,C101741,39769.91,50567.59,9,390,0,1,1,1,0.7883876405430694,0.006669949233868953,3,0.0,-2.608767,-1.4526827,-3.7594745,0.19203712,-0.7240934,-2.6110082,-0.14186487
393,TRANSFER,50709.61,C101914,60851.54,10141.92,C101984,37530.1,88239.72,9,589,0,0,1,1,1.0342882379417546,0.8333332237770811,0,0.0,-2.3673913,-1.6410142,-3.7581031,-0.6128197,-0.6993303,-2.6638985,-0.21017267
393,TRANSFER,9934.53,C100153,27154.91,17220.38,C100941,450535.4,460469.94,9,673,0,0,1,1,0.10659182598901155,0.36584654487899243,0,0.0,-2.3673913,-1.6410142,-3.7581031,-0.6128197,-0.6993303,-2.6638985,-0.21017267
393,TRANSFER,26019.36,C101677,205460.53,179441.18,C101245,147908.34,173927.69,9,460,0,1,1,1,1.4504225332655196,0.1266392138675005,0,0.0,-2.5943441,-1.4526827,-3.7594745,0.19323318,-0.7246261,-2.6110082,-0.15695137
393,TRANSFER,28110.85,C101149,131528.54,103417.69,C101871,28805.51,56916.35,9,567,0,0,1,1,0.759396075751993,0.2137243369385838,0,0.0,-2.3673913,-1.6410142,-3.7581031,-0.6128197,-0.6993303,-2.6638985,-0.21017267
393,TRANSFER,25961.32,C100797,72473.38,46512.05,C100459,9897.95,35859.28,9,715,0,0,1,1,0.7640523448523836,0.35821870043869897,0,0.0,-2.3673913,-1.6410142,-3.7581031,-0.6128197,-0.6993303,-2.6638985,-0.21017267
393,TRANSFER,19776.6,C101610,214086.46,194309.86,C101150,136568.62,156345.21,9,370,0,0,1,1,0.3044400090806717,0.09237669677942266,23,0.0,-2.3880923,-1.6770756,-3.7581031,-0.61087686,-0.6987975,-2.625485,-0.07008602
393,TRANSFER,23824.73,C101348,188558.85,164734.13,C100971,92599.27,116424.0,9,399,0,0,1,1,0.7195097553776686,0.1263516933837897,0,0.0,-2.3673913,-1.6410142,-3.7581031,-0.6128197,-0.6993303,-2.6638985,-0.21017267
393,TRANSFER,28583.77,C100374,64496.31,35912.53,C100985,57728.88,86312.66,9,691,0,1,1,1,0.42037690687300316,0.44318457908677256,0,0.0,-2.5943441,-1.4526827,-3.7594745,0.19323318,-0.7246261,-2.6110082,-0.15695137
394,TRANSFER,6091.44,C101839,80538.96,74447.53,C100816,17069.54,23160.98,10,385,0,1,1,1,1.220215330113915,0.07563345739751294,9,0.0,-2.801125,-1.4476609,-3.890957,0.19736789,-0.73442656,-2.2758424,-0.111496896
394,TRANSFER,2130340.35,C101548,39614.97,0.0,MULE819679,0.0,2130340.35,2,-250,1,4,0,1,16.361123096257778,2.0,644,100.0,3.198339,0.7133837,2.115972,-0.1394996,2.7347972,2.535287,-0.024489054
394,TRANSFER,63946.62,C101664,80610.88,16664.26,C100290,168719.66,232666.28,10,536,0,2,1,1,0.5143989791030485,0.7932752998106459,0,0.0,-2.7936113,-1.2726141,-3.6029925,-0.3931404,-0.77490693,-2.1016405,-0.14507683
394,TRANSFER,10607.55,C101986,25622.7,15015.15,C100920,41506.55,52114.1,10,703,0,3,1,1,0.6745289376319461,0.41399032888805626,0,0.0,-2.6711159,-1.2682003,-3.5213733,-0.03746826,-0.85712034,-1.8412664,-0.14329872
394,TRANSFER,14827.02,C100878,36404.84,21577.82,C100433,111632.43,126459.45,10,545,0,2,1,1,0.18293248237802562,0.40728155926519666,0,0.0,-2.7936113,-1.2726141,-3.6029925,-0.3931404,-0.77490693,-2.1016405,-0.14507683
394,TRANSFER,49425.92,C100378,103897.2,54471.28,C101725,521461.79,570887.71,10,453,0,1,1,1,0.8086767394744419,0.4757194611596848,0,0.0,-2.7867017,-1.4412465,-3.890957,0.19856392,-0.7349593,-2.2936003,-0.15695137
394,TRANSFER,72828.65,C100753,113170.43,40341.79,C101649,105027.98,177856.63,10,604,0,1,1,1,0.7863057322791462,0.6435307350162052,0,0.0,-2.7867017,-1.4412465,-3.890957,0.19856392,-0.7349593,-2.2936003,-0.15695137
394,TRANSFER,3395.91,C100445,2245304.17,2241908.27,C100040,298691.83,302087.74,10,640,0,0,1,1,1.129633712095439,0.0015124498699879937,0,0.0,-2.559749,-1.6295782,-3.8895862,-0.60748893,-0.70966333,-2.3464909,-0.21017267
394,TRANSFER,8607.47,C101421,85956.62,77349.15,C100875,6691.59,15299.06,10,494,0,1,1,1,0.7378041966268966,0.10013737161838146,0,0.0,-2.7867017,-1.4412465,-3.890957,0.19856392,-0.7349593,-2.2936003,-0.15695137
394,TRANSFER,16055.7,C100944,84244.5,68188.8,C101528,15546.25,31601.95,10,698,0,1,1,1,0.16212066944532608,0.19058454854619591,0,0.0,-2.7867017,-1.4412465,-3.890957,0.19856392,-0.7349593,-2.2936003,-0.15695137
394,TRANSFER,31432.92,C100976,38518.34,7085.42,C101132,105050.72,136483.63,10,654,0,0,1,1,0.7540963357770442,0.8160507436197926,0,0.0,-2.559749,-1.6295782,-3.8895862,-0.60748893,-0.70966333,-2.3464909,-0.21017267
394,TRANSFER,15031.7,C101911,1806564.41,1791532.71,C100805,112470.09,127501.79,10,695,0,0,1,1,0.16017000425275496,0.008320600094186512,0,0.0,-2.559749,-1.6295782,-3.8895862,-0.60748893,-0.70966333,-2.3464909,-0.21017267
394,TRANSFER,6414.36,C101321,67793.07,61378.71,C100688,462411.62,468825.97,10,627,0,1,1,1,0.8512552003804217,0.09461675065017706,0,0.0,-2.7867017,-1.4412465,-3.890957,0.19856392,-0.7349593,-2.2936003,-0.15695137
394,TRANSFER,84569.51,C101479,101483.42,16913.9,C100888,61289.68,145859.2,10,402,0,2,1,1,1.1542982637398478,0.8333332676411574,0,0.0,-2.7936113,-1.2726141,-3.6029925,-0.3931404,-0.77490693,-2.1016405,-0.14507683
394,TRANSFER,8791.96,C100956,186739.13,177947.17,C100136,133081.99,141873.95,10,507,0,1,1,1,0.132600367182332,0.047081508840701995,0,0.0,-2.7867017,-1.4412465,-3.890957,0.19856392,-0.7349593,-2.2936003,-0.15695137
394,TRANSFER,23435.69,C100011,832858.81,809423.12,C101512,46595.12,70030.81,10,604,0,1,1,1,0.3326458210793781,0.02813885104967551,0,0.0,-2.7867017,-1.4412465,-3.890957,0.19856392,-0.7349593,-2.2936003,-0.15695137
394,TRANSFER,7820.44,C100685,116938.43,109117.99,C101214,334493.41,342313.85,10,511,0,0,1,1,0.05557022764936524,0.06687656059688847,0,0.0,-2.559749,-1.6295782,-3.8895862,-0.60748893,-0.70966333,-2.3464909,-0.21017267
394,TRANSFER,24571.14,C101145,154321.08,129749.95,C101451,229814.65,254385.79,10,489,0,3,1,1,0.9876937937560308,0.15922089192221828,0,0.0,-2.6711159,-1.2682003,-3.5213733,-0.03746826,-0.85712034,-1.8412664,-0.14329872
394,TRANSFER,14341.22,C100268,17209.46,2868.24,C100547,1115449.07,1129790.29,10,675,0,1,1,1,0.8967264764627934,0.8333335270252524,0,0.0,-2.7867017,-1.4412465,-3.890957,0.19856392,-0.7349593,-2.2936003,-0.15695137
394,TRANSFER,7157.34,C100182,10562.0,3404.67,C101353,37539.09,44696.43,10,682,0,1,1,1,0.10314830582776456,0.6776500662753266,0,0.0,-2.7867017,-1.4412465,-3.890957,0.19856392,-0.7349593,-2.2936003,-0.15695137
394,TRANSFER,2582.76,C100861,210963.83,208381.07,C101149,131528.54,134111.3,10,394,0,0,1,1,0.8296490078701915,0.012242667380469915,0,0.0,-2.559749,-1.6295782,-3.8895862,-0.60748893,-0.70966333,-2.3464909,-0.21017267
394,TRANSFER,2505.63,C101370,72678.65,70173.02,C100040,298691.83,301197.46,10,440,0,1,1,1,0.06316389914616898,0.03447546150072959,0,0.0,-2.7867017,-1.4412465,-3.890957,0.19856392,-0.7349593,-2.2936003,-0.15695137
394,TRANSFER,99681.97,C100754,360342.98,260661.0,C101085,239711.46,339393.43,10,626,0,0,1,1,1.2301983082935497,0.27663080879222346,0,0.0,-2.559749,-1.6295782,-3.8895862,-0.60748893,-0.70966333,-2.3464909,-0.21017267
394,TRANSFER,49682.7,C101479,100918.96,51236.26,C101227,91555.81,141238.5,10,402,0,2,1,1,0.6781244723767198,0.4923029329672045,0,0.0,-2.7936113,-1.2726141,-3.6029925,-0.3931404,-0.77490693,-2.1016405,-0.14507683
395,TRANSFER,4399.4,C100120,192177.52,187778.12,C101295,207824.01,212223.4,11,375,0,1,1,1,0.051286390827333425,0.022892375757580803,20,0.0,-2.6011677,-1.28071,-3.8894126,0.22181885,-0.74246174,-2.7066448,-0.10140055
395,TRANSFER,12809.06,C101958,46409.78,33600.72,C101363,32403.15,45212.21,11,649,0,0,1,1,0.3055896958057977,0.27599915362667093,0,0.0,-2.3507016,-1.4610878,-3.8880417,-0.61479807,-0.71769863,-2.7883985,-0.18055879
395,TRANSFER,14770.41,C100646,706744.8,691974.39,C101810,136086.82,150857.23,11,644,0,2,1,1,0.5747421806162984,0.020899212841749948,0,0.0,-2.5936542,-1.1041232,-3.5718427,-0.53343344,-0.79624003,-2.6765323,-0.11546296
395,TRANSFER,11603.54,C101687,164880.67,153277.13,C101901,218607.1,230210.64,11,383,0,1,1,1,0.218894282065996,0.07037538117718711,12,0.0,-2.6011677,-1.28071,-3.8894126,0.22181885,-0.74246174,-2.7066448,-0.10140055
395,TRANSFER,147175.74,C100273,293628.89,146453.14,C101624,91432.41,238608.15,11,690,0,2,1,1,0.9206350466874533,0.5012304477260394,0,0.0,-2.5936542,-1.1041232,-3.5718427,-0.53343344,-0.79624003,-2.6765323,-0.11546296
395,TRANSFER,6179.84,C101360,92306.1,86126.26,C100561,104325.36,110505.2,11,658,0,0,1,1,0.0651563780086681,0.0669494215441883,0,0.0,-2.3507016,-1.4610878,-3.8880417,-0.61479807,-0.71769863,-2.7883985,-0.18055879
395,TRANSFER,58470.93,C101244,176689.12,118218.19,C100600,51403.45,109874.38,11,537,0,0,1,1,1.3570545732429486,0.3309254695478703,0,0.0,-2.3507016,-1.4610878,-3.8880417,-0.61479807,-0.71769863,-2.7883985,-0.18055879
395,TRANSFER,1247827.06,C100560,151865.07,0.0,MULE617872,0.0,1247827.06,23,647,1,0,1,1,11.11968966885507,2.0,0,98.1,-0.22531301,-0.10201411,2.0720973,-0.08173961,-0.79274076,3.1840491,-0.15220922
395,TRANSFER,2969.1,C101989,33200.66,30231.56,C100262,116523.26,119492.36,11,643,0,0,1,1,0.9927686004693554,0.0894289450872362,0,0.0,-2.3507016,-1.4610878,-3.8880417,-0.61479807,-0.71769863,-2.7883985,-0.18055879
395,TRANSFER,1303505.85,C101398,10615.91,0.0,MULE456376,0.0,1303505.85,14,636,1,5,0,1,18.73884396879982,2.0,0,99.9,1.4630661,-0.4671563,1.8645352,-0.07114403,5.7819643,-1.0480067,-0.08554043
395,TRANSFER,8427.63,C101886,30415.13,21987.5,C101133,46708.29,55135.92,11,435,0,0,1,1,1.653428110322843,0.2770867656985191,0,0.0,-2.3507016,-1.4610878,-3.8880417,-0.61479807,-0.71769863,-2.7883985,-0.18055879
395,TRANSFER,4486.73,C100531,189214.08,184727.35,C100677,181750.74,186237.47,11,404,0,1,1,1,0.04647980307079208,0.0237124531113118,0,0.0,-2.5867443,-1.2727561,-3.8894126,0.2230149,-0.7429945,-2.703748,-0.1273375
395,TRANSFER,15657.59,C100429,878935.03,863277.45,C100789,57562.11,73219.7,11,646,0,1,1,1,0.8618614789448156,0.01781427462277843,0,0.0,-2.5867443,-1.2727561,-3.8894126,0.2230149,-0.7429945,-2.703748,-0.1273375
396,TRANSFER,18787.11,C101056,58102.84,39315.73,C101964,74060.29,92847.4,12,418,0,3,1,1,0.28336032396672023,0.32334237018362616,0,0.0,-2.4726143,-1.100336,-3.4902234,-0.18067527,-0.8811334,-2.4775429,-0.11422103
396,TRANSFER,7073.25,C101986,25622.7,18549.45,C101634,80359.07,87432.32,12,703,0,3,1,1,0.4497845221663026,0.27605404582655224,0,0.0,-2.4726143,-1.100336,-3.4902234,-0.18067527,-0.8811334,-2.4775429,-0.11422103
396,TRANSFER,10697.47,C100944,84244.5,73547.03,C100380,71079.57,81777.04,12,698,0,2,1,1,0.10801652981628282,0.12698122726112684,0,0.0,-2.5951092,-1.0964509,-3.5718427,-0.5404966,-0.79891986,-2.742066,-0.11599915
396,TRANSFER,34088.77,C101857,99947.73,65858.96,C101713,108741.56,142830.33,12,572,0,0,1,1,0.9409512033134049,0.3410659751852293,0,0.0,-2.3502975,-1.4680284,-3.8880417,-0.65513396,-0.71785885,-2.8872056,-0.18109499
396,TRANSFER,9500.18,C100260,11400.22,1900.04,C101757,21456.3,30956.49,12,505,0,2,1,1,0.9146180733194019,0.8333330409413152,0,0.0,-2.5951092,-1.0964509,-3.5718427,-0.5404966,-0.79891986,-2.742066,-0.11599915
396,TRANSFER,59267.73,C101773,190100.29,130832.56,C101472,367554.5,426822.24,12,611,0,1,1,1,0.5906770380937038,0.3117708552680272,0,0.0,-2.5863402,-1.2650838,-3.8894126,0.24856035,-0.7431547,-2.7366734,-0.1278737
396,TRANSFER,3605.95,C101891,18102.03,14496.08,C101887,60094.51,63700.45,12,430,0,0,1,1,0.5514856078957133,0.1992014155318492,0,0.0,-2.3502975,-1.4680284,-3.8880417,-0.65513396,-0.71785885,-2.8872056,-0.18109499
396,TRANSFER,13007.92,C101936,416514.16,403506.24,C101553,12772.89,25780.81,12,606,0,1,1,1,1.0018162542210196,0.031230438840302573,0,0.0,-2.5863402,-1.2650838,-3.8894126,0.24856035,-0.7431547,-2.7366734,-0.1278737
396,TRANSFER,11416.9,C100826,900387.76,888970.85,C100450,51942.65,63359.55,12,549,0,0,1,1,0.8494889777173347,0.012679981344926324,0,0.0,-2.3502975,-1.4680284,-3.8880417,-0.65513396,-0.71785885,-2.8872056,-0.18109499
396,TRANSFER,19722.7,C100979,1559065.07,1539342.37,C100791,86660.72,106383.42,12,697,0,0,1,1,0.955979198523288,0.012650337936183767,0,0.0,-2.3502975,-1.4680284,-3.8880417,-0.65513396,-0.71785885,-2.8872056,-0.18109499
396,TRANSFER,13313.39,C101972,130811.77,117498.38,C100902,336201.76,349515.15,12,526,0,2,1,1,0.1499655088307306,0.10177516900810989,0,0.0,-2.5951092,-1.0964509,-3.5718427,-0.5404966,-0.79891986,-2.742066,-0.11599915
396,TRANSFER,12037.88,C101360,92306.1,80268.21,C100720,121885.89,133923.77,12,658,0,1,1,1,0.12691989755446506,0.13041261628429757,0,0.0,-2.5863402,-1.2650838,-3.8894126,0.24856035,-0.7431547,-2.7366734,-0.1278737
396,TRANSFER,3013.06,C101640,15260.04,12246.98,C100846,49947.78,52960.84,12,563,0,0,1,1,1.0611287313460211,0.19744771311215434,0,0.0,-2.3502975,-1.4680284,-3.8880417,-0.65513396,-0.71785885,-2.8872056,-0.18109499
396,TRANSFER,12357.17,C101638,131242.98,118885.81,C100845,28160.76,40517.93,12,610,0,0,1,1,0.0880525124414289,0.0941549026088862,0,0.0,-2.3502975,-1.4680284,-3.8880417,-0.65513396,-0.71785885,-2.8872056,-0.18109499
397,TRANSFER,6561.96,C100161,31801.09,25239.12,C100426,1237076.73,1243638.7,13,462,0,1,1,1,0.9987327081360139,0.20634387060317744,0,0.0,-2.5863402,-1.2650838,-3.8894126,0.24856035,-0.74875313,-2.7310748,-0.1278737
397,TRANSFER,1269524.2,C100388,379919.08,0.0,C100259,191206.5,1460730.7,18,206,0,0,1,1,16.307895312835413,2.0,191,0.8,-0.81364214,0.53626096,1.7735475,-0.119672544,-1.093515,-5.063117,-0.08768566
397,TRANSFER,4578.43,C101538,278093.02,273514.59,C101522,67865.17,72443.6,13,642,0,0,1,1,0.8734740181581173,0.016463663848880494,0,0.0,-2.3502975,-1.4680284,-3.8880417,-0.65513396,-0.7234573,-2.881607,-0.18109499
397,TRANSFER,12054.36,C100878,36404.84,24350.48,C101967,28189.37,40243.73,13,545,0,3,1,1,0.14872401860106596,0.3311197082585723,0,0.0,-2.4726143,-1.100336,-3.4902234,-0.18067527,-0.8867318,-2.4719443,-0.11422103
397,TRANSFER,8952.97,C101907,28073.79,19120.82,C101349,32844.56,41797.53,13,513,0,0,1,1,0.12393939386033499,0.31890849080227496,0,0.0,-2.3502975,-1.4680284,-3.8880417,-0.65513396,-0.7234573,-2.881607,-0.18109499
397,TRANSFER,16759.22,C100572,578443.24,561684.01,C101847,2642946.52,2659705.75,13,669,0,2,1,1,0.9978756198217629,0.02897297235248181,0,0.0,-2.5951092,-1.0964509,-3.5718427,-0.5404966,-0.8045183,-2.7364674,-0.11599915
397,TRANSFER,11089.07,C100710,92896.97,81807.9,C101039,90544.95,101634.02,13,395,0,1,1,1,0.8563586876148488,0.11936955532564732,2,0.0,-2.6007633,-1.2650838,-3.8894126,0.2473643,-0.7482204,-2.7310748,-0.11278719
397,TRANSFER,57528.33,C100215,100375.94,42847.61,C100191,32296.42,89824.76,13,483,0,1,1,1,0.7943496827791772,0.5731286800402566,0,0.0,-2.5863402,-1.2650838,-3.8894126,0.24856035,-0.74875313,-2.7310748,-0.1278737
397,TRANSFER,22432.2,C100074,105640.39,83208.19,C101672,194970.75,217402.95,13,453,0,1,1,1,1.5243204822622876,0.21234491845401177,0,0.0,-2.5863402,-1.2650838,-3.8894126,0.24856035,-0.74875313,-2.7310748,-0.1278737
397,TRANSFER,38145.65,C100215,100375.94,62230.29,C100525,223881.24,262026.89,13,483,0,1,1,1,0.5267141420045658,0.3800278234007074,0,0.0,-2.5863402,-1.2650838,-3.8894126,0.24856035,-0.74875313,-2.7310748,-0.1278737
397,TRANSFER,45576.0,C100446,62860.61,17284.61,C101703,38660.39,84236.39,13,492,0,3,1,1,1.2239427253211361,0.7250327351261784,0,0.0,-2.4726143,-1.100336,-3.4902234,-0.18067527,-0.8867318,-2.4719443,-0.11422103
397,TRANSFER,50590.13,C101108,60708.15,10118.03,C100604,406258.73,456848.85,13,415,0,0,1,1,0.3551938055595188,0.8333334156945977,0,0.0,-2.3502975,-1.4680284,-3.8880417,-0.65513396,-0.7234573,-2.881607,-0.18109499
397,TRANSFER,985.19,C100501,133078.75,132093.56,MULE40736,0.0,985.19,1,390,0,0,1,1,0.015398994963006457,0.007403060218103942,7,0.0,-2.9482374,-1.8289956,-5.6584744,-0.47670233,-0.53846765,2.4334252,-0.1168933
397,TRANSFER,4770.12,C100541,161018.42,156248.3,C100755,23456.29,28226.41,13,408,0,0,1,1,0.7621109783264219,0.02962468517577057,0,0.0,-2.3502975,-1.4680284,-3.8880417,-0.65513396,-0.7234573,-2.881607,-0.18109499
397,TRANSFER,1653.66,C100501,133078.75,131425.09,MULE40736,0.0,1653.66,1,390,0,0,1,1,0.025847503537921878,0.012426176230239614,7,0.0,-2.9482374,-1.8289956,-5.6584744,-0.47670233,-0.53846765,2.4334252,-0.1168933
397,TRANSFER,4925.86,C100501,133078.75,128152.89,MULE40736,0.0,4925.86,1,390,0,0,1,1,0.0769935680716156,0.03701462479922602,7,0.0,-2.9482374,-1.8289956,-5.6584744,-0.47670233,-0.53846765,2.4334252,-0.1168933
397,TRANSFER,23046.21,C100232,27655.45,4609.24,C101709,70692.55,93738.76,13,430,0,0,1,1,1.3195639414305729,0.83333339359873,0,0.0,-2.3502975,-1.4680284,-3.8880417,-0.65513396,-0.7234573,-2.881607,-0.18109499
397,TRANSFER,16427.04,C100478,246367.37,229940.33,C100420,10578.38,27005.42,13,568,0,0,1,1,0.10165956027721303,0.06667701165134003,0,0.0,-2.3502975,-1.4680284,-3.8880417,-0.65513396,-0.7234573,-2.881607,-0.18109499
397,TRANSFER,5200.2,C100486,112254.74,107054.54,C101971,128448.48,133648.68,13,664,0,2,1,1,0.809555417048488,0.04632499260164871,0,0.0,-2.5951092,-1.0964509,-3.5718427,-0.5404966,-0.8045183,-2.7364674,-0.11599915
397,TRANSFER,2387.09,C100501,133078.75,130691.66,MULE40736,0.0,2387.09,1,390,0,0,1,1,0.03731136825002597,0.01793742426946451,7,0.0,-2.9482374,-1.8289956,-5.6584744,-0.47670233,-0.53846765,2.4334252,-0.1168933
397,TRANSFER,18692.51,C100857,114851.84,96159.33,C100111,179084.25,197776.76,13,443,0,0,1,1,0.3007117644430086,0.1627532480106544,0,0.0,-2.3502975,-1.4680284,-3.8880417,-0.65513396,-0.7234573,-2.881607,-0.18109499
397,TRANSFER,1180.99,C100501,133078.75,131897.76,MULE40736,0.0,1180.99,1,390,0,0,1,1,0.01845944341838731,0.008874369499262656,7,0.0,-2.9482374,-1.8289956,-5.6584744,-0.47670233,-0.53846765,2.4334252,-0.1168933
397,TRANSFER,1252505.84,C101079,347192.79,0.0,C100037,326395.74,1578901.58,15,-170,0,1,1,1,7.141883255655007,2.0,567,11.5,-0.79777354,0.43305585,1.8768814,0.4146201,-1.178528,-2.7593396,-0.06898974
398,TRANSFER,17906.49,C101584,143029.02,125122.53,C101143,134085.38,151991.87,14,512,0,1,1,1,1.5689530068693864,0.12519480312456874,0,0.0,-2.5515163,-1.6225241,-4.3043866,0.33615515,-0.74669296,-1.0783259,-0.07379407
398,TRANSFER,617.84,C101214,334493.41,333875.57,C101031,196070.78,196688.62,14,695,0,0,1,1,0.012686366993334005,0.0018470916960665984,0,0.0,-2.3154733,-1.8254687,-4.3030157,-0.5675392,-0.721397,-1.2288578,-0.12701531
398,TRANSFER,60500.87,C100176,175823.23,115322.36,C101305,183349.63,243850.5,14,575,0,2,1,1,0.843503520263684,0.34410054917089167,0,0.0,-2.5602853,-1.4538914,-3.986817,-0.50354797,-0.80678326,-1.1343645,-0.061919503
398,TRANSFER,17051.63,C100997,1618854.9,1601803.27,C100121,104095.12,121146.75,14,390,0,1,1,1,1.245016924294239,0.010533142902430601,8,0.0,-2.5659394,-1.6289383,-4.3043866,0.3349591,-0.7461602,-1.0814238,-0.049195334
398,TRANSFER,2092.21,C100794,369699.14,367606.93,C100961,95518.95,97611.16,14,558,0,0,1,1,0.04427460208397414,0.005659223334952848,0,0.0,-2.3154733,-1.8254687,-4.3030157,-0.5675392,-0.721397,-1.2288578,-0.12701531
398,TRANSFER,4935.4,C100583,148415.39,143479.99,C100125,124469.74,129405.14,14,616,0,0,1,1,1.0425979498555782,0.033253963756723605,0,0.0,-2.3154733,-1.8254687,-4.3030157,-0.5675392,-0.721397,-1.2288578,-0.12701531
398,TRANSFER,8886.88,C100368,34206.14,25319.26,C100645,81821.41,90708.29,14,593,0,0,1,1,0.07000797575471401,0.2598036492863562,0,0.0,-2.3154733,-1.8254687,-4.3030157,-0.5675392,-0.721397,-1.2288578,-0.12701531
398,TRANSFER,7575.11,C100153,27154.91,19579.81,C101801,40195.1,47770.21,14,673,0,1,1,1,0.08127659858771591,0.278959127465346,0,0.0,-2.5515163,-1.6225241,-4.3043866,0.33615515,-0.74669296,-1.0783259,-0.07379407
398,TRANSFER,2143290.86,C100370,26349.55,0.0,MULE879800,0.0,2143290.86,10,216,1,4,0,1,25.387459191849324,2.0,182,100.0,5.15188,0.38258037,1.9490331,-0.0016956925,4.416111,-1.084192,0.07341362
398,TRANSFER,29740.58,C100029,55620.12,25879.54,C100774,59096.25,88836.83,14,616,0,1,1,1,0.5476305695423861,0.534709022562339,0,0.0,-2.5515163,-1.6225241,-4.3043866,0.33615515,-0.74669296,-1.0783259,-0.07379407
398,TRANSFER,112338.86,C101194,134806.63,22467.77,C101601,1796528.31,1908867.17,14,390,0,1,1,1,1.0421476969858827,0.8333333456967212,8,0.0,-2.5659394,-1.6289383,-4.3043866,0.3349591,-0.7461602,-1.0814238,-0.049195334
398,TRANSFER,21387.1,C101256,45390.07,24002.98,C101355,3848.42,25235.52,14,410,0,0,1,1,0.7518343292832718,0.47118455644593626,0,0.0,-2.3154733,-1.8254687,-4.3030157,-0.5675392,-0.721397,-1.2288578,-0.12701531
398,TRANSFER,46701.41,C101625,1117417.46,1070716.05,C101234,55178.19,101879.6,14,572,0,1,1,1,1.1220330644511531,0.04179405788057044,0,0.0,-2.5515163,-1.6225241,-4.3043866,0.33615515,-0.74669296,-1.0783259,-0.07379407
398,TRANSFER,82106.25,C101439,994519.88,912413.63,C101955,8925.11,91031.35,14,647,0,0,1,1,1.8661976752947302,0.08255868148156073,0,0.0,-2.3154733,-1.8254687,-4.3030157,-0.5675392,-0.721397,-1.2288578,-0.12701531
398,TRANSFER,4143.5,C101535,19873.36,15729.86,C101320,14364.16,18507.66,14,581,0,1,1,1,0.8452185283079873,0.20849519155291305,0,0.0,-2.5515163,-1.6225241,-4.3043866,0.33615515,-0.74669296,-1.0783259,-0.07379407
398,TRANSFER,27319.26,C100137,272546.6,245227.34,C100855,653731.49,681050.75,14,549,0,0,1,1,0.9791114426911571,0.10023702368695848,0,0.0,-2.3154733,-1.8254687,-4.3030157,-0.5675392,-0.721397,-1.2288578,-0.12701531
398,TRANSFER,31999.81,C101105,104150.26,72150.44,C101963,57174.27,89174.08,14,620,0,0,1,1,1.2352549686671506,0.30724656856353505,0,0.0,-2.3154733,-1.8254687,-4.3030157,-0.5675392,-0.721397,-1.2288578,-0.12701531
398,TRANSFER,1353828.51,C100455,109920.35,0.0,C101248,281199.15,1635027.66,12,172,0,4,1,1,12.850613697243146,2.0,226,0.8,1.0509266,-0.26439306,1.6390561,-1.1598581,-1.4161694,-4.3759947,-0.3478071
398,TRANSFER,19419.38,C100196,79509.48,60090.11,C100383,53081.46,72500.83,14,713,0,0,1,1,0.7428978556390563,0.2442398063727747,0,0.0,-2.3154733,-1.8254687,-4.3030157,-0.5675392,-0.721397,-1.2288578,-0.12701531
399,TRANSFER,6586.84,C101944,435591.72,429004.87,C101605,259709.83,266296.68,15,697,0,0,1,1,0.7116757691960078,0.0151215913837848,0,0.0,-2.3022633,-1.6976554,-4.3030157,-0.5784466,-0.73515767,-1.5700923,-0.1342198
399,TRANSFER,33814.3,C101105,104150.26,70335.96,C101643,45392.75,79207.06,15,620,0,1,1,1,1.30529781542458,0.32466841657428414,0,0.0,-2.5383062,-1.4947108,-4.3043866,0.3252477,-0.76045364,-1.4195604,-0.08099857
399,TRANSFER,1296200.34,C101504,119830.03,0.0,C100615,43705.31,1339905.64,19,221,0,0,1,1,22.841292743725173,2.0,178,0.4,0.68601894,-1.236325,1.7846599,-0.7070732,-1.0886624,-4.9895773,-0.063828684
399,TRANSFER,4347.0,C100897,108482.18,104135.18,C101120,0.0,4347.0,12,707,0,0,1,1,0.07786826057243781,0.04007109739129505,0,0.0,-2.3502975,-1.4680284,-3.8880417,-0.65513396,-0.71785885,-2.8872056,-0.18109499
399,TRANSFER,47359.03,C100630,109994.78,62635.76,C100015,119510.24,166869.27,15,422,0,0,1,1,0.7379784935479514,0.43055706825360257,0,0.0,-2.3022633,-1.6976554,-4.3030157,-0.5784466,-0.73515767,-1.5700923,-0.1342198
399,TRANSFER,5893.16,C100614,10634.17,4741.01,C100913,6754.45,12647.61,15,450,0,0,1,1,0.9108362526434973,0.5541720698465419,0,0.0,-2.3022633,-1.6976554,-4.3030157,-0.5784466,-0.73515767,-1.5700923,-0.1342198
399,TRANSFER,13672.15,C101611,39395.45,25723.3,C100266,204872.29,218544.44,15,466,0,0,1,1,1.316402374647223,0.34704896123790946,0,0.0,-2.3022633,-1.6976554,-4.3030157,-0.5784466,-0.73515767,-1.5700923,-0.1342198
399,TRANSFER,23422.63,C100622,624576.48,601153.85,C100889,66241.93,89664.56,15,604,0,0,1,1,0.4277362308854634,0.037501620297965756,0,0.0,-2.3022633,-1.6976554,-4.3030157,-0.5784466,-0.73515767,-1.5700923,-0.1342198
399,TRANSFER,9902.12,C101795,80380.0,70477.89,C100717,119886.8,129788.92,15,543,0,3,1,1,0.1454998654377656,0.12319134112963424,0,0.0,-2.4473045,-1.3299627,-3.9051976,-0.40404123,-0.8932738,-1.460483,-0.06734588
399,TRANSFER,1203603.13,C100501,133078.75,0.0,MULE40736,0.0,1203603.13,1,390,1,5,0,1,18.812897549029934,2.0,9,100.0,0.6985227,0.53025275,2.0547159,-0.07531363,3.9159057,4.1573324,-0.046124667
399,TRANSFER,16156.26,C101645,19387.51,3231.25,C100432,29086.27,45242.53,15,413,0,1,1,1,1.100066757674182,0.8333334192993325,0,0.0,-2.5383062,-1.4947108,-4.3043866,0.3252477,-0.76045364,-1.4195604,-0.08099857
399,TRANSFER,2243.47,C101362,127849.56,125606.09,C101521,103611.51,105854.98,15,462,0,0,1,1,0.049016884896354085,0.017547733445465123,0,0.0,-2.3022633,-1.6976554,-4.3030157,-0.5784466,-0.73515767,-1.5700923,-0.1342198
399,TRANSFER,11270.15,C100956,186739.13,175468.98,C100174,147568.96,158839.1,15,507,0,1,1,1,0.16997643622127026,0.06035237499499971,0,0.0,-2.5383062,-1.4947108,-4.3043866,0.3252477,-0.76045364,-1.4195604,-0.08099857
399,TRANSFER,6965.14,C101450,14800.66,7835.52,C100690,21260.45,28225.59,15,601,0,1,1,1,0.050169998880540856,0.47059658150379785,0,0.0,-2.5383062,-1.4947108,-4.3043866,0.3252477,-0.76045364,-1.4195604,-0.08099857
399,TRANSFER,4433.8,C101025,100296.29,95862.49,C100248,92443.66,96877.47,15,545,0,1,1,1,0.03159407467437162,0.044207019023335764,0,0.0,-2.5383062,-1.4947108,-4.3043866,0.3252477,-0.76045364,-1.4195604,-0.08099857
399,TRANSFER,13182.73,C100870,15819.27,2636.55,C100914,151575.32,164758.05,15,712,0,0,1,1,0.7816678618529851,0.8333336494035438,0,0.0,-2.3022633,-1.6976554,-4.3030157,-0.5784466,-0.73515767,-1.5700923,-0.1342198
400,TRANSFER,10526.02,C100826,900387.76,889861.74,C100289,14817.92,25343.94,16,549,0,1,1,1,0.783201917265827,0.011690540973146948,0,0.0,-2.6360533,-1.6033297,-4.407063,0.29044488,-0.70494294,-0.051854037,-0.073058784
400,TRANSFER,4267.43,C101640,15260.04,10992.6,C101962,183576.83,187844.27,16,563,0,1,1,1,1.5028882869932731,0.27964736658619505,0,0.0,-2.6360533,-1.6033297,-4.407063,0.29044488,-0.70494294,-0.051854037,-0.073058784
400,TRANSFER,100163.19,C100905,120195.83,20032.64,C101513,358924.58,459087.77,16,695,0,0,1,1,0.9239117384306691,0.833333319467073,0,0.0,-2.4084365,-1.8530564,-4.405692,-0.42836732,-0.6958916,-0.017503984,-0.10854335
400,TRANSFER,20293.39,C100857,114851.84,94558.45,C101294,49040.77,69334.17,16,443,0,1,1,1,0.3264655797124146,0.1766919014967457,0,0.0,-2.6360533,-1.6033297,-4.407063,0.29044488,-0.70494294,-0.051854037,-0.073058784
400,TRANSFER,23621.89,C101210,103719.69,80097.81,C100828,13396.82,37018.7,16,584,0,0,1,1,0.11892742910175887,0.22774740263878535,0,0.0,-2.4084365,-1.8530564,-4.405692,-0.42836732,-0.6958916,-0.017503984,-0.10854335
400,TRANSFER,1706.52,C101886,30415.13,28708.61,C101381,145781.13,147487.65,16,435,0,1,1,1,0.3348044632747449,0.056107601710069954,0,0.0,-2.6360533,-1.6033297,-4.407063,0.29044488,-0.70494294,-0.051854037,-0.073058784
400,TRANSFER,6691.35,C100385,47244.82,40553.47,C101491,31370.59,38061.95,16,609,0,0,1,1,1.1609634589648468,0.14163140001380045,0,0.0,-2.4084365,-1.8530564,-4.405692,-0.42836732,-0.6958916,-0.017503984,-0.10854335
400,TRANSFER,1450057.35,C101628,430339.22,0.0,C101281,248283.0,1698340.35,13,-196,0,3,1,1,19.690605710351814,2.0,596,0.6,0.19548422,-0.861343,1.6842527,-0.92693263,-1.6425326,-4.087223,0.4125272
400,TRANSFER,20494.55,C100643,31313.23,10818.68,C101597,49743.59,70238.14,16,445,0,1,1,1,0.4155515375584618,0.6545013082329737,0,0.0,-2.6360533,-1.6033297,-4.407063,0.29044488,-0.70494294,-0.051854037,-0.073058784
400,TRANSFER,4538.83,C100637,76363.2,71824.38,C100102,41915.74,46454.56,16,405,0,1,1,1,1.0643907052222954,0.05943739916609048,0,0.0,-2.6360533,-1.6033297,-4.407063,0.29044488,-0.70494294,-0.051854037,-0.073058784
400,TRANSFER,1847.32,C100897,108482.18,106634.86,C101014,0.0,1847.32,12,707,0,1,1,1,0.033091234212255766,0.01702878758520524,0,0.0,-2.5863402,-1.2650838,-3.8894126,0.24856035,-0.7431547,-2.7366734,-0.1278737
400,TRANSFER,2560.05,C100897,108482.18,105922.13,C101111,0.0,2560.05,12,707,0,1,1,1,0.045858440413726574,0.02359880673489416,0,0.0,-2.5863402,-1.2650838,-3.8894126,0.24856035,-0.7431547,-2.7366734,-0.1278737
400,TRANSFER,1461702.08,C100792,38447.33,0.0,C100157,37371.2,1499073.28,12,717,0,0,1,1,12.843347452911784,2.0,0,1.2,0.34391937,-0.006093319,1.822094,-0.55274224,-0.96384573,-4.6013427,-0.4880452
400,TRANSFER,103424.98,C101446,124109.98,20685.0,C100169,47126.46,150551.44,16,380,0,0,1,1,0.7624190858777183,0.8333333064754341,20,0.0,-2.4291375,-1.8610102,-4.405692,-0.4264245,-0.695359,-0.020400742,-0.079467505
400,TRANSFER,2927.4,C101330,100991.28,98063.88,C101232,27164.17,30091.57,16,617,0,1,1,1,1.2835021566699116,0.02898666102657576,0,0.0,-2.6360533,-1.6033297,-4.407063,0.29044488,-0.70494294,-0.051854037,-0.073058784
400,TRANSFER,15706.77,C101594,62823.62,47116.84,C100151,237468.65,253175.42,16,709,0,0,1,1,0.8536274821530847,0.250013768706738,0,0.0,-2.4084365,-1.8530564,-4.405692,-0.42836732,-0.6958916,-0.017503984,-0.10854335
400,TRANSFER,19159.82,C101334,105603.5,86443.68,C101225,48514.86,67674.68,16,552,0,2,1,1,1.0435856895388376,0.1814316760334648,0,0.0,-2.6832945,-1.4346969,-4.0894923,-0.64429116,-0.7734308,-0.20292611,-0.06005444
400,TRANSFER,103133.5,C100273,293628.89,190495.39,C101207,145007.31,248140.81,16,690,0,2,1,1,0.645135635720537,0.35123757747406936,0,0.0,-2.6832945,-1.4346969,-4.0894923,-0.64429116,-0.7734308,-0.20292611,-0.06005444
400,TRANSFER,22872.69,C101718,170477.42,147604.73,C101730,40826.95,63699.64,16,570,0,2,1,1,1.1291640741951763,0.13416844295273825,0,0.0,-2.6832945,-1.4346969,-4.0894923,-0.64429116,-0.7734308,-0.20292611,-0.06005444
400,TRANSFER,32706.16,C101460,111545.15,78838.99,C101808,87672.56,120378.72,16,696,0,0,1,1,0.9062368050080317,0.29321005888646884,0,0.0,-2.4084365,-1.8530564,-4.405692,-0.42836732,-0.6958916,-0.017503984,-0.10854335
400,TRANSFER,1190244.99,C101323,251348.49,0.0,C100963,40801.42,1231046.41,14,164,0,0,1,1,17.39387487030246,2.0,236,18.9,-0.6532522,1.0459063,1.8810418,-0.3242543,-1.1843877,-1.9645318,-0.2952722
400,TRANSFER,1084870.51,C101431,531875.36,0.0,C101604,107383.59,1192254.1,12,206,0,4,1,1,24.13989695438625,2.0,194,0.1,-1.0461004,-0.36057025,1.595231,-0.9631418,-1.743137,-4.3999057,-0.2117456
400,TRANSFER,1064782.37,C101970,15116.68,0.0,C100535,346198.69,1410981.07,14,615,0,0,1,1,5.358306833210874,2.0,0,1.8,-0.39883766,-1.8108824,1.8836458,-0.50659645,-1.0351259,-2.0507789,-0.12701531
400,TRANSFER,14153.16,C100795,222065.57,207912.41,C101787,103896.14,118049.3,16,537,0,0,1,1,0.300488593643081,0.06373414843192486,0,0.0,-2.4084365,-1.8530564,-4.405692,-0.42836732,-0.6958916,-0.017503984,-0.10854335
401,TRANSFER,867441.58,C101426,155903.91,0.0,C100308,464740.69,1332182.26,17,390,0,1,1,1,11.745019055006912,2.0,11,1.4,-0.4471726,-0.0960181,1.7948935,0.2848387,-1.0344846,-4.6589127,-0.14923415
401,TRANSFER,44470.3,C100754,360342.98,315872.68,C101221,109364.94,153835.24,17,626,0,1,1,1,0.5488182850851226,0.12341103467590796,0,0.0,-2.6324522,-1.3125136,-4.015815,0.2991896,-0.6647574,-3.069403,-0.08520533
401,TRANSFER,4458.85,C100909,189596.31,185137.46,C100384,224323.73,228782.58,17,385,0,0,1,1,0.9942150819630705,0.023517599050319072,16,0.0,-2.4255364,-1.5701944,-4.014444,-0.41767973,-0.65517336,-3.0379493,-0.09161406
401,TRANSFER,1402752.02,C101467,10145.83,0.0,C101777,171421.43,1574173.45,16,5,0,1,1,1,19.169015394354112,2.0,396,10.8,0.03822361,-1.2332445,1.9026701,0.13151449,-1.1889849,-1.361377,-0.43515477
401,TRANSFER,209.26,C101381,145781.13,145571.87,C100693,63649.06,63858.32,17,679,0,0,1,1,0.005739493091101537,0.0014354395524304139,0,0.0,-2.4048355,-1.5622406,-4.014444,-0.41962254,-0.65570605,-3.0350525,-0.120689884
401,TRANSFER,17354.85,C101864,20825.82,3470.97,C101866,162892.37,180247.22,17,462,0,1,1,1,1.0530902709591918,0.8333333333333333,0,0.0,-2.6324522,-1.3125136,-4.015815,0.2991896,-0.6647574,-3.069403,-0.08520533
401,TRANSFER,65326.87,C101270,361399.97,296073.09,C101279,61104.2,126431.08,17,444,0,1,1,1,1.1376304493463754,0.18076058501056325,0,0.0,-2.6324522,-1.3125136,-4.015815,0.2991896,-0.6647574,-3.069403,-0.08520533
401,TRANSFER,39694.12,C100434,73781.05,34086.93,C101839,80538.96,120233.08,17,572,0,3,1,1,0.39752191278769033,0.5379988492980243,0,0.0,-2.5800908,-1.1477658,-3.6166258,-0.6468489,-0.7941816,-3.327075,-0.07069887
401,TRANSFER,6757.81,C100037,326395.74,319637.94,C101311,214730.01,221487.82,17,440,0,0,1,1,1.2171445545812931,0.02070434497705148,0,0.0,-2.4048355,-1.5622406,-4.014444,-0.41962254,-0.65570605,-3.0350525,-0.120689884
401,TRANSFER,1118696.58,C100897,108482.18,0.0,C101491,31370.59,1150067.17,12,707,0,3,1,1,20.03932753460663,2.0,0,0.1,-1.0199671,-0.39578933,1.602614,-0.9715359,-1.7439886,-4.5094285,-0.14699051
401,TRANSFER,9520.06,C101609,94212.48,84692.42,C101304,4017677.81,4027197.87,17,584,0,0,1,1,1.0552191404442233,0.10104882070825436,0,0.0,-2.4048355,-1.5622406,-4.014444,-0.41962254,-0.65570605,-3.0350525,-0.120689884
401,TRANSFER,2656.74,C100858,65675.02,63018.29,C100505,297541.33,300198.06,17,631,0,0,1,1,1.219213574234625,0.04045282361543247,0,0.0,-2.4048355,-1.5622406,-4.014444,-0.41962254,-0.65570605,-3.0350525,-0.120689884
402,TRANSFER,8915.79,C100087,56298.8,47383.0,C100216,100060.8,108976.59,18,544,0,0,1,1,0.7543059140905533,0.15836554242719206,0,0.0,-2.412985,-1.5622406,-4.014444,-0.41750395,-0.65570605,-3.0290215,-0.120689884
402,TRANSFER,93114.77,C101258,111737.72,18622.95,C101622,34196.88,127311.65,18,679,0,3,1,1,1.3003352721424486,0.8333333631650978,0,0.0,-2.5813951,-1.1477658,-3.6166258,-0.64815307,-0.7941816,-3.3244667,-0.07069887
402,TRANSFER,11947.38,C100294,399485.73,387538.35,C101703,38660.39,50607.77,18,698,0,0,1,1,1.1799439865018697,0.02990690055437024,0,0.0,-2.412985,-1.5622406,-4.014444,-0.41750395,-0.65570605,-3.0290215,-0.120689884
402,TRANSFER,3216.18,C101331,94692.01,91475.83,C100264,175103.56,178319.74,18,637,0,0,1,1,0.7519218584994546,0.03396463967762433,0,0.0,-2.412985,-1.5622406,-4.014444,-0.41750395,-0.65570605,-3.0290215,-0.120689884
402,TRANSFER,4879.36,C101015,50008.3,45128.94,C101567,23661.1,28540.47,18,626,0,1,1,1,0.060882989324713005,0.09757100321346655,0,0.0,-2.6337564,-1.3125136,-4.015815,0.2978854,-0.6647574,-3.0667942,-0.08520533
402,TRANSFER,6480.16,C101768,300455.5,293975.34,C101020,22686.6,29166.76,18,436,0,0,1,1,1.1335257480766243,0.021567786244552023,0,0.0,-2.412985,-1.5622406,-4.014444,-0.41750395,-0.65570605,-3.0290215,-0.120689884
402,TRANSFER,20393.39,C101398,24472.07,4078.68,C101954,101839.62,122233.01,18,636,0,6,1,1,0.2931698029624359,0.8333332652284829,0,0.0,-2.5819147,-1.0759975,-3.584735,-0.48016036,-0.7857524,-3.3244667,-0.07069887
402,TRANSFER,6283.74,C101520,41239.78,34956.05,C101890,22957.42,29241.16,18,553,0,0,1,1,1.6803972533620835,0.15237084193950598,0,0.0,-2.412985,-1.5622406,-4.014444,-0.41750395,-0.65570605,-3.0290215,-0.120689884
402,TRANSFER,21701.38,C100041,217955.24,196253.86,C101650,548772.02,570473.4,18,436,0,0,1,1,0.9896608865570169,0.09956805810220484,0,0.0,-2.412985,-1.5622406,-4.014444,-0.41750395,-0.65570605,-3.0290215,-0.120689884
402,TRANSFER,24663.96,C100196,79509.48,54845.52,C100806,783368.78,808032.75,18,713,0,1,1,1,0.9435318221059301,0.3102015005003177,0,0.0,-2.6337564,-1.3125136,-4.015815,0.2978854,-0.6647574,-3.0667942,-0.08520533
402,TRANSFER,87230.87,C100273,293628.89,206398.02,C100059,26596.26,113827.12,18,690,0,3,1,1,0.5456591967877122,0.2970786355525166,0,0.0,-2.5813951,-1.1477658,-3.6166258,-0.64815307,-0.7941816,-3.3244667,-0.07069887
402,TRANSFER,7042.46,C101040,447596.32,440553.86,C100040,298691.83,305734.29,18,488,0,0,1,1,0.15050244050950634,0.015733954202304435,0,0.0,-2.412985,-1.5622406,-4.014444,-0.41750395,-0.65570605,-3.0290215,-0.120689884
402,TRANSFER,6899.62,C101040,447596.32,440696.69,C100030,474442.6,481342.22,18,488,0,0,1,1,0.1474498468700142,0.015414827360510917,0,0.0,-2.412985,-1.5622406,-4.014444,-0.41750395,-0.65570605,-3.0290215,-0.120689884
402,TRANSFER,23291.49,C101890,27949.79,4658.3,C101162,192097.02,215388.51,18,660,0,1,1,1,0.6553242580746994,0.8333332737025931,0,0.0,-2.6337564,-1.3125136,-4.015815,0.2978854,-0.6647574,-3.0667942,-0.08520533
402,TRANSFER,5138.33,C100878,36404.84,31266.51,C101100,29166.62,34304.95,18,545,0,4,1,1,0.06339557525230831,0.141144144569788,0,0.0,-2.5819147,-1.1482962,-3.584735,-0.6034175,-0.7912104,-3.3244667,-0.07069887
402,TRANSFER,5399.45,C100966,535998.94,530599.49,C101360,92306.1,97705.55,18,618,0,0,1,1,0.5614454053332167,0.010073620667981172,0,0.0,-2.412985,-1.5622406,-4.014444,-0.41750395,-0.65570605,-3.0290215,-0.120689884
402,TRANSFER,3990.31,C101224,134067.47,130077.16,C100934,39884.25,43874.56,18,492,0,0,1,1,0.7709671988514903,0.029763446718282967,0,0.0,-2.412985,-1.5622406,-4.014444,-0.41750395,-0.65570605,-3.0290215,-0.120689884
402,TRANSFER,8152.65,C101523,14724.62,6571.97,C100697,117566.14,125718.79,18,658,0,0,1,1,0.7908480604147329,0.55367472980627,0,0.0,-2.412985,-1.5622406,-4.014444,-0.41750395,-0.65570605,-3.0290215,-0.120689884
402,TRANSFER,5532.66,C100195,10640.54,5107.87,C101639,19628.27,25160.94,18,382,0,0,1,1,0.9190605379878617,0.5199604531348972,20,0.0,-2.433686,-1.5701944,-4.014444,-0.4155612,-0.65517336,-3.0319183,-0.09161406
403,TRANSFER,8387.52,C101309,57948.97,49561.45,C101053,90135.94,98523.46,19,560,0,0,1,1,1.0671923133953298,0.14473975982661988,0,0.0,-2.412985,-1.5622406,-4.014444,-0.41750395,-0.65570605,-3.0290215,-0.120689884
403,TRANSFER,1334091.3,C101112,686374.66,0.0,MULE452301,0.0,1334091.3,14,-255,1,2,0,1,18.02212329084344,1.9436779615377993,658,99.9,1.2912487,0.7272939,1.3012589,-0.71428275,5.2763367,-0.5981038,0.26059446
403,TRANSFER,11355.76,C100260,13626.92,2271.15,C101743,210694.74,222050.5,19,505,0,2,1,1,1.0932617415962151,0.833332844105638,0,0.0,-2.6809976,-1.1438808,-3.698245,-0.6368506,-0.73324513,-3.2178664,-0.07220097
403,TRANSFER,1802273.47,C101237,240274.7,0.0,C101481,22349.7,1824623.17,23,246,1,0,1,1,19.480332838583458,2.0,157,100.0,5.2149167,-0.65356463,2.2764845,-0.18236117,-0.6260579,1.7545518,0.0733064
403,TRANSFER,78155.85,C100176,175823.23,97667.38,C101824,66511.86,144667.72,19,575,0,3,1,1,1.0896493654421904,0.4445137880813588,0,0.0,-2.5813951,-1.1477658,-3.6166258,-0.64815307,-0.7941816,-3.3244667,-0.07069887
403,TRANSFER,266668.93,C101769,320002.71,53333.79,C101491,31370.59,298039.52,19,490,0,0,1,1,1.2307762178738542,0.8333333489582009,0,0.0,-2.412985,-1.5622406,-4.014444,-0.41750395,-0.65570605,-3.0290215,-0.120689884
403,TRANSFER,18579.25,C101688,2307746.1,2289166.85,C100421,70482.51,89061.76,19,699,0,0,1,1,1.5261933984373113,0.008050820668703546,0,0.0,-2.412985,-1.5622406,-4.014444,-0.41750395,-0.65570605,-3.0290215,-0.120689884
403,TRANSFER,7252.37,C101771,19679.27,12426.9,C101101,52749.72,60002.1,19,615,0,0,1,1,0.48208328007139073,0.3685284057792794,0,0.0,-2.412985,-1.5622406,-4.014444,-0.41750395,-0.65570605,-3.0290215,-0.120689884
403,TRANSFER,1926559.81,C101965,37609.8,0.0,C101599,7669.13,1934228.94,4,95,1,5,0,1,14.948069534359258,2.0,308,100.0,3.5988097,1.1058491,2.1179419,-0.1707693,2.6212258,2.5444865,0.019715369
403,TRANSFER,2070773.6,C101811,68470.52,0.0,C100904,5225.5,2075999.11,10,250,1,4,0,1,25.374146682420037,2.0,153,100.0,5.15188,0.38258037,1.9490331,-0.0016956925,4.416111,-1.084192,0.07341362
403,TRANSFER,4367.05,C100367,61985.42,57618.36,C100688,462411.62,466778.67,19,545,0,1,1,1,0.02295414365643613,0.07045285810760014,0,0.0,-2.6337564,-1.3125136,-4.015815,0.2978854,-0.6647574,-3.0667942,-0.08520533
403,TRANSFER,21172.29,C100849,318437.3,297265.01,C100494,365416.08,386588.37,19,431,0,0,1,1,0.5969566424434994,0.06648809671480069,0,0.0,-2.412985,-1.5622406,-4.014444,-0.41750395,-0.65570605,-3.0290215,-0.120689884
403,TRANSFER,9084.31,C100811,63747.54,54663.24,C100397,79224.66,88308.97,19,440,0,0,1,1,1.0707691772743066,0.14250447938853797,0,0.0,-2.412985,-1.5622406,-4.014444,-0.41750395,-0.65570605,-3.0290215,-0.120689884
403,TRANSFER,23034.52,C101396,33367.74,10333.22,C100899,260473.73,283508.25,19,420,0,0,1,1,1.0100766398191603,0.6903230485492875,0,0.0,-2.412985,-1.5622406,-4.014444,-0.41750395,-0.65570605,-3.0290215,-0.120689884
404,TRANSFER,22546.63,C101853,64987.93,42441.29,C101387,54136.19,76682.83,20,621,0,0,1,1,0.11365574138825989,0.3469356540514523,0,0.0,-2.44557,-1.9975752,-5.029045,-0.41750395,-0.60858834,-1.5936172,-0.120689884
404,TRANSFER,6987.7,C101017,351030.05,344042.36,C101308,29414.44,36402.13,20,703,0,2,1,1,0.735363944240467,0.01990627298147267,0,0.0,-2.7135828,-1.5792158,-4.712847,-0.6368506,-0.6861274,-1.7824625,-0.07220097
404,TRANSFER,27597.66,C101146,269072.98,241475.32,C100370,26349.55,53947.21,20,644,0,0,1,1,1.4081591526204276,0.10256570540825022,0,0.0,-2.44557,-1.9975752,-5.029045,-0.41750395,-0.60858834,-1.5936172,-0.120689884
404,TRANSFER,12234.68,C101759,14681.62,2446.94,C100101,12614.69,24849.37,20,564,0,1,1,1,0.12881496516777788,0.8333331062920849,0,0.0,-2.6663413,-1.7478483,-5.0304165,0.2978854,-0.61763954,-1.6313902,-0.08520533
404,TRANSFER,10008.96,C100956,186739.13,176730.17,C100083,119388.44,129397.4,20,507,0,2,1,1,0.15095516484529886,0.053598621777878046,0,0.0,-2.7135828,-1.5792158,-4.712847,-0.6368506,-0.6861274,-1.7824625,-0.07220097
404,TRANSFER,34680.6,C101921,67551.81,32871.21,C101597,49743.59,84424.19,20,496,0,0,1,1,0.9360938782825927,0.5133926093172041,0,0.0,-2.44557,-1.9975752,-5.029045,-0.41750395,-0.60858834,-1.5936172,-0.120689884
404,TRANSFER,5031.95,C101170,353999.71,348967.76,C101121,123329.63,128361.58,20,462,0,0,1,1,0.0796178894040305,0.014214559667294641,0,0.0,-2.44557,-1.9975752,-5.029045,-0.41750395,-0.60858834,-1.5936172,-0.120689884
404,TRANSFER,16887.49,C101542,82056.23,65168.74,C101433,112261.48,129148.98,20,610,0,0,1,1,1.0183962115095755,0.2058038737582753,0,0.0,-2.44557,-1.9975752,-5.029045,-0.41750395,-0.60858834,-1.5936172,-0.120689884
404,TRANSFER,1246651.48,C101131,44195.68,0.0,C100068,186620.56,1433272.03,8,-311,0,4,1,1,18.629081778218502,2.0,715,0.5,-1.1230053,0.011436359,1.4650689,-0.91115314,-1.5696075,-3.7161593,0.47874555
404,TRANSFER,4599.4,C101588,37813.11,33213.71,C100429,878935.03,883534.43,20,528,0,0,1,1,0.06925931331369754,0.12163506254841243,0,0.0,-2.44557,-1.9975752,-5.029045,-0.41750395,-0.60858834,-1.5936172,-0.120689884
404,TRANSFER,16783.37,C101673,20140.05,3356.67,C101270,361399.97,378183.34,20,424,0,1,1,1,0.30682341247039746,0.8333330850717848,0,0.0,-2.6663413,-1.7478483,-5.0304165,0.2978854,-0.61763954,-1.6313902,-0.08520533
404,TRANSFER,1036618.15,C100788,49412.65,0.0,MULE660550,0.0,1036618.15,3,433,1,0,1,1,9.654933635970163,2.0,0,99.6,-0.02813274,-0.22986497,2.3067822,-0.32041386,-0.4884068,4.472492,-0.23019744
404,TRANSFER,1402141.1,C101356,46828.42,0.0,C101112,686374.66,2088515.76,8,290,0,0,1,1,16.924351372547285,2.0,114,1.1,-0.41931334,0.5537036,1.6060227,-0.5168587,-0.9875184,-4.548652,-0.19014592
405,TRANSFER,3625.66,C100305,54618.82,50993.16,C100015,119510.24,123135.9,21,542,0,0,1,1,0.8694617127504547,0.06638114847592826,0,0.0,-2.44557,-1.9975752,-5.029045,-0.41750395,-0.60858834,-1.5936172,-0.120689884
405,TRANSFER,35174.98,C101774,365333.67,330158.7,C101774,365333.67,400508.65,21,437,0,1,1,1,0.44042124181968084,0.09628179083521102,0,0.0,-2.6663413,-1.7478483,-5.0304165,0.2978854,-0.61763954,-1.6313902,-0.08520533
405,TRANSFER,5905.12,C100471,58695.64,52790.53,C100372,86014.1,91919.21,21,622,0,0,1,1,0.6359870031470631,0.10060576901452987,0,0.0,-2.44557,-1.9975752,-5.029045,-0.41750395,-0.60858834,-1.5936172,-0.120689884
405,TRANSFER,42170.14,C100446,62860.61,20690.46,C101190,17917.58,60087.73,21,492,0,2,1,1,1.1324784114177167,0.670851587345398,0,0.0,-2.7135828,-1.5792158,-4.712847,-0.6368506,-0.6861274,-1.7824625,-0.07220097
405,TRANSFER,2407.98,C100978,47471.34,45063.36,C101398,10615.91,13023.89,21,408,0,0,1,1,0.015981783144275837,0.050724921605330715,0,0.0,-2.44557,-1.9975752,-5.029045,-0.41750395,-0.60858834,-1.5936172,-0.120689884
405,TRANSFER,5227.16,C100897,108482.18,103255.02,C101064,69697.59,74924.76,21,707,0,4,1,1,0.09363465767973868,0.04818450366686953,0,0.0,-2.6144993,-1.5836312,-4.599338,-0.6034175,-0.74409246,-1.889063,-0.07069887
405,TRANSFER,38266.26,C101256,45919.51,7653.25,C100193,103173.43,141439.68,21,410,0,1,1,1,1.3451981765306793,0.8333333696287264,0,0.0,-2.6663413,-1.7478483,-5.0304165,0.2978854,-0.61763954,-1.6313902,-0.08520533
405,TRANSFER,24147.24,C101911,1806564.41,1782417.17,C101345,74694.32,98841.56,21,695,0,1,1,1,0.25730047389798194,0.013366387528911854,0,0.0,-2.6663413,-1.7478483,-5.0304165,0.2978854,-0.61763954,-1.6313902,-0.08520533
405,TRANSFER,30732.11,C100215,100375.94,69643.83,C101330,100991.28,131723.39,21,483,0,3,1,1,0.4243481747103519,0.306170084185513,0,0.0,-2.6139798,-1.5831007,-4.6312284,-0.64815307,-0.74706364,-1.889063,-0.07069887
405,TRANSFER,8896.12,C101911,1806564.41,1797668.28,C101444,372207.79,381103.91,21,695,0,1,1,1,0.09479244385086308,0.00492433037579878,0,0.0,-2.6663413,-1.7478483,-5.0304165,0.2978854,-0.61763954,-1.6313902,-0.08520533
405,TRANSFER,3151.96,C101550,40488.99,37337.03,C100959,1025952.68,1029104.64,21,620,0,1,1,1,1.1799850307287212,0.07784733578190021,0,0.0,-2.6663413,-1.7478483,-5.0304165,0.2978854,-0.61763954,-1.6313902,-0.08520533
405,TRANSFER,25872.7,C101008,71362.24,45489.53,C101658,33245.53,59118.23,21,617,0,0,1,1,0.2848501621010317,0.36255448259471673,0,0.0,-2.44557,-1.9975752,-5.029045,-0.41750395,-0.60858834,-1.5936172,-0.120689884
405,TRANSFER,9498.84,C101128,41300.37,31801.53,C100652,462271.73,471770.57,21,712,0,0,1,1,0.9481123683827032,0.2299940654284695,0,0.0,-2.44557,-1.9975752,-5.029045,-0.41750395,-0.60858834,-1.5936172,-0.120689884
405,TRANSFER,2104.94,C100521,837982.55,835877.6,C100093,263686.65,265791.59,21,588,0,1,1,1,0.41686706067172963,0.0025119138817389455,0,0.0,-2.6663413,-1.7478483,-5.0304165,0.2978854,-0.61763954,-1.6313902,-0.08520533
405,TRANSFER,4267.31,C101719,138278.52,134011.21,C100875,6691.59,10958.9,21,696,0,1,1,1,1.15613011135214,0.03086025219245911,0,0.0,-2.6663413,-1.7478483,-5.0304165,0.2978854,-0.61763954,-1.6313902,-0.08520533
405,TRANSFER,10487.91,C100450,51942.65,41454.74,C100204,361142.34,371630.25,21,421,0,0,1,1,0.9122362301566478,0.20191326395553558,0,0.0,-2.44557,-1.9975752,-5.029045,-0.41750395,-0.60858834,-1.5936172,-0.120689884
405,TRANSFER,20468.85,C101470,24562.62,4093.77,C101599,527186.62,547655.47,21,455,0,1,1,1,1.394095662947439,0.8333333333333333,0,0.0,-2.6663413,-1.7478483,-5.0304165,0.2978854,-0.61763954,-1.6313902,-0.08520533
405,TRANSFER,3479.11,C101961,493020.13,489541.02,C100861,210963.83,214442.94,21,700,0,0,1,1,0.06458392980464482,0.007056730117693167,0,0.0,-2.44557,-1.9975752,-5.029045,-0.41750395,-0.60858834,-1.5936172,-0.120689884
405,TRANSFER,73159.04,C100769,248668.3,175509.26,C101212,229803.02,302962.06,21,510,0,3,1,1,0.5080418096377148,0.2942033222569986,0,0.0,-2.6139798,-1.5831007,-4.6312284,-0.64815307,-0.74706364,-1.889063,-0.07069887
406,TRANSFER,1368942.17,C100258,362762.51,0.0,C101393,13145.87,1382088.04,2,109,1,3,0,1,18.02216134908532,2.0,297,100.0,0.82663494,0.72849077,2.0600235,0.074328214,3.6600792,3.6845047,-0.12038154
406,TRANSFER,17292.24,C101941,68513.86,51221.61,C101972,130811.77,148104.01,22,624,0,1,1,1,0.2135946889471377,0.2523903922505607,0,0.0,-2.6663413,-1.7478483,-5.0304165,0.2978854,-0.61763954,-1.6313902,-0.08520533
406,TRANSFER,12277.35,C100966,535998.94,523721.59,C100300,54815.78,67093.13,22,618,0,1,1,1,1.276622942552995,0.022905549029630545,0,0.0,-2.6663413,-1.7478483,-5.0304165,0.2978854,-0.61763954,-1.6313902,-0.08520533
406,TRANSFER,8518.04,C100868,106671.32,98153.28,C101685,136125.02,144643.06,22,524,0,0,1,1,1.1088071833914386,0.07985314140670613,0,0.0,-2.44557,-1.9975752,-5.029045,-0.41750395,-0.60858834,-1.5936172,-0.120689884
406,TRANSFER,10025.87,C101383,44236.64,34210.77,C100007,26026.82,36052.69,22,558,0,0,1,1,0.18095653938821682,0.22664176121875443,0,0.0,-2.44557,-1.9975752,-5.029045,-0.41750395,-0.60858834,-1.5936172,-0.120689884
406,TRANSFER,25482.83,C100011,832858.81,807375.98,C100538,206349.82,231832.64,22,604,0,2,1,1,0.3617028945499881,0.030596818685270318,0,0.0,-2.7135828,-1.5792158,-4.712847,-0.6368506,-0.6861274,-1.7824625,-0.07220097
406,TRANSFER,31482.42,C101105,104150.26,72667.84,C101235,190032.9,221515.32,22,620,0,2,1,1,1.2152827073243895,0.3022788421267503,0,0.0,-2.7135828,-1.5792158,-4.712847,-0.6368506,-0.6861274,-1.7824625,-0.07220097
406,TRANSFER,2169.77,C101520,41239.78,39070.01,C101035,177049.08,179218.85,22,553,0,1,1,1,0.5802397216351166,0.052613520246713244,0,0.0,-2.6663413,-1.7478483,-5.0304165,0.2978854,-0.61763954,-1.6313902,-0.08520533
406,TRANSFER,4449.83,C101988,414966.65,410516.82,C100671,553033.44,557483.27,22,413,0,0,1,1,0.8172169811320755,0.010723343671111883,0,0.0,-2.44557,-1.9975752,-5.029045,-0.41750395,-0.60858834,-1.5936172,-0.120689884
406,TRANSFER,2378.84,C100978,47471.34,45092.5,C101630,236155.89,238534.74,22,408,0,1,1,1,0.015788380723647674,0.05011107754699994,0,0.0,-2.6663413,-1.7478483,-5.0304165,0.2978854,-0.61763954,-1.6313902,-0.08520533
406,TRANSFER,2326.54,C100096,280684.72,278358.18,C101944,435591.72,437918.26,22,471,0,1,1,1,0.604112433895696,0.00828880175593456,0,0.0,-2.6663413,-1.7478483,-5.0304165,0.2978854,-0.61763954,-1.6313902,-0.08520533
406,TRANSFER,11974.33,C101256,45390.07,33415.75,C101425,154864.99,166839.31,22,410,0,2,1,1,0.42094123860488614,0.26380946317112974,0,0.0,-2.7135828,-1.5792158,-4.712847,-0.6368506,-0.6861274,-1.7824625,-0.07220097
406,TRANSFER,4048.81,C101989,33200.66,29151.86,C100307,100313.04,104361.85,22,643,0,1,1,1,1.3537878270406287,0.1219496841327853,0,0.0,-2.6663413,-1.7478483,-5.0304165,0.2978854,-0.61763954,-1.6313902,-0.08520533
406,TRANSFER,12302.33,C101699,22649.15,10346.82,C100974,113885.49,126187.81,22,700,0,0,1,1,0.8042834035763076,0.5431696112216131,0,0.0,-2.44557,-1.9975752,-5.029045,-0.41750395,-0.60858834,-1.5936172,-0.120689884
406,TRANSFER,92862.77,C101258,111435.33,18572.55,C100320,163302.22,256164.99,22,679,0,4,1,1,1.296816125947061,0.8333332884642599,0,0.0,-2.6144993,-1.5836312,-4.599338,-0.6034175,-0.74409246,-1.889063,-0.07069887
407,TRANSFER,74534.43,C100991,695844.58,621310.15,C100673,176705.16,251239.59,23,577,0,0,1,1,0.79084207357149,0.10711361723906795,0,0.0,-2.3431442,-1.7738352,-5.029045,-0.35394764,-0.57753015,2.5014837,-0.08444215
407,TRANSFER,63366.37,C100769,248668.3,185301.93,C101287,357864.39,421230.76,23,510,0,4,1,1,0.4400381044498808,0.25482287046640045,0,0.0,-2.5120735,-1.4029636,-4.599338,-0.65546775,-0.7130343,2.0904322,-0.047071267
407,TRANSFER,17704.33,C101996,332366.15,314661.82,C100400,57798.42,75502.75,23,519,0,0,1,1,0.9435300037641371,0.05326754845522025,0,0.0,-2.3431442,-1.7738352,-5.029045,-0.35394764,-0.57753015,2.5014837,-0.08444215
407,TRANSFER,5778.2,C100223,38068.7,32290.5,C100297,40134.75,45912.96,23,416,0,0,1,1,1.1806269575914596,0.15178348617105392,0,0.0,-2.3431442,-1.7738352,-5.029045,-0.35394764,-0.57753015,2.5014837,-0.08444215
407,TRANSFER,13296.33,C100699,35088.24,21791.91,C101871,28805.51,42101.83,23,612,0,0,1,1,1.1532682559733762,0.37893978153364205,0,0.0,-2.3431442,-1.7738352,-5.029045,-0.35394764,-0.57753015,2.5014837,-0.08444215
407,TRANSFER,5066.92,C101331,94692.01,89625.09,C101948,92360.62,97427.54,23,637,0,1,1,1,1.1846127714456458,0.05350947772679026,0,0.1,-2.563915,-1.567181,-5.0304165,0.24583514,-0.58658135,2.3481047,-0.06157772
407,TRANSFER,11277.87,C100199,37195.07,25917.2,C101485,361367.15,372645.02,23,519,0,0,1,1,1.0723975039374019,0.3032087316948187,0,0.0,-2.3431442,-1.7738352,-5.029045,-0.35394764,-0.57753015,2.5014837,-0.08444215
407,TRANSFER,5269.21,C101224,134067.47,128798.26,C100973,48979.88,54249.09,23,492,0,1,1,1,1.0180632767529996,0.03930267349715781,0,0.1,-2.563915,-1.567181,-5.0304165,0.24583514,-0.58658135,2.3481047,-0.06157772
407,TRANSFER,2352.63,C101330,100991.28,98638.65,C101104,90684.46,93037.09,23,617,0,2,1,1,1.0314974649335023,0.023295377581113934,0,0.0,-2.6111565,-1.3985485,-4.712847,-0.6889008,-0.6550691,2.1970322,-0.04857337
407,TRANSFER,19853.23,C101673,23823.87,3970.65,C100236,94191.13,114044.36,23,424,0,1,1,1,0.36294473500612034,0.8333335432068761,0,0.1,-2.563915,-1.567181,-5.0304165,0.24583514,-0.58658135,2.3481047,-0.06157772
407,TRANSFER,7527.27,C101123,190105.45,182578.18,C100976,38518.34,46045.61,23,561,0,0,1,1,0.08178367491663505,0.039595235170795995,0,0.0,-2.3431442,-1.7738352,-5.029045,-0.35394764,-0.57753015,2.5014837,-0.08444215
407,TRANSFER,263117.11,C101616,412467.35,149350.24,C101827,130250.13,393367.25,23,586,0,0,1,1,0.9792293895134389,0.6379101521611347,0,0.0,-2.3431442,-1.7738352,-5.029045,-0.35394764,-0.57753015,2.5014837,-0.08444215
407,TRANSFER,5047.7,C100742,36394.49,31346.79,C100935,3686.97,8734.67,23,555,0,0,1,1,1.073116144715927,0.13869407154764363,0,0.0,-2.3431442,-1.7738352,-5.029045,-0.35394764,-0.57753015,2.5014837,-0.08444215
407,TRANSFER,12627.8,C100731,20695.64,8067.85,C100239,68461.86,81089.66,23,505,0,0,1,1,0.9371519473486499,0.6101671656445512,0,0.0,-2.3431442,-1.7738352,-5.029045,-0.35394764,-0.57753015,2.5014837,-0.08444215
407,TRANSFER,6266.94,C101213,28847.68,22580.74,C101591,497220.01,503486.95,23,692,0,0,1,1,0.9927557338119756,0.21724242642735914,0,0.0,-2.3431442,-1.7738352,-5.029045,-0.35394764,-0.57753015,2.5014837,-0.08444215
407,TRANSFER,4727.21,C100897,108482.18,103754.97,C101892,5956.88,10684.09,23,707,0,5,1,1,0.08467900162425437,0.04357591265219781,0,0.0,-2.5120735,-1.3680141,-4.599338,-0.6010809,-0.7075763,2.0904322,-0.047071267
407,TRANSFER,6256.48,C101588,37813.11,31556.63,C101662,58961.08,65217.56,23,528,0,1,1,1,0.09421218171084976,0.1654579588930929,0,0.1,-2.563915,-1.567181,-5.0304165,0.24583514,-0.58658135,2.3481047,-0.06157772
408,TRANSFER,24566.13,C100048,111603.53,87037.4,C101308,29414.44,53980.57,0,674,0,1,1,1,0.47108591612081613,0.220119650337225,0,0.0,-3.154489,-1.6310449,-5.658995,0.23644252,-0.54399574,2.3775933,-0.13000211
408,TRANSFER,5017.55,C100615,43705.31,38687.76,C100370,26349.55,31367.1,0,410,0,0,1,1,0.0825188362682254,0.11480412791946792,0,0.0,-2.9275367,-1.8225812,-5.6584744,-0.4786451,-0.53900033,2.4156675,-0.16548668
408,TRANSFER,40721.93,C100983,134745.78,94023.85,C100526,90760.96,131482.9,0,438,0,0,1,1,1.5475763670078388,0.3022130266343035,0,0.0,-2.9275367,-1.8225812,-5.6584744,-0.4786451,-0.53900033,2.4156675,-0.16548668
408,TRANSFER,11995.57,C100505,297541.33,285545.76,C100331,15321.17,27316.74,0,434,0,0,1,1,0.15618606077542987,0.04031564287220198,0,0.0,-2.9275367,-1.8225812,-5.6584744,-0.4786451,-0.53900033,2.4156675,-0.16548668
408,TRANSFER,32164.25,C101928,38597.1,6432.85,C100851,549686.19,581850.44,0,694,0,1,1,1,1.027893884363348,0.8333333333333334,0,0.0,-3.154489,-1.6310449,-5.658995,0.23644252,-0.54399574,2.3775933,-0.13000211
408,TRANSFER,17550.02,C100125,124469.74,106919.72,C100226,118315.0,135865.02,0,607,0,0,1,1,0.24256718860151585,0.14099828600911354,0,0.0,-2.9275367,-1.8225812,-5.6584744,-0.4786451,-0.53900033,2.4156675,-0.16548668
408,TRANSFER,19508.21,C100856,91746.0,72237.79,C100243,305930.23,325438.44,0,669,0,0,1,1,1.0660315659940842,0.21263281232969283,0,0.0,-2.9275367,-1.8225812,-5.6584744,-0.4786451,-0.53900033,2.4156675,-0.16548668
408,TRANSFER,8998.47,C100560,151865.07,142866.61,C101825,72621.21,81619.67,0,647,0,1,1,1,0.08018754930230658,0.059253059311137175,0,0.0,-3.154489,-1.6310449,-5.658995,0.23644252,-0.54399574,2.3775933,-0.13000211
408,TRANSFER,12725.9,C100447,56971.24,44245.34,C101558,198280.62,211006.52,0,461,0,0,1,1,0.2102755415168647,0.22337410946295008,0,0.0,-2.9275367,-1.8225812,-5.6584744,-0.4786451,-0.53900033,2.4156675,-0.16548668
408,TRANSFER,9138.97,C101581,1161768.67,1152629.7,C100560,151865.07,161004.04,0,549,0,1,1,1,0.8331057379559808,0.007866428348424992,0,0.0,-3.154489,-1.6310449,-5.658995,0.23644252,-0.54399574,2.3775933,-0.13000211
408,TRANSFER,15758.25,C100439,84483.92,68725.67,C101578,192738.77,208497.02,0,500,0,0,1,1,0.7839307712047511,0.18652366036045676,0,0.0,-2.9275367,-1.8225812,-5.6584744,-0.4786451,-0.53900033,2.4156675,-0.16548668
408,TRANSFER,18689.02,C100856,91746.0,73056.98,C101053,90135.94,108824.96,0,669,0,0,1,1,1.0212667004043303,0.20370392169685872,0,0.0,-2.9275367,-1.8225812,-5.6584744,-0.4786451,-0.53900033,2.4156675,-0.16548668
409,TRANSFER,3442.5,C101310,53776.77,50334.27,C100872,27218.74,30661.24,1,620,0,0,1,1,0.8748756304250865,0.06401462936505856,0,0.0,-2.9275367,-1.8225812,-5.6584744,-0.4786451,-0.53900033,2.4156675,-0.16548668
409,TRANSFER,9762.47,C101840,18783.13,9020.66,C101523,14724.62,24487.09,1,421,0,0,1,1,1.3323798450893736,0.5197467088818529,0,0.0,-2.9275367,-1.8225812,-5.6584744,-0.4786451,-0.53900033,2.4156675,-0.16548668
409,TRANSFER,32209.16,C101825,72621.21,40412.04,C101330,100991.28,133200.44,1,444,0,0,1,1,1.2293685132993586,0.44352276697124704,0,0.0,-2.9275367,-1.8225812,-5.6584744,-0.4786451,-0.53900033,2.4156675,-0.16548668
409,TRANSFER,4736.03,C100685,116938.43,112202.4,C100214,34902.04,39638.07,1,511,0,1,1,1,0.03365312760589216,0.040500201687332385,0,0.0,-3.154489,-1.6310449,-5.658995,0.23644252,-0.54399574,2.3775933,-0.13000211
409,TRANSFER,30433.81,C101484,281872.72,251438.91,C101316,81302.72,111736.54,1,580,0,0,1,1,1.06896900918338,0.107970044068117,0,0.0,-2.9275367,-1.8225812,-5.6584744,-0.4786451,-0.53900033,2.4156675,-0.16548668
409,TRANSFER,32944.19,C101426,155903.91,122959.71,C101364,176809.25,209753.45,1,390,0,1,1,1,0.4460590179476619,0.21131086449339212,19,0.0,-3.1689122,-1.6378384,-5.658995,0.23524648,-0.54346305,2.394972,-0.08378953
409,TRANSFER,14180.39,C101233,280327.38,266146.99,C100142,2532663.64,2546844.03,1,468,0,1,1,1,0.06683029013848779,0.05058510517238808,0,0.0,-3.154489,-1.6310449,-5.658995,0.23644252,-0.54399574,2.3775933,-0.13000211
409,TRANSFER,25271.26,C100677,181750.74,156479.48,C101380,129447.65,154718.91,1,514,0,0,1,1,1.1511316547220884,0.1390435054074608,0,0.0,-2.9275367,-1.8225812,-5.6584744,-0.4786451,-0.53900033,2.4156675,-0.16548668
409,TRANSFER,3410.06,C100776,192354.33,188944.28,C100471,58695.64,62105.7,1,559,0,0,1,1,0.6973231613550928,0.017728012673278528,0,0.0,-2.9275367,-1.8225812,-5.6584744,-0.4786451,-0.53900033,2.4156675,-0.16548668
409,TRANSFER,1762.69,C101171,225558.32,223795.63,C101502,211718.32,213481.01,1,567,0,0,1,1,1.0263750619993404,0.007814785994149982,0,0.0,-2.9275367,-1.8225812,-5.6584744,-0.4786451,-0.53900033,2.4156675,-0.16548668
409,TRANSFER,8381.82,C100868,106671.32,98289.5,C100636,66499.43,74881.25,1,524,0,1,1,1,1.091075203438118,0.07857613461612736,0,0.0,-3.154489,-1.6310449,-5.658995,0.23644252,-0.54399574,2.3775933,-0.13000211
409,TRANSFER,6165.56,C100790,582747.02,576581.47,C100613,61656.18,67821.74,1,433,0,1,1,1,0.9067768093297314,0.010580165643747093,0,0.0,-3.154489,-1.6310449,-5.658995,0.23644252,-0.54399574,2.3775933,-0.13000211
409,TRANSFER,22449.7,C100027,26939.64,4489.94,C100857,114851.84,137301.54,1,388,0,0,1,1,1.1639971193722218,0.8333333333333334,21,0.0,-2.9482374,-1.8904483,-5.6584744,-0.47670233,-0.53846765,2.4540813,-0.0760963
409,TRANSFER,6618.15,C101312,80096.75,73478.59,C101270,361399.97,368018.12,1,622,0,1,1,1,0.8907136972093329,0.08262694803472051,0,0.0,-3.154489,-1.6310449,-5.658995,0.23644252,-0.54399574,2.3775933,-0.13000211
410,TRANSFER,7435.79,C100878,36404.84,28969.05,C100082,24725.49,32161.28,2,545,0,4,1,1,0.09174112688468074,0.20425278616799306,0,0.0,-3.1835835,-1.5463876,-5.370311,-0.1206689,-0.62598336,2.5949473,-0.116349414
410,TRANSFER,22652.3,C100137,272546.6,249894.3,C100476,8621.86,31274.16,2,549,0,1,1,1,0.811849447359588,0.08311349325216312,0,0.0,-3.1975121,-1.6558194,-5.658995,0.23644252,-0.54399574,2.3084285,-0.13000211
410,TRANSFER,2892.9,C101331,94692.01,91799.11,C101811,68470.52,71363.42,2,637,0,2,1,1,0.6763411079146915,0.030550624070605326,0,0.0,-3.2061844,-1.5210766,-5.413605,-0.23514885,-0.57324165,2.6205006,-0.11812753
410,TRANSFER,3939.82,C100469,100645.05,96705.24,C100331,15321.17,19260.99,2,524,0,0,1,1,0.7904038638127523,0.03914569072199776,0,0.0,-2.9705603,-1.8473557,-5.6584744,-0.4786451,-0.53900033,2.3465033,-0.16548668
410,TRANSFER,20628.6,C101632,45100.31,24471.72,C101624,91432.41,112061.01,2,474,0,1,1,1,1.27655391271336,0.4573937518389563,0,0.0,-3.1975121,-1.6558194,-5.658995,0.23644252,-0.54399574,2.3084285,-0.13000211
410,TRANSFER,55036.79,C101664,80610.88,25574.09,C101332,10273.39,65310.18,2,536,0,2,1,1,0.44272658334574794,0.6827464233115926,0,0.0,-3.2061844,-1.5210766,-5.413605,-0.23514885,-0.57324165,2.6205006,-0.11812753
410,TRANSFER,9051.13,C100321,446562.54,437511.41,C100096,280684.72,289735.85,2,532,0,0,1,1,0.12858937431462944,0.020268448849292194,0,0.0,-2.9705603,-1.8473557,-5.6584744,-0.4786451,-0.53900033,2.3465033,-0.16548668
410,TRANSFER,21264.92,C101258,34479.57,13214.65,C101480,54245.48,75510.4,2,679,0,5,1,1,0.2969617552112022,0.6167397099209764,0,0.0,-3.1835835,-1.511438,-5.370311,-0.06628178,-0.6205254,2.5949473,-0.116349414
410,TRANSFER,11910.46,C101693,20196.33,8285.87,C101881,533886.55,545797.01,2,547,0,0,1,1,1.4213250755946985,0.5897338773925757,0,0.0,-2.9705603,-1.8473557,-5.6584744,-0.4786451,-0.53900033,2.3465033,-0.16548668
410,TRANSFER,27204.02,C101673,32644.82,5440.8,C100279,9127.33,36331.34,2,424,0,2,1,1,0.4973274288365771,0.8333334354424378,0,0.0,-3.2061844,-1.5210766,-5.413605,-0.23514885,-0.57324165,2.6205006,-0.11812753
410,TRANSFER,54037.88,C101280,799983.39,745945.5,C100494,365416.08,419453.96,2,579,0,0,1,1,0.5163067618542728,0.06754875248097338,0,0.0,-2.9705603,-1.8473557,-5.6584744,-0.4786451,-0.53900033,2.3465033,-0.16548668
410,TRANSFER,4209.56,C100776,192354.33,188144.78,C100414,373982.23,378191.79,2,559,0,1,1,1,0.8608129144689374,0.021884404681714213,0,0.0,-3.1975121,-1.6558194,-5.658995,0.23644252,-0.54399574,2.3084285,-0.13000211
410,TRANSFER,8021.46,C100945,129650.2,121628.74,C101579,19829.93,27851.39,2,421,0,0,1,1,0.954170484702546,0.06187001639796931,0,0.0,-2.9705603,-1.8473557,-5.6584744,-0.4786451,-0.53900033,2.3465033,-0.16548668
410,TRANSFER,21256.12,C100987,662121.66,640865.54,C101479,100918.96,122175.08,2,613,0,0,1,1,0.31329307804326617,0.03210304281542458,0,0.0,-2.9705603,-1.8473557,-5.6584744,-0.4786451,-0.53900033,2.3465033,-0.16548668
410,TRANSFER,4077.4,C101719,138278.52,134201.12,C100440,107380.71,111458.11,2,696,0,1,1,1,1.1046783374133156,0.02948686462655227,0,0.0,-3.1975121,-1.6558194,-5.658995,0.23644252,-0.54399574,2.3084285,-0.13000211
410,TRANSFER,94344.25,C100481,113213.1,18868.85,C101559,36621.41,130965.66,2,525,0,0,1,1,1.5512268436509251,0.8333333333333333,0,0.0,-2.9705603,-1.8473557,-5.6584744,-0.4786451,-0.53900033,2.3465033,-0.16548668
410,TRANSFER,8112.77,C100272,210560.79,202448.02,C101735,57789.0,65901.77,2,408,0,0,1,1,0.6648524069948829,0.03852934822290513,2,0.0,-2.991261,-1.8473557,-5.6584744,-0.47670233,-0.53846765,2.3465033,-0.14726128
411,TRANSFER,107339.3,C101479,128807.16,21467.86,C101215,172748.93,280088.23,3,402,0,2,1,1,1.4650855564972607,0.8333333333333334,9,0.0,-3.2206073,-1.527491,-5.413605,-0.23634487,-0.5727089,2.6382585,-0.072673015
411,TRANSFER,11984.63,C101233,280327.38,268342.76,C101634,80359.07,92343.69,3,468,0,1,1,1,0.05648196559491135,0.04275226344283601,0,0.0,-3.1975121,-1.6558194,-5.658995,0.23644252,-0.54399574,2.3084285,-0.13000211
411,TRANSFER,14280.66,C100256,147030.39,132749.74,C100322,387822.85,402103.5,3,411,0,0,1,1,0.7361871945037703,0.09712726736289007,0,0.0,-2.9705603,-1.8473557,-5.6584744,-0.4786451,-0.53900033,2.3465033,-0.16548668
411,TRANSFER,16511.04,C101375,47576.89,31065.85,C101343,252345.36,268856.4,3,717,0,0,1,1,0.7909398220259386,0.34703907716540533,0,0.0,-2.9705603,-1.8473557,-5.6584744,-0.4786451,-0.53900033,2.3465033,-0.16548668
411,TRANSFER,45854.64,C101817,123008.74,77154.1,C101593,169019.7,214874.34,3,435,0,0,1,1,0.4782604163169927,0.3727754629467792,0,0.0,-2.9705603,-1.8473557,-5.6584744,-0.4786451,-0.53900033,2.3465033,-0.16548668
411,TRANSFER,16198.52,C101376,209034.44,192835.92,C100913,6754.45,22952.97,3,626,0,0,1,1,0.22441630685827005,0.07749211086938593,0,0.0,-2.9705603,-1.8473557,-5.6584744,-0.4786451,-0.53900033,2.3465033,-0.16548668
411,TRANSFER,47646.38,C100381,254844.47,207198.09,C101107,115630.86,163277.23,3,593,0,0,1,1,0.4172793578331563,0.18696258153060963,0,0.0,-2.9705603,-1.8473557,-5.6584744,-0.4786451,-0.53900033,2.3465033,-0.16548668
411,TRANSFER,17294.76,C100295,300526.4,283231.64,C100380,71079.57,88374.33,3,510,0,1,1,1,1.1732990207108183,0.05754822205303759,0,0.0,-3.1975121,-1.6558194,-5.658995,0.23644252,-0.54399574,2.3084285,-0.13000211
411,TRANSFER,9223.36,C101611,39395.45,30172.09,C101304,4017677.81,4026901.17,3,466,0,1,1,1,0.8880573286737062,0.23412246845765186,0,0.0,-3.1975121,-1.6558194,-5.658995,0.23644252,-0.54399574,2.3084285,-0.13000211
412,TRANSFER,10800.2,C101448,51742.83,40942.63,C101597,49743.59,60543.79,4,719,0,0,1,1,0.15030845431189646,0.20872843638432612,0,0.0,-3.013765,-1.8913609,-5.6584744,-0.4786451,-0.54374427,2.2253532,-0.16548668
412,TRANSFER,8384.41,C100435,31269.11,22884.71,C101989,33200.66,41585.07,4,473,0,0,1,1,1.1743595709096897,0.2681371487707837,0,0.0,-3.013765,-1.8913609,-5.6584744,-0.4786451,-0.54374427,2.2253532,-0.16548668
412,TRANSFER,14045.23,C101059,67579.0,53533.78,C101130,220158.1,234203.33,4,597,0,0,1,1,0.7073750256384622,0.20783423844685478,0,0.0,-3.013765,-1.8913609,-5.6584744,-0.4786451,-0.54374427,2.2253532,-0.16548668
412,TRANSFER,6458.72,C101320,14364.16,7905.44,C101154,47577.36,54036.08,4,493,0,0,1,1,0.970828269357827,0.4496413295312779,0,0.0,-3.013765,-1.8913609,-5.6584744,-0.4786451,-0.54374427,2.2253532,-0.16548668
412,TRANSFER,6248.5,C100091,210088.64,203840.14,C100449,263794.32,270042.82,4,470,0,0,1,1,0.05202657478522156,0.029742207860453566,0,0.0,-3.013765,-1.8913609,-5.6584744,-0.4786451,-0.54374427,2.2253532,-0.16548668
412,TRANSFER,3605.56,C101327,106613.37,103007.81,C100640,200059.12,203664.67,4,707,0,0,1,1,1.349927815351069,0.03381902288615396,0,0.0,-3.013765,-1.8913609,-5.6584744,-0.4786451,-0.54374427,2.2253532,-0.16548668
412,TRANSFER,10791.27,C101090,436172.18,425380.91,C101430,14384.88,25176.15,4,695,0,0,1,1,1.5216497310505064,0.024740848900541984,0,0.0,-3.013765,-1.8913609,-5.6584744,-0.4786451,-0.54374427,2.2253532,-0.16548668
412,TRANSFER,9196.32,C101297,91756.38,82560.06,C100897,108482.18,117678.5,4,450,0,0,1,1,0.16345669438646393,0.10022540122005684,0,0.0,-3.013765,-1.8913609,-5.6584744,-0.4786451,-0.54374427,2.2253532,-0.16548668
413,TRANSFER,3018.86,C100534,80020.52,77001.66,C101292,54518.85,57537.71,5,422,0,0,1,1,1.0896780641284887,0.03772607326220824,0,0.0,-2.3673913,-1.6530298,-3.7581031,-0.6128197,-0.6993303,-2.6518826,-0.21017267
413,TRANSFER,33609.4,C100501,133078.75,99469.35,C100013,97515.31,131124.71,5,390,0,6,1,1,0.5253311354253182,0.25255271784563654,23,0.0,-2.4907455,-1.2559448,-3.3579998,0.17156118,-0.83436996,-2.0606804,-0.0063509196
413,TRANSFER,37684.37,C101928,45221.24,7536.87,C101019,8487.3,46171.67,5,694,0,1,1,1,1.2043039542064755,0.8333334070450081,0,0.0,-2.5943441,-1.4646981,-3.7594745,0.19323318,-0.7246261,-2.5989926,-0.15695137
413,TRANSFER,2042.86,C100204,361142.34,359099.48,C101196,20699.49,22742.35,5,634,0,0,1,1,0.06368805134565357,0.0056566615811372315,0,0.0,-2.3673913,-1.6530298,-3.7581031,-0.6128197,-0.6993303,-2.6518826,-0.21017267
413,TRANSFER,24496.71,C101996,332366.15,307869.44,C100236,94191.13,118687.84,5,519,0,1,1,1,1.3055213542963202,0.07370398579999797,0,0.0,-2.5943441,-1.4646981,-3.7594745,0.19323318,-0.7246261,-2.5989926,-0.15695137
413,TRANSFER,19141.89,C101673,22970.27,3828.38,C100930,40322.31,59464.2,5,424,0,3,1,1,0.34994044765341986,0.8333332607757766,0,0.0,-2.475803,-1.2916518,-3.3898907,0.0047643343,-0.84333175,-2.099094,-0.14329872
413,TRANSFER,17524.98,C100546,67895.87,50370.89,C101146,269072.98,286597.95,5,452,0,0,1,1,1.0495244346335673,0.25811555253655344,0,0.0,-2.3673913,-1.6530298,-3.7581031,-0.6128197,-0.6993303,-2.6518826,-0.21017267
413,TRANSFER,21861.24,C101262,146770.21,124908.96,C101113,251559.62,273420.87,5,436,0,0,1,1,0.7263535528949662,0.14894875465532142,0,0.0,-2.3673913,-1.6530298,-3.7581031,-0.6128197,-0.6993303,-2.6518826,-0.21017267
413,TRANSFER,1960.06,C101281,248283.0,246322.94,C101623,348882.29,350842.35,5,609,0,0,1,1,1.275690049089133,0.00789445914541068,0,0.0,-2.3673913,-1.6530298,-3.7581031,-0.6128197,-0.6993303,-2.6518826,-0.21017267
413,TRANSFER,12206.91,C100944,84244.5,72037.59,C101701,33865.93,46072.84,5,698,0,3,1,1,0.12325793463124281,0.14489859872157826,0,0.0,-2.475803,-1.2916518,-3.3898907,0.0047643343,-0.84333175,-2.099094,-0.14329872
413,TRANSFER,5409.42,C101211,91691.15,86281.73,C100107,28092.43,33501.85,5,446,0,0,1,1,0.11107046847748894,0.05899609722421412,0,0.0,-2.3673913,-1.6530298,-3.7581031,-0.6128197,-0.6993303,-2.6518826,-0.21017267
413,TRANSFER,64737.7,C100760,77685.24,12947.54,C100140,88083.6,152821.3,5,643,0,0,1,1,0.6475997311341948,0.8333333333333333,0,0.0,-2.3673913,-1.6530298,-3.7581031,-0.6128197,-0.6993303,-2.6518826,-0.21017267
413,TRANSFER,42012.64,C100210,254860.64,212848.01,C100195,10640.54,52653.17,5,591,0,0,1,1,0.2926154506293632,0.164845540684509,0,0.0,-2.3673913,-1.6530298,-3.7581031,-0.6128197,-0.6993303,-2.6518826,-0.21017267
414,TRANSFER,2108944.69,C100375,5286.44,0.0,MULE160302,0.0,2108944.69,1,-67,1,5,0,1,8.978907895159157,2.0,481,100.0,3.8334103,-0.17741373,2.1165247,-0.07899676,2.5232506,2.8916657,-0.085576065
414,TRANSFER,7614.75,C100966,535998.94,528384.19,C101370,72678.65,80293.4,6,618,0,2,1,1,0.7917966460030396,0.014206651229571463,0,0.0,-2.5982978,-1.2960657,-3.47151,-0.35090783,-0.76111835,-2.3594697,-0.14507683
414,TRANSFER,10998.46,C101795,80380.0,69381.55,C101752,79733.96,90732.42,6,543,0,1,1,1,0.1616092766016416,0.13683080368250808,0,0.0,-2.5943441,-1.4646981,-3.7594745,0.19323318,-0.7246261,-2.5989926,-0.15695137
414,TRANSFER,17313.68,C101725,521461.79,504148.1,C100984,20218.7,37532.38,6,547,0,0,1,1,0.3243728288876036,0.033202202600501184,0,0.0,-2.3673913,-1.6530298,-3.7581031,-0.6128197,-0.6993303,-2.6518826,-0.21017267
414,TRANSFER,4329.26,C100435,31269.11,26939.86,C100482,128146.38,132475.64,6,473,0,1,1,1,0.6063763480026005,0.1384516540445187,0,0.0,-2.5943441,-1.4646981,-3.7594745,0.19323318,-0.7246261,-2.5989926,-0.15695137
414,TRANSFER,2985.6,C100715,107051.64,104066.04,C100157,37371.2,40356.79,6,687,0,0,1,1,0.7633550238353641,0.027889343871798693,0,0.0,-2.3673913,-1.6530298,-3.7581031,-0.6128197,-0.6993303,-2.6518826,-0.21017267
414,TRANSFER,53144.11,C101708,83245.76,30101.65,C101371,15622.59,68766.7,6,476,0,1,1,1,1.4265536234465344,0.6384002020042823,0,0.0,-2.5943441,-1.4646981,-3.7594745,0.19323318,-0.7246261,-2.5989926,-0.15695137
414,TRANSFER,2095.77,C101327,106613.37,104517.6,C101975,140831.68,142927.45,6,707,0,1,1,1,0.7846598635380662,0.019657665825590167,0,0.0,-2.5943441,-1.4646981,-3.7594745,0.19323318,-0.7246261,-2.5989926,-0.15695137
414,TRANSFER,4607.36,C101754,75139.02,70531.66,MULE377826,0.0,4607.36,1,487,0,0,1,1,0.06531421181303838,0.06131780797779901,0,0.0,-2.9275367,-1.8225812,-5.6584744,-0.4786451,-0.53900033,2.4156675,-0.16548668
414,TRANSFER,42995.2,C100057,51594.24,8599.04,C100422,634040.86,677036.06,6,582,0,0,1,1,0.8475868954876696,0.8333333333333333,0,0.0,-2.3673913,-1.6530298,-3.7581031,-0.6128197,-0.6993303,-2.6518826,-0.21017267
414,TRANSFER,315224.14,C101616,412467.35,97243.21,C100789,57562.11,372786.26,6,586,0,1,1,1,1.1731534379200912,0.764240224105011,0,0.0,-2.5943441,-1.4646981,-3.7594745,0.19323318,-0.7246261,-2.5989926,-0.15695137
414,TRANSFER,83540.32,C100524,957095.7,873555.38,C100165,440935.42,524475.74,6,547,0,1,1,1,1.4284246490844807,0.08728523176940406,0,0.0,-2.5943441,-1.4646981,-3.7594745,0.19323318,-0.7246261,-2.5989926,-0.15695137
414,TRANSFER,3342.12,C101754,75139.02,71796.9,MULE377826,0.0,3342.12,1,487,0,0,1,1,0.04737809365549726,0.044479153441181425,0,0.0,-2.9275367,-1.8225812,-5.6584744,-0.4786451,-0.53900033,2.4156675,-0.16548668
414,TRANSFER,3433.49,C101170,353999.71,350566.23,C100669,44941.09,48374.58,6,462,0,1,1,1,0.054326300358676985,0.009699132239402115,0,0.0,-2.5943441,-1.4646981,-3.7594745,0.19323318,-0.7246261,-2.5989926,-0.15695137
414,TRANSFER,5023.34,C100749,242733.32,237709.98,C101652,274822.08,279845.42,6,710,0,0,1,1,0.8423156226228685,0.02069489265009023,0,0.0,-2.3673913,-1.6530298,-3.7581031,-0.6128197,-0.6993303,-2.6518826,-0.21017267
414,TRANSFER,2110.16,C100428,96741.32,94631.16,C101466,506333.03,508443.19,6,442,0,0,1,1,0.6362194905383848,0.021812396192237193,0,0.0,-2.3673913,-1.6530298,-3.7581031,-0.6128197,-0.6993303,-2.6518826,-0.21017267
414,TRANSFER,18211.47,C100429,878935.03,860723.57,C101343,252345.36,270556.82,6,646,0,1,1,1,1.002438080698188,0.02071992738757949,0,0.0,-2.5943441,-1.4646981,-3.7594745,0.19323318,-0.7246261,-2.5989926,-0.15695137
415,TRANSFER,1651772.45,C100671,553033.44,0.0,MULE473032,0.0,1651772.45,16,-464,1,1,1,1,13.117353852537494,2.0,879,99.9,4.5438423,0.6447853,2.1627347,0.17976932,-0.72739506,-0.45459747,0.65750754
415,TRANSFER,13263.77,C101383,44236.64,30972.88,C101532,473733.15,486996.92,7,558,0,1,1,1,0.23939727110377937,0.2998367416693492,0,0.0,-2.5943441,-1.4646981,-3.7594745,0.19323318,-0.7246261,-2.5989926,-0.15695137
415,TRANSFER,33395.58,C100680,433408.72,400013.14,C100173,22927.11,56322.7,7,410,0,0,1,1,0.9124187802420726,0.07705331817043276,5,0.0,-2.3880923,-1.6530298,-3.7581031,-0.61087686,-0.6987975,-2.634125,-0.16799358
415,TRANSFER,20365.85,C101771,24439.02,4073.17,C101768,300455.5,320821.35,7,615,0,1,1,1,1.3537692877558551,0.8333333333333333,0,0.0,-2.5943441,-1.4646981,-3.7594745,0.19323318,-0.7246261,-2.5989926,-0.15695137
415,TRANSFER,14947.72,C101181,17937.27,2989.54,C100529,51514.57,66462.29,7,716,0,0,1,1,0.49462649583383833,0.8333330545841144,0,0.0,-2.3673913,-1.6530298,-3.7581031,-0.6128197,-0.6993303,-2.6518826,-0.21017267
415,TRANSFER,18019.1,C100611,265259.83,247240.73,C100572,578443.24,596462.34,7,449,0,0,1,1,0.34201316005013693,0.06792999905036506,0,0.0,-2.3673913,-1.6530298,-3.7581031,-0.6128197,-0.6993303,-2.6518826,-0.21017267
415,TRANSFER,11273.05,C101275,25377.45,14104.4,C101691,89078.32,100351.37,7,617,0,0,1,1,0.8303973377687781,0.4442152383316684,0,0.0,-2.3673913,-1.6530298,-3.7581031,-0.6128197,-0.6993303,-2.6518826,-0.21017267
415,TRANSFER,17241.57,C101581,1161768.67,1144527.1,C100266,204872.29,222113.86,7,549,0,1,1,1,1.5717363005207041,0.014840794424246266,0,0.0,-2.5943441,-1.4646981,-3.7594745,0.19323318,-0.7246261,-2.5989926,-0.15695137
415,TRANSFER,34275.95,C100797,72473.38,38197.43,C100231,27090.18,61366.12,7,715,0,1,1,1,1.0087553317605982,0.47294537663346176,0,0.0,-2.5943441,-1.4646981,-3.7594745,0.19323318,-0.7246261,-2.5989926,-0.15695137
415,TRANSFER,6609.52,C100878,36404.84,29795.32,C101960,475171.35,481780.88,7,545,0,4,1,1,0.08154679098883039,0.1815560788071037,0,0.0,-2.4763227,-1.2921823,-3.3579998,0.049499918,-0.8403606,-2.099094,-0.14329872
415,TRANSFER,36993.14,C101210,103719.69,66726.56,C100454,60316.39,97309.53,7,584,0,1,1,1,0.18624669891365342,0.3566645831664171,0,0.0,-2.5943441,-1.4646981,-3.7594745,0.19323318,-0.7246261,-2.5989926,-0.15695137
415,TRANSFER,5278.02,C101855,10440.14,5162.12,C100665,113840.75,119118.78,7,524,0,0,1,1,0.09309153480834485,0.50555069184896,0,0.0,-2.3673913,-1.6530298,-3.7581031,-0.6128197,-0.6993303,-2.6518826,-0.21017267
416,TRANSFER,4712.8,C100790,582747.02,578034.22,C101710,173605.44,178318.24,8,433,0,1,1,1,0.6931175346617595,0.008087214242639971,0,0.0,-2.5943441,-1.4646981,-3.7594745,0.19323318,-0.7246261,-2.5989926,-0.15695137
416,TRANSFER,2285.29,C100950,24255.26,21969.97,C101016,46297.63,48582.93,8,624,0,0,1,1,1.0501631337434107,0.09421832625170788,0,0.0,-2.3673913,-1.6530298,-3.7581031,-0.6128197,-0.6993303,-2.6518826,-0.21017267
416,TRANSFER,11373.99,C100870,13648.79,2274.8,C100427,49403.76,60777.75,8,712,0,1,1,1,0.674418913535909,0.8333332112223867,0,0.0,-2.5943441,-1.4646981,-3.7594745,0.19323318,-0.7246261,-2.5989926,-0.15695137
416,TRANSFER,4275.94,C100161,31801.09,27525.15,C101251,93556.47,97832.41,8,462,0,1,1,1,0.6507996293831578,0.1344589132007739,0,0.0,-2.5943441,-1.4646981,-3.7594745,0.19323318,-0.7246261,-2.5989926,-0.15695137
416,TRANSFER,84379.2,C101539,101255.05,16875.84,C101194,85908.31,170287.51,8,445,0,0,1,1,1.5799777387192149,0.8333332510329113,0,0.0,-2.3673913,-1.6530298,-3.7581031,-0.6128197,-0.6993303,-2.6518826,-0.21017267
416,TRANSFER,3330.27,C101591,497220.01,493889.74,C101873,23056.62,26386.89,8,719,0,0,1,1,1.006684569085065,0.006697779520176591,0,0.0,-2.3673913,-1.6530298,-3.7581031,-0.6128197,-0.6993303,-2.6518826,-0.21017267
416,TRANSFER,39589.54,C100837,130197.36,90607.82,C101463,18818.64,58408.18,8,570,0,0,1,1,0.3604529985335528,0.3040732930375854,0,0.0,-2.3673913,-1.6530298,-3.7581031,-0.6128197,-0.6993303,-2.6518826,-0.21017267
416,TRANSFER,18977.87,C101396,33367.74,14389.87,C101389,53476.55,72454.42,8,420,0,1,1,1,0.8321902588169775,0.568749037243757,0,0.0,-2.5943441,-1.4646981,-3.7594745,0.19323318,-0.7246261,-2.5989926,-0.15695137
416,TRANSFER,1027055.99,C101754,75139.02,0.0,MULE377826,0.0,1027055.99,1,487,1,3,0,1,14.559607340149203,2.0,0,100.0,0.16564955,-0.21313897,2.0671296,-0.10188148,3.4153829,3.378102,-0.18713433
416,TRANSFER,1306.84,C100629,93814.94,92508.1,C101601,1796528.31,1797835.15,8,567,0,0,1,1,1.026158331981008,0.01392997746414377,0,0.0,-2.3673913,-1.6530298,-3.7581031,-0.6128197,-0.6993303,-2.6518826,-0.21017267
416,TRANSFER,2120.15,C101370,72678.65,70558.51,C101220,547097.18,549217.32,8,440,0,1,1,1,0.05344641498335754,0.02917156551476947,0,0.0,-2.5943441,-1.4646981,-3.7594745,0.19323318,-0.7246261,-2.5989926,-0.15695137
416,TRANSFER,1435918.52,C100164,204023.82,0.0,C100614,10634.17,1446552.69,19,-79,0,5,1,1,16.842077944568913,2.0,495,0.1,-0.32955462,0.06538807,1.6843517,-1.3753009,-1.4384921,-5.618074,-0.38807157
416,TRANSFER,13138.44,C101156,2436604.56,2423466.12,C100827,993903.35,1007041.79,8,711,0,0,1,1,0.982164072800112,0.0053921100763268705,0,0.0,-2.3673913,-1.6530298,-3.7581031,-0.6128197,-0.6993303,-2.6518826,-0.21017267
417,TRANSFER,2098.29,C100366,378237.13,376138.84,C100904,60434.84,62533.13,9,646,0,0,1,1,0.026179897053018732,0.00554755161133969,0,0.0,-2.3673913,-1.6410142,-3.7581031,-0.6128197,-0.6993303,-2.6638985,-0.21017267
417,TRANSFER,14424.62,C100478,246367.37,231942.76,C100745,397166.72,411591.33,9,568,0,1,1,1,0.08926748375640971,0.05854923076866876,0,0.0,-2.5943441,-1.4526827,-3.7594745,0.19323318,-0.7246261,-2.6110082,-0.15695137
417,TRANSFER,55169.7,C100760,66203.64,11033.94,C101270,361399.97,416569.66,9,643,0,1,1,1,0.551886812270967,0.8333333333333333,0,0.0,-2.5943441,-1.4526827,-3.7594745,0.19323318,-0.7246261,-2.6110082,-0.15695137
417,TRANSFER,1953.82,C101281,248283.0,246329.18,C100374,64496.31,66450.13,9,609,0,1,1,1,1.2716287928488565,0.007869326534639906,0,0.0,-2.5943441,-1.4526827,-3.7594745,0.19323318,-0.7246261,-2.6110082,-0.15695137
417,TRANSFER,26662.22,C100857,114851.84,88189.62,C100202,110079.71,136741.93,9,443,0,2,1,1,0.4289227728201121,0.2321444741329351,0,0.0,-2.5982978,-1.2840501,-3.47151,-0.35090783,-0.76111835,-2.3714848,-0.14507683
417,TRANSFER,1371.46,C100340,582657.36,581285.9,C101286,19328.72,20700.18,9,633,0,0,1,1,0.8468505072297765,0.002353801898254576,0,0.0,-2.3673913,-1.6410142,-3.7581031,-0.6128197,-0.6993303,-2.6638985,-0.21017267
417,TRANSFER,18131.65,C100386,21757.98,3626.33,C101202,68360.98,86492.63,9,716,0,0,1,1,0.14295273823600313,0.8333333333333334,0,0.0,-2.3673913,-1.6410142,-3.7581031,-0.6128197,-0.6993303,-2.6638985,-0.21017267
417,TRANSFER,29010.37,C100374,64496.31,35485.93,C100371,74152.3,103162.68,9,691,0,1,1,1,0.4266508444421909,0.4497989109764574,0,0.0,-2.5943441,-1.4526827,-3.7594745,0.19323318,-0.7246261,-2.6110082,-0.15695137
417,TRANSFER,19512.03,C101584,143029.02,123516.99,C100276,21296.41,40808.44,9,512,0,1,1,1,1.7096291980519729,0.13642007754789903,0,0.0,-2.5943441,-1.4526827,-3.7594745,0.19323318,-0.7246261,-2.6110082,-0.15695137
417,TRANSFER,9920.14,C101906,14561.69,4641.55,C100516,100025.4,109945.54,9,488,0,0,1,1,0.06584173975972725,0.6812492231327545,0,0.0,-2.3673913,-1.6410142,-3.7581031,-0.6128197,-0.6993303,-2.6638985,-0.21017267
418,TRANSFER,26287.49,C101995,43715.33,17427.84,C100992,91963.71,118251.2,10,425,0,0,1,1,0.45598548974528125,0.6013334452696572,0,0.0,-2.559749,-1.6295782,-3.8895862,-0.60748893,-0.70966333,-2.3464909,-0.21017267
418,TRANSFER,23672.84,C100048,111603.53,87930.69,C100867,618576.52,642249.36,10,674,0,1,1,1,0.45395597591405323,0.21211551283368904,0,0.0,-2.7867017,-1.4412465,-3.890957,0.19856392,-0.7349593,-2.2936003,-0.15695137
418,TRANSFER,16105.51,C100994,55134.15,39028.64,C101290,76071.4,92176.91,10,563,0,0,1,1,0.12206295771212297,0.2921149596030772,0,0.0,-2.559749,-1.6295782,-3.8895862,-0.60748893,-0.70966333,-2.3464909,-0.21017267
418,TRANSFER,43645.86,C101348,188558.85,144912.99,C101970,15116.68,58762.54,10,399,0,0,1,1,1.318110301852234,0.23147075833353883,19,0.0,-2.5804498,-1.6363716,-3.8895862,-0.6055461,-0.7091306,-2.329112,-0.16082121
418,TRANSFER,166732.29,C100846,200078.74,33346.46,C100685,116938.43,283670.71,10,554,0,0,1,1,0.5193817021536251,0.8333333666535486,0,0.0,-2.559749,-1.6295782,-3.8895862,-0.60748893,-0.70966333,-2.3464909,-0.21017267
418,TRANSFER,22885.74,C100750,157912.32,135026.58,C100454,60316.39,83202.13,10,592,0,0,1,1,1.5089261784128007,0.14492688094253825,0,0.0,-2.559749,-1.6295782,-3.8895862,-0.60748893,-0.70966333,-2.3464909,-0.21017267
418,TRANSFER,378.67,C101171,225558.32,225179.66,C100725,63268.8,63647.46,10,567,0,1,1,1,0.2204910930040394,0.0016788119365315365,0,0.0,-2.7867017,-1.4412465,-3.890957,0.19856392,-0.7349593,-2.2936003,-0.15695137
418,TRANSFER,1779.41,C100739,524649.19,522869.78,C101470,15454.26,17233.67,10,682,0,0,1,1,0.033741633969674105,0.0033916186928640837,0,0.0,-2.559749,-1.6295782,-3.8895862,-0.60748893,-0.70966333,-2.3464909,-0.21017267
418,TRANSFER,15349.01,C101123,190105.45,174756.44,C100887,117006.88,132355.89,10,561,0,1,1,1,0.16676676193788456,0.08073945276161204,0,0.0,-2.7867017,-1.4412465,-3.890957,0.19856392,-0.7349593,-2.2936003,-0.15695137
418,TRANSFER,12592.68,C101609,94212.48,81619.8,C101252,18284.39,30877.07,10,584,0,1,1,1,1.3957934052400052,0.13366254661802768,0,0.0,-2.7867017,-1.4412465,-3.890957,0.19856392,-0.7349593,-2.2936003,-0.15695137
418,TRANSFER,19940.53,C100087,56298.8,36358.27,C100314,179036.48,198977.0,10,544,0,1,1,1,1.6870361133562026,0.3541910307146866,0,0.0,-2.7867017,-1.4412465,-3.890957,0.19856392,-0.7349593,-2.2936003,-0.15695137
418,TRANSFER,16790.72,C100069,78025.8,61235.08,C100045,29935.43,46726.14,10,474,0,0,1,1,1.4824057856644663,0.2151944613192047,0,0.0,-2.559749,-1.6295782,-3.8895862,-0.60748893,-0.70966333,-2.3464909,-0.21017267
418,TRANSFER,41309.6,C100992,91963.71,50654.11,C100176,175823.23,217132.83,10,539,0,0,1,1,0.39593666386779897,0.44919457903557825,0,0.0,-2.559749,-1.6295782,-3.8895862,-0.60748893,-0.70966333,-2.3464909,-0.21017267
418,TRANSFER,41102.15,C100035,238996.42,197894.27,C101782,31751.4,72853.55,10,509,0,0,1,1,0.9980156068364135,0.1719780990861704,0,0.0,-2.559749,-1.6295782,-3.8895862,-0.60748893,-0.70966333,-2.3464909,-0.21017267
418,TRANSFER,18791.29,C100856,91746.0,72954.71,C101934,158860.89,177652.18,10,669,0,2,1,1,1.0268552730234592,0.2048186296950276,0,0.0,-2.7936113,-1.2726141,-3.6029925,-0.3931404,-0.77490693,-2.1016405,-0.14507683
418,TRANSFER,27860.59,C101708,83245.76,55385.17,C100402,138331.44,166192.03,10,476,0,1,1,1,0.7478651089623719,0.33467878724393896,0,0.0,-2.7867017,-1.4412465,-3.890957,0.19856392,-0.7349593,-2.2936003,-0.15695137
418,TRANSFER,13702.98,C100934,39884.25,26181.26,C100198,76253.68,89956.67,10,716,0,0,1,1,0.8938771733195711,0.3435687019312134,0,0.0,-2.559749,-1.6295782,-3.8895862,-0.60748893,-0.70966333,-2.3464909,-0.21017267
419,TRANSFER,6481.5,C100702,268996.16,262514.66,C100249,399834.71,406316.21,11,603,0,0,1,1,1.265911278501975,0.02409513949938914,0,0.0,-2.3507016,-1.4610878,-3.8880417,-0.61479807,-0.71769863,-2.7883985,-0.18055879
419,TRANSFER,1114.95,C101875,159867.19,158752.24,C101250,392092.17,393207.12,11,539,0,0,1,1,0.5107053546577313,0.0069742265439206134,0,0.0,-2.3507016,-1.4610878,-3.8880417,-0.61479807,-0.71769863,-2.7883985,-0.18055879
419,TRANSFER,5385.38,C101535,19873.36,14487.98,C101700,92914.14,98299.52,11,581,0,1,1,1,1.098545422463924,0.27098487623632844,0,0.0,-2.5867443,-1.2727561,-3.8894126,0.2230149,-0.7429945,-2.703748,-0.1273375
419,TRANSFER,11621.34,C100295,300526.4,288905.06,C101590,93012.73,104634.06,11,510,0,1,1,1,0.7884068261917172,0.03866994713276437,0,0.0,-2.5867443,-1.2727561,-3.8894126,0.2230149,-0.7429945,-2.703748,-0.1273375
419,TRANSFER,6075.01,C101719,138278.52,132203.52,C101614,10686.39,16761.4,11,696,0,2,1,1,1.6458851097683,0.04393314305070665,0,0.0,-2.5936542,-1.1041232,-3.5718427,-0.53343344,-0.79624003,-2.6765323,-0.11546296
419,TRANSFER,8845.38,C100850,81948.28,73102.9,C101327,106613.37,115458.75,11,695,0,0,1,1,0.8594347698086587,0.10793856808220989,0,0.0,-2.3507016,-1.4610878,-3.8880417,-0.61479807,-0.71769863,-2.7883985,-0.18055879
419,TRANSFER,11680.57,C100611,265259.83,253579.26,C100786,100003.7,111684.27,11,449,0,1,1,1,0.2217041171249856,0.04403444728136936,0,0.0,-2.5867443,-1.2727561,-3.8894126,0.2230149,-0.7429945,-2.703748,-0.1273375
419,TRANSFER,11957.89,C101992,68466.06,56508.17,C100222,109446.62,121404.51,11,497,0,0,1,1,0.20571395492135514,0.17465427395705257,0,0.0,-2.3507016,-1.4610878,-3.8880417,-0.61479807,-0.71769863,-2.7883985,-0.18055879
419,TRANSFER,2405.44,C101216,20326.69,17921.24,C100788,49412.65,51818.1,11,431,0,0,1,1,1.0156387140903596,0.11833899173943226,0,0.0,-2.3507016,-1.4610878,-3.8880417,-0.61479807,-0.71769863,-2.7883985,-0.18055879
419,TRANSFER,4708.64,C100583,148415.39,143706.74,C100260,5694.47,10403.12,11,616,0,1,1,1,0.9946951433739861,0.03172608986170504,0,0.0,-2.5867443,-1.2727561,-3.8894126,0.2230149,-0.7429945,-2.703748,-0.1273375
419,TRANSFER,32136.21,C101422,354043.34,321907.13,C100158,222566.63,254702.85,11,680,0,0,1,1,1.8030097254423365,0.09076914142771333,0,0.0,-2.3507016,-1.4610878,-3.8880417,-0.61479807,-0.71769863,-2.7883985,-0.18055879
419,TRANSFER,1077666.6,C100662,65064.91,0.0,C100688,462411.62,1540078.22,18,-190,0,1,1,1,22.249104941782385,2.0,609,0.4,-0.62359315,-1.3484578,1.7582452,0.1956513,-1.2156067,-5.1218953,0.6923745
419,TRANSFER,2234.27,C100965,14473.3,12239.03,C101233,280327.38,282561.65,11,502,0,0,1,1,0.03241095383552143,0.15437184332529555,0,0.0,-2.3507016,-1.4610878,-3.8880417,-0.61479807,-0.71769863,-2.7883985,-0.18055879
419,TRANSFER,19941.03,C101643,45392.75,25451.73,C101061,125377.65,145318.68,11,494,0,0,1,1,0.801168102219591,0.43929988819800514,0,0.0,-2.3507016,-1.4610878,-3.8880417,-0.61479807,-0.71769863,-2.7883985,-0.18055879
419,TRANSFER,13500.93,C101189,19255.25,5754.32,C101104,90684.46,104185.39,11,545,0,0,1,1,1.0697537657690923,0.7011557886810091,0,0.0,-2.3507016,-1.4610878,-3.8880417,-0.61479807,-0.71769863,-2.7883985,-0.18055879
420,TRANSFER,28523.89,C101606,34228.66,5704.78,C101549,195268.96,223792.84,12,704,0,0,1,1,1.2507241785587553,0.8333335281018888,0,0.0,-2.3502975,-1.4680284,-3.8880417,-0.65513396,-0.71785885,-2.8872056,-0.18109499
420,TRANSFER,21845.46,C101708,83245.76,61400.3,C100731,20695.64,42541.1,12,476,0,2,1,1,0.5864002637141976,0.26242129328869124,0,0.0,-2.5951092,-1.0964509,-3.5718427,-0.5404966,-0.79891986,-2.742066,-0.11599915
420,TRANSFER,1972.74,C101703,38660.39,36687.64,C101939,583350.59,585323.33,12,476,0,0,1,1,1.4288495267555288,0.05102742108913025,0,0.0,-2.3502975,-1.4680284,-3.8880417,-0.65513396,-0.71785885,-2.8872056,-0.18109499
420,TRANSFER,722.2,C101719,138278.52,137556.33,C101956,39662.38,40384.58,12,696,0,3,1,1,0.19566358347964305,0.00522279237585129,0,0.0,-2.4726143,-1.100336,-3.4902234,-0.18067527,-0.8811334,-2.4775429,-0.11422103
420,TRANSFER,44078.05,C101539,52893.66,8815.61,C101474,20518.58,64596.63,12,445,0,1,1,1,0.8253495857527979,0.8333333333333334,0,0.0,-2.5863402,-1.2650838,-3.8894126,0.24856035,-0.7431547,-2.7366734,-0.1278737
420,TRANSFER,18521.54,C101177,122093.67,103572.13,C100230,176680.47,195202.01,12,427,0,0,1,1,0.1649560437756227,0.15169942880740664,0,0.0,-2.3502975,-1.4680284,-3.8880417,-0.65513396,-0.71785885,-2.8872056,-0.18109499
420,TRANSFER,2376.23,C100534,80020.52,77644.29,C100199,37195.07,39571.3,12,422,0,1,1,1,0.8577163917253661,0.02969525816628035,0,0.0,-2.5863402,-1.2650838,-3.8894126,0.24856035,-0.7431547,-2.7366734,-0.1278737
420,TRANSFER,67431.55,C100754,360342.98,292911.43,C100123,107066.51,174498.06,12,626,0,1,1,1,0.8321883961122749,0.18713157669951003,0,0.0,-2.5863402,-1.2650838,-3.8894126,0.24856035,-0.7431547,-2.7366734,-0.1278737
420,TRANSFER,4577.53,C101520,41239.78,36662.25,C101721,227679.51,232257.05,12,553,0,2,1,1,1.2241227102302987,0.11099792481919156,0,0.0,-2.5951092,-1.0964509,-3.5718427,-0.5404966,-0.79891986,-2.742066,-0.11599915
420,TRANSFER,7548.18,C100774,59096.25,51548.07,C100972,95140.25,102688.43,12,578,0,0,1,1,0.5742549711405972,0.12772688622374517,0,0.0,-2.3502975,-1.4680284,-3.8880417,-0.65513396,-0.71785885,-2.8872056,-0.18109499
420,TRANSFER,11248.65,C101581,1161768.67,1150520.02,C101236,368351.53,379600.18,12,549,0,2,1,1,1.0254235279532096,0.009682349240834666,0,0.0,-2.5951092,-1.0964509,-3.5718427,-0.5404966,-0.79891986,-2.742066,-0.11599915
421,TRANSFER,5393.55,C101684,27995.34,22601.79,C101101,52749.72,58143.28,13,452,0,0,1,1,0.0743684032177042,0.19265884965140628,0,0.0,-2.3502975,-1.4680284,-3.8880417,-0.65513396,-0.7234573,-2.881607,-0.18109499
421,TRANSFER,6351.35,C100610,13337.81,6986.47,C100710,92896.97,99248.31,13,534,0,0,1,1,0.12160708249491181,0.47619136874794293,0,0.0,-2.3502975,-1.4680284,-3.8880417,-0.65513396,-0.7234573,-2.881607,-0.18109499
421,TRANSFER,11200.27,C101995,43715.33,32515.07,C101500,73700.61,84900.88,13,425,0,1,1,1,0.1942810287794453,0.25620920624412535,0,0.0,-2.5863402,-1.2650838,-3.8894126,0.24856035,-0.74875313,-2.7310748,-0.1278737
421,TRANSFER,32890.6,C100041,217955.24,185064.64,C100944,84244.5,117135.1,13,436,0,1,1,1,1.4999295139476023,0.15090529596810795,0,0.0,-2.5863402,-1.2650838,-3.8894126,0.24856035,-0.74875313,-2.7310748,-0.1278737
421,TRANSFER,1340311.06,C100484,87521.77,0.0,MULE385537,0.0,1340311.06,1,-185,1,0,1,1,15.926057740899688,2.0,606,100.0,1.2064587,1.1900281,2.3075547,-0.740548,-0.43999562,4.1328115,0.6574947
421,TRANSFER,3741.8,C100685,116938.43,113196.63,MULE784169,0.0,3741.8,4,511,0,1,1,1,0.02658836047823331,0.03199803520536406,0,0.0,-3.2407174,-1.6998246,-5.658995,0.23644252,-0.5487397,2.1872785,-0.13000211
421,TRANSFER,78009.82,C100955,93611.78,15601.96,C100397,79224.66,157234.48,13,569,0,0,1,1,1.6513618322241561,0.8333333689413875,0,0.0,-2.3502975,-1.4680284,-3.8880417,-0.65513396,-0.7234573,-2.881607,-0.18109499
421,TRANSFER,1362796.84,C101286,19328.72,0.0,C101046,176727.44,1539524.28,16,-273,0,0,1,1,13.271793506490345,2.0,694,97.1,0.8472166,0.6512655,1.9385195,-0.1369662,-0.92644686,-0.52108806,1.6328613
421,TRANSFER,1149480.19,C100597,139283.87,0.0,C100504,425606.39,1575086.58,19,133,0,0,1,1,11.369182452986534,2.0,288,0.2,-0.67166895,-0.7639272,1.7940946,-0.14105701,-1.0279787,-4.871273,-0.6104296
421,TRANSFER,50072.6,C100157,60087.12,10014.52,C100892,88184.09,138256.69,13,714,0,0,1,1,0.741945729186744,0.8333333333333333,0,0.0,-2.3502975,-1.4680284,-3.8880417,-0.65513396,-0.7234573,-2.881607,-0.18109499
421,TRANSFER,22671.56,C100588,143099.49,120427.93,C101894,209607.64,232279.2,13,505,0,0,1,1,1.3376824689694842,0.1584321509461704,0,0.0,-2.3502975,-1.4680284,-3.8880417,-0.65513396,-0.7234573,-2.881607,-0.18109499
421,TRANSFER,286718.92,C100846,344062.7,57343.78,C100926,258038.21,544757.13,13,554,0,1,1,1,0.8931476962815603,0.8333333430214899,0,0.0,-2.5863402,-1.2650838,-3.8894126,0.24856035,-0.74875313,-2.7310748,-0.1278737
421,TRANSFER,4948.81,C100385,47244.82,42296.01,C101631,411976.18,416924.99,13,609,0,1,1,1,0.8586290622011737,0.10474820308342798,0,0.0,-2.5863402,-1.2650838,-3.8894126,0.24856035,-0.74875313,-2.7310748,-0.1278737
421,TRANSFER,45785.64,C101838,67345.56,21559.92,C100983,134745.78,180531.42,13,680,0,0,1,1,0.47485999896349385,0.6798613004331688,0,0.0,-2.3502975,-1.4680284,-3.8880417,-0.65513396,-0.7234573,-2.881607,-0.18109499
421,TRANSFER,40535.19,C101464,178036.37,137501.18,C100438,325998.22,366533.41,13,522,0,0,1,1,1.1370139659557768,0.2276792657590132,0,0.0,-2.3502975,-1.4680284,-3.8880417,-0.65513396,-0.7234573,-2.881607,-0.18109499
421,TRANSFER,15855.45,C100750,157912.32,142056.87,C100756,212460.48,228315.93,13,592,0,1,1,1,1.0453978580336594,0.10040666871337207,0,0.0,-2.5863402,-1.2650838,-3.8894126,0.24856035,-0.74875313,-2.7310748,-0.1278737
421,TRANSFER,8632.12,C100091,210088.64,201456.52,C100166,2885414.43,2894046.55,13,470,0,1,1,1,0.07187319144354753,0.041087990288289744,0,0.0,-2.5863402,-1.2650838,-3.8894126,0.24856035,-0.74875313,-2.7310748,-0.1278737
421,TRANSFER,5079.37,C100536,34947.02,29867.65,C101388,15381.05,20460.42,13,635,0,0,1,1,0.05818263077860586,0.1453448677455188,0,0.0,-2.3502975,-1.4680284,-3.8880417,-0.65513396,-0.7234573,-2.881607,-0.18109499
422,TRANSFER,1147497.2,C100536,34947.02,0.0,C101490,23043.94,1170541.14,19,635,0,1,1,1,13.144229679484669,2.0,0,1.5,-0.57479125,0.25664052,1.7948935,0.27982244,-1.0543646,-4.710888,-0.1869083
422,TRANSFER,12033.01,C101115,242456.27,230423.27,C101549,195268.96,207301.97,14,479,0,0,1,1,0.8049496143189889,0.04962960949617843,0,0.0,-2.3154733,-1.8254687,-4.3030157,-0.5675392,-0.721397,-1.2288578,-0.12701531
422,TRANSFER,16929.7,C101082,130008.15,113078.45,C101747,290686.2,307615.9,14,671,0,0,1,1,0.1290204385643111,0.13022029772748864,0,0.0,-2.3154733,-1.8254687,-4.3030157,-0.5675392,-0.721397,-1.2288578,-0.12701531
422,TRANSFER,18727.1,C100622,624576.48,605849.37,C100292,418001.78,436728.88,14,604,0,1,1,1,0.3419880333427613,0.029983677899622474,0,0.0,-2.5515163,-1.6225241,-4.3043866,0.33615515,-0.74669296,-1.0783259,-0.07379407
422,TRANSFER,8426.48,C100966,535998.94,527572.46,C101016,46297.63,54724.11,14,618,0,3,1,1,0.8762019241093526,0.015721075866306753,0,0.0,-2.4605145,-1.4577758,-3.9051976,-0.5044342,-0.88899666,-1.2305487,-0.060141392
422,TRANSFER,35863.63,C101270,361399.97,325536.34,C101431,531875.36,567738.99,14,444,0,1,1,1,0.6245448084699626,0.099235287706305,0,0.0,-2.5515163,-1.6225241,-4.3043866,0.33615515,-0.74669296,-1.0783259,-0.07379407
422,TRANSFER,19840.01,C101056,58102.84,38262.83,C101777,171421.43,191261.45,14,418,0,0,1,1,0.2992408976741483,0.34146368748928624,4,0.0,-2.336174,-1.8254687,-4.3030157,-0.56559646,-0.72086424,-1.2319556,-0.105691984
422,TRANSFER,24497.58,C101990,138708.48,114210.9,C100594,14330.95,38828.53,14,512,0,0,1,1,0.2323358224174222,0.1766119850783456,0,0.0,-2.3154733,-1.8254687,-4.3030157,-0.5675392,-0.721397,-1.2288578,-0.12701531
422,TRANSFER,3439.12,C100333,94814.33,91375.22,C101632,45100.31,48539.43,14,670,0,0,1,1,0.7413286542950941,0.036272154219726065,0,0.0,-2.3154733,-1.8254687,-4.3030157,-0.5675392,-0.721397,-1.2288578,-0.12701531
422,TRANSFER,11953.78,C101532,473733.15,461779.37,C101002,1044817.69,1056771.47,14,485,0,0,1,1,0.08174921889459126,0.02523315077275044,0,0.0,-2.3154733,-1.8254687,-4.3030157,-0.5675392,-0.721397,-1.2288578,-0.12701531
422,TRANSFER,13656.81,C100675,153059.93,139403.12,C100617,301478.33,315135.14,14,600,0,0,1,1,0.6904755990502282,0.08922524660765231,0,0.0,-2.3154733,-1.8254687,-4.3030157,-0.5675392,-0.721397,-1.2288578,-0.12701531
422,TRANSFER,785.87,C100293,59164.32,58378.45,C100597,139283.87,140069.74,14,455,0,0,1,1,0.7422383267431915,0.013282836682649273,0,0.0,-2.3154733,-1.8254687,-4.3030157,-0.5675392,-0.721397,-1.2288578,-0.12701531
422,TRANSFER,14153.91,C101383,44236.64,30082.74,C101577,123409.5,137563.41,14,558,0,2,1,1,0.2554633734939986,0.31995897518437205,0,0.0,-2.5602853,-1.4538914,-3.986817,-0.50354797,-0.80678326,-1.1343645,-0.061919503
422,TRANSFER,45005.35,C101280,799983.39,754978.04,C100921,129203.93,174209.28,14,579,0,1,1,1,0.43000514684547575,0.05625785555372593,0,0.0,-2.5515163,-1.6225241,-4.3043866,0.33615515,-0.74669296,-1.0783259,-0.07379407
422,TRANSFER,1037629.18,C100505,297541.33,0.0,C101358,29042.01,1066671.19,16,434,0,1,1,1,13.510255383432341,2.0,0,38.3,-0.49495855,-0.10718061,1.912105,0.2756085,-1.0768845,-0.8582973,-0.16302463
422,TRANSFER,2319723.01,C101373,48988.25,0.0,C101910,36947.25,2356670.26,4,-124,1,4,0,1,25.236666778038707,2.0,546,100.0,3.6429653,0.47989947,2.112375,-0.041341268,2.844868,2.9850488,-0.055678032
422,TRANSFER,17435.97,C100857,114851.84,97415.88,C100114,177594.96,195030.92,14,443,0,2,1,1,0.2804974454193346,0.15181271802001606,0,0.0,-2.5602853,-1.4538914,-3.986817,-0.50354797,-0.80678326,-1.1343645,-0.061919503
422,TRANSFER,297820.94,C101769,357385.12,59564.19,C100451,60852.29,358673.23,14,490,0,1,1,1,1.3745543214833316,0.8333333519873464,0,0.0,-2.5515163,-1.6225241,-4.3043866,0.33615515,-0.74669296,-1.0783259,-0.07379407
422,TRANSFER,22689.53,C100216,100060.8,77371.26,C101507,168933.1,191622.63,14,533,0,0,1,1,0.9578161987748939,0.22675743148165914,0,0.0,-2.3154733,-1.8254687,-4.3030157,-0.5675392,-0.721397,-1.2288578,-0.12701531
422,TRANSFER,22358.53,C101890,26830.24,4471.71,C101445,66522.54,88881.08,14,660,0,1,1,1,0.6290746999823071,0.8333332090954086,0,0.0,-2.5515163,-1.6225241,-4.3043866,0.33615515,-0.74669296,-1.0783259,-0.07379407
422,TRANSFER,64745.83,C100157,77694.99,12949.17,C101874,21280.53,86026.36,14,714,0,1,1,1,0.9593648432705905,0.8333333976875471,0,0.0,-2.5515163,-1.6225241,-4.3043866,0.33615515,-0.74669296,-1.0783259,-0.07379407
423,TRANSFER,6890.95,C100834,178424.59,171533.64,C100643,31313.23,38204.18,15,449,0,0,1,1,1.0669297436619063,0.03862107795792048,0,0.0,-2.3022633,-1.6976554,-4.3030157,-0.5784466,-0.73515767,-1.5700923,-0.1342198
423,TRANSFER,1708183.53,C100685,116938.43,0.0,MULE784169,0.0,1708183.53,4,511,1,4,0,1,12.137954850238136,2.0,0,100.0,3.8676207,-0.08393634,2.1165247,-0.06924338,2.5638335,2.6969278,-0.15015754
423,TRANSFER,15319.39,C100546,67895.87,52576.48,C101724,87471.34,102790.73,15,452,0,1,1,1,0.9174375165438776,0.22563066059835452,0,0.0,-2.5383062,-1.4947108,-4.3043866,0.3252477,-0.76045364,-1.4195604,-0.08099857
423,TRANSFER,10881.65,C101065,99206.56,88324.91,C100904,60434.84,71316.5,15,536,0,0,1,1,0.8596482899700979,0.10968679893748962,0,0.0,-2.3022633,-1.6976554,-4.3030157,-0.5784466,-0.73515767,-1.5700923,-0.1342198
423,TRANSFER,27281.46,C100777,56581.62,29300.16,C100036,56666.2,83947.66,15,464,0,0,1,1,0.22376006199987322,0.48216116823802496,0,0.0,-2.3022633,-1.6976554,-4.3030157,-0.5784466,-0.73515767,-1.5700923,-0.1342198
423,TRANSFER,29255.9,C100351,208130.71,178874.81,C101344,16951.02,46206.92,15,423,0,0,1,1,0.9557372906746767,0.1405650324260173,0,0.0,-2.3022633,-1.6976554,-4.3030157,-0.5784466,-0.73515767,-1.5700923,-0.1342198
423,TRANSFER,25226.57,C101348,188558.85,163332.28,C101354,65238.94,90465.51,15,399,0,1,1,1,0.7618454945645821,0.1337861892984604,24,0.0,-2.5527294,-1.4771935,-4.3043866,0.32405165,-0.7599209,-1.4287919,0.008304192
423,TRANSFER,14734.39,C101885,105595.6,90861.21,C101386,95979.74,110714.14,15,592,0,0,1,1,0.8019850602422124,0.1395360223342639,0,0.0,-2.3022633,-1.6976554,-4.3030157,-0.5784466,-0.73515767,-1.5700923,-0.1342198
423,TRANSFER,5693.67,C101040,447596.32,441902.65,C100938,60991.76,66685.43,15,488,0,2,1,1,0.12167782713082657,0.012720546942834561,0,0.0,-2.5470753,-1.326078,-3.986817,-0.40315503,-0.81106037,-1.3642987,-0.06912399
423,TRANSFER,15768.54,C101674,19279.15,3510.61,C101928,17657.81,33426.35,15,554,0,0,1,1,1.4559525252342371,0.8179063911012674,0,0.0,-2.3022633,-1.6976554,-4.3030157,-0.5784466,-0.73515767,-1.5700923,-0.1342198
423,TRANSFER,25664.72,C100196,79509.48,53844.77,C101141,3753183.23,3778847.94,15,713,0,1,1,1,0.9818163841264139,0.3227881756993003,0,0.0,-2.5383062,-1.4947108,-4.3043866,0.3252477,-0.76045364,-1.4195604,-0.08099857
423,TRANSFER,46182.67,C101108,55419.2,9236.53,C101788,836910.42,883093.08,15,415,0,0,1,1,0.3242489850925353,0.8333333934809597,8,0.0,-2.322964,-1.7040699,-4.3030157,-0.5765039,-0.73462504,-1.5731902,-0.10648224
423,TRANSFER,1409124.08,C100994,55134.15,0.0,C100086,88049.73,1497173.81,11,563,0,1,1,1,10.679689931469056,2.0,0,1.3,0.16260977,-0.5790949,1.7674065,0.16716081,-1.0449519,-4.4070764,-0.41345564
423,TRANSFER,51997.76,C100754,360342.98,308345.21,C100827,993903.35,1045901.11,15,626,0,2,1,1,0.641716414583841,0.1443007436970189,0,0.0,-2.5470753,-1.326078,-3.986817,-0.40315503,-0.81106037,-1.3642987,-0.06912399
423,TRANSFER,65336.68,C100992,91963.71,26627.03,C100345,30829.88,96166.56,15,539,0,1,1,1,0.6262270055240899,0.7104615505398814,0,0.0,-2.5383062,-1.4947108,-4.3043866,0.3252477,-0.76045364,-1.4195604,-0.08099857
423,TRANSFER,18004.78,C101275,25377.45,7372.67,C100039,140577.11,158581.89,15,617,0,1,1,1,1.3262711847381623,0.709479478828645,0,0.0,-2.5383062,-1.4947108,-4.3043866,0.3252477,-0.76045364,-1.4195604,-0.08099857
423,TRANSFER,5501.19,C100790,582747.02,577245.83,C100591,1316373.04,1321874.23,15,433,0,2,1,1,0.8090670621511468,0.009440099753749062,0,0.0,-2.5470753,-1.326078,-3.986817,-0.40315503,-0.81106037,-1.3642987,-0.06912399
423,TRANSFER,15397.54,C100944,84244.5,68846.96,C100076,94715.24,110112.78,15,698,0,1,1,1,0.15547497104524785,0.1827720504009164,0,0.0,-2.5383062,-1.4947108,-4.3043866,0.3252477,-0.76045364,-1.4195604,-0.08099857
424,TRANSFER,88485.04,C100324,106182.04,17697.01,C101795,80380.0,168865.04,16,528,0,0,1,1,1.0583391570895915,0.8333333961185903,0,0.0,-2.4084365,-1.8530564,-4.405692,-0.42836732,-0.6958916,-0.017503984,-0.10854335
424,TRANSFER,11042.14,C101639,19628.27,8586.14,C100584,171486.94,182529.07,16,648,0,0,1,1,1.0682260001673616,0.5625630786615428,0,0.0,-2.4084365,-1.8530564,-4.405692,-0.42836732,-0.6958916,-0.017503984,-0.10854335
424,TRANSFER,21344.08,C100221,39260.46,17916.38,C100031,54602.67,75946.75,16,410,0,0,1,1,1.185404487190018,0.5436533346781979,14,0.0,-2.4291375,-1.8610102,-4.405692,-0.4264245,-0.695359,-0.020400742,-0.079467505
424,TRANSFER,10448.89,C101128,41300.37,30851.48,C100302,3585.99,14034.88,16,712,0,1,1,1,1.0429401742602615,0.25299749130576793,0,0.0,-2.6360533,-1.6033297,-4.407063,0.29044488,-0.70494294,-0.051854037,-0.073058784
424,TRANSFER,12874.39,C100750,157912.32,145037.93,C100294,399485.73,412360.12,16,592,0,2,1,1,0.8488475400881063,0.08152872429459589,0,0.0,-2.6832945,-1.4346969,-4.0894923,-0.64429116,-0.7734308,-0.20292611,-0.06005444
424,TRANSFER,6983.67,C100923,45553.97,38570.3,C100846,49947.78,56931.46,16,410,0,0,1,1,0.16281878599038732,0.1533054089467943,14,0.0,-2.4291375,-1.8610102,-4.405692,-0.4264245,-0.695359,-0.020400742,-0.079467505
424,TRANSFER,12163.91,C100611,265259.83,253095.92,C100397,79224.66,91388.58,16,449,0,2,1,1,0.23087819578477625,0.045856585220611805,0,0.0,-2.6832945,-1.4346969,-4.0894923,-0.64429116,-0.7734308,-0.20292611,-0.06005444
424,TRANSFER,3494.58,C101591,497220.01,493725.44,C101578,192738.77,196233.34,16,719,0,1,1,1,1.0563527165765196,0.007028236856356606,0,0.0,-2.6360533,-1.6033297,-4.407063,0.29044488,-0.70494294,-0.051854037,-0.073058784
424,TRANSFER,17092.33,C100287,1518018.67,1500926.34,C100715,107051.64,124143.97,16,559,0,0,1,1,0.318189278084688,0.011259630950388774,0,0.0,-2.4084365,-1.8530564,-4.405692,-0.42836732,-0.6958916,-0.017503984,-0.10854335
424,TRANSFER,16017.59,C100771,197215.05,181197.46,C101598,11731.92,27749.51,16,683,0,0,1,1,0.32331346662254185,0.08121890291841317,0,0.0,-2.4084365,-1.8530564,-4.405692,-0.42836732,-0.6958916,-0.017503984,-0.10854335
424,TRANSFER,2480.51,C100263,78121.78,75641.27,C101928,17657.81,20138.32,16,564,0,0,1,1,0.017464867219549193,0.03175183668370076,0,0.0,-2.4084365,-1.8530564,-4.405692,-0.42836732,-0.6958916,-0.017503984,-0.10854335
425,TRANSFER,6788.67,C101828,130920.78,124132.11,C101779,10271.07,17059.73,17,525,0,0,1,1,0.1586928462562585,0.051853265768810726,0,0.0,-2.4048355,-1.5622406,-4.014444,-0.41962254,-0.65570605,-3.0350525,-0.120689884
425,TRANSFER,5257.51,C100096,280684.72,275427.21,C101180,30198.09,35455.59,17,471,0,1,1,1,1.365171955922082,0.018731016066710012,0,0.0,-2.6324522,-1.3125136,-4.015815,0.2991896,-0.6647574,-3.069403,-0.08520533
425,TRANSFER,61007.68,C101108,73209.21,12201.54,C101842,140820.27,201827.95,17,415,0,1,1,1,0.4283355276524758,0.833333401630751,10,0.0,-2.6468754,-1.3204675,-4.015815,0.29799357,-0.6642246,-3.0722997,-0.059268337
425,TRANSFER,20778.45,C101771,24934.14,4155.69,C101166,34500.48,55278.94,17,615,0,2,1,1,1.381195847812424,0.8333333333333334,0,0.0,-2.6796932,-1.1438808,-3.698245,-0.6355463,-0.73324513,-3.2204752,-0.07220097
425,TRANSFER,52593.39,C100362,64684.83,12091.43,C100766,11096.44,63689.83,17,569,0,1,1,1,0.5317865579981913,0.8130714728631118,0,0.0,-2.6324522,-1.3125136,-4.015815,0.2991896,-0.6647574,-3.069403,-0.08520533
425,TRANSFER,19957.81,C101244,176689.12,156731.3,C101868,144069.58,164027.39,17,537,0,0,1,1,0.46320175397268104,0.11295437998672472,0,0.0,-2.4048355,-1.5622406,-4.014444,-0.41962254,-0.65570605,-3.0350525,-0.120689884
425,TRANSFER,16146.23,C100357,145624.74,129478.51,C100364,2060142.29,2076288.53,17,484,0,0,1,1,0.8788280774773083,0.11087559709977851,0,0.0,-2.4048355,-1.5622406,-4.014444,-0.41962254,-0.65570605,-3.0350525,-0.120689884
425,TRANSFER,15274.76,C100357,145624.74,130349.98,C101607,574754.45,590029.21,17,484,0,0,1,1,0.8313945710377773,0.10489124306762712,0,0.0,-2.4048355,-1.5622406,-4.014444,-0.41962254,-0.65570605,-3.0350525,-0.120689884
425,TRANSFER,5032.45,C100438,325998.22,320965.77,C101047,184870.81,189903.26,17,455,0,0,1,1,0.6868607746705142,0.015437047478357398,0,0.0,-2.4048355,-1.5622406,-4.014444,-0.41962254,-0.65570605,-3.0350525,-0.120689884
425,TRANSFER,1425.49,C100340,582657.36,581231.87,C101454,570437.56,571863.06,17,633,0,1,1,1,0.8802130062495254,0.0024465322123451766,0,0.0,-2.6324522,-1.3125136,-4.015815,0.2991896,-0.6647574,-3.069403,-0.08520533
425,TRANSFER,3230.02,C100445,2245304.17,2242074.15,C100264,175103.56,178333.59,17,640,0,0,1,1,1.074451172952908,0.0014385667844726802,0,0.0,-2.4048355,-1.5622406,-4.014444,-0.41962254,-0.65570605,-3.0350525,-0.120689884
425,TRANSFER,14058.99,C100491,42526.37,28467.38,C101997,73506.94,87565.93,17,490,0,0,1,1,0.7382059969526599,0.3305946404548519,0,0.0,-2.4048355,-1.5622406,-4.014444,-0.41962254,-0.65570605,-3.0350525,-0.120689884
425,TRANSFER,2600.88,C100788,49412.65,46811.77,C100078,0.0,2600.88,11,433,0,1,1,1,0.02422427563623315,0.05263591408272983,0,0.0,-2.5867443,-1.2727561,-3.8894126,0.2230149,-0.7429945,-2.703748,-0.1273375
426,TRANSFER,10094.97,C100643,31313.23,21218.26,C100045,29935.43,40030.39,18,445,0,0,1,1,0.20468760256295188,0.32238673557470754,0,0.0,-2.412985,-1.5622406,-4.014444,-0.41750395,-0.65570605,-3.0290215,-0.120689884
426,TRANSFER,29439.03,C100339,271773.5,242334.46,C100091,210088.64,239527.67,18,496,0,0,1,1,0.27279608490915574,0.10832192984231354,0,0.0,-2.412985,-1.5622406,-4.014444,-0.41750395,-0.65570605,-3.0290215,-0.120689884
426,TRANSFER,8241.24,C101918,128752.9,120511.65,C101010,1675674.49,1683915.73,18,441,0,0,1,1,0.1295278561244023,0.06400818933010441,0,0.0,-2.412985,-1.5622406,-4.014444,-0.41750395,-0.65570605,-3.0290215,-0.120689884
426,TRANSFER,1670001.52,C101620,146375.24,0.0,MULE170485,0.0,1670001.52,23,-327,1,3,0,1,9.288770496889384,2.0,753,100.0,3.632891,0.2872468,2.0747375,-0.33938247,3.1712132,1.6186059,0.23214331
426,TRANSFER,6179.89,C101564,517898.64,511718.75,C100113,125278.48,131458.36,18,467,0,0,1,1,1.1497412177541866,0.011932624499651129,0,0.0,-2.412985,-1.5622406,-4.014444,-0.41750395,-0.65570605,-3.0290215,-0.120689884
426,TRANSFER,18266.44,C101177,122093.67,103827.23,C100795,222065.57,240332.0,18,427,0,1,1,1,0.16268407898397136,0.14961004939895736,0,0.0,-2.6337564,-1.3125136,-4.015815,0.2978854,-0.6647574,-3.0667942,-0.08520533
426,TRANSFER,29988.64,C101511,35986.37,5997.73,C100874,113592.9,143581.54,18,446,0,0,1,1,0.3987982085215948,0.833333287019502,0,0.0,-2.412985,-1.5622406,-4.014444,-0.41750395,-0.65570605,-3.0290215,-0.120689884
426,TRANSFER,35958.21,C100938,60991.76,25033.55,C101021,598081.93,634040.14,18,568,0,0,1,1,0.3135167642261399,0.5895584911797921,0,0.0,-2.412985,-1.5622406,-4.014444,-0.41750395,-0.65570605,-3.0290215,-0.120689884
426,TRANSFER,1344192.66,C101967,28189.37,0.0,MULE949803,0.0,1344192.66,2,-318,1,0,1,1,22.736907737686046,2.0,744,100.0,1.2251377,-0.10463843,2.2899005,-0.7681114,-0.5253074,5.249833,0.5530056
426,TRANSFER,11937.2,C101134,52480.24,40543.04,C100470,56770.29,68707.49,18,502,0,0,1,1,0.10978720448064869,0.22746085002660052,0,0.0,-2.412985,-1.5622406,-4.014444,-0.41750395,-0.65570605,-3.0290215,-0.120689884
426,TRANSFER,3669.52,C101214,334493.41,330823.89,C101654,0.0,3669.52,17,695,0,0,1,1,0.07534778811565938,0.01097038055248981,0,0.0,-2.4048355,-1.5622406,-4.014444,-0.41962254,-0.65570605,-3.0350525,-0.120689884
426,TRANSFER,691.37,C101214,334493.41,333802.04,C100293,0.0,691.37,17,695,0,0,1,1,0.014196189220803655,0.0020669166546509843,0,0.0,-2.4048355,-1.5622406,-4.014444,-0.41962254,-0.65570605,-3.0350525,-0.120689884
426,TRANSFER,1688.89,C100788,49412.65,47723.76,C101636,0.0,1688.89,11,433,0,2,1,1,0.015730113222939084,0.03417930428746485,0,0.0,-2.5936542,-1.1041232,-3.5718427,-0.53343344,-0.79624003,-2.6765323,-0.11546296
426,TRANSFER,7920.32,C100153,27154.91,19234.59,C101007,352354.36,360274.68,18,673,0,0,1,1,0.0849805044845894,0.29167174555172526,0,0.0,-2.412985,-1.5622406,-4.014444,-0.41750395,-0.65570605,-3.0290215,-0.120689884
426,TRANSFER,14845.78,C101470,17814.93,2969.16,C101078,21794.92,36640.7,18,455,0,1,1,1,1.0111187248463804,0.8333336139967993,0,0.0,-2.6337564,-1.3125136,-4.015815,0.2978854,-0.6647574,-3.0667942,-0.08520533
426,TRANSFER,14588.82,C100202,110079.71,95490.89,C100088,46387.56,60976.38,18,710,0,0,1,1,1.0863477863124,0.13252960059578645,0,0.0,-2.412985,-1.5622406,-4.014444,-0.41750395,-0.65570605,-3.0290215,-0.120689884
426,TRANSFER,10613.15,C101908,28318.74,17705.59,C100189,190761.54,201374.69,18,679,0,0,1,1,0.20064435700807498,0.37477479577128076,0,0.0,-2.412985,-1.5622406,-4.014444,-0.41750395,-0.65570605,-3.0290215,-0.120689884
427,TRANSFER,12843.72,C100781,44654.8,31811.08,C100509,68285.14,81128.87,19,554,0,0,1,1,1.103894086656849,0.28762238326003026,0,0.0,-2.412985,-1.5622406,-4.014444,-0.41750395,-0.65570605,-3.0290215,-0.120689884
427,TRANSFER,6298.35,C100697,117566.14,111267.79,C101241,35481.55,41779.91,19,571,0,0,1,1,0.18932946119667105,0.0535728229233349,0,0.0,-2.412985,-1.5622406,-4.014444,-0.41750395,-0.65570605,-3.0290215,-0.120689884
427,TRANSFER,3261.01,C101988,414966.65,411705.65,C101247,19538.83,22799.84,19,413,0,1,1,1,0.5988886648796717,0.007858486941058998,14,0.0,-2.6481798,-1.3204675,-4.015815,0.29668936,-0.6642246,-3.069691,-0.059268337
427,TRANSFER,16375.46,C101422,354043.34,337667.89,C100972,95140.25,111515.71,19,680,0,1,1,1,0.918749088289875,0.04625269889274008,0,0.0,-2.6337564,-1.3125136,-4.015815,0.2978854,-0.6647574,-3.0667942,-0.08520533
427,TRANSFER,13936.9,C100210,254860.64,240923.74,C101372,16770.06,30706.96,19,591,0,1,1,1,0.09706965032134074,0.05468439536210848,0,0.0,-2.6337564,-1.3125136,-4.015815,0.2978854,-0.6647574,-3.0667942,-0.08520533
427,TRANSFER,1442383.56,C100788,49412.65,0.0,C100774,59096.25,1501479.81,11,433,0,3,1,1,13.434182634574158,2.0,0,0.3,0.037129696,-0.14840093,1.6464391,-1.0249436,-1.4647118,-4.440917,-0.34954548
427,TRANSFER,4168.85,C101564,517898.64,513729.78,C100552,58667.84,62836.7,19,467,0,1,1,1,0.7755961150820712,0.008049548073731184,0,0.0,-2.6337564,-1.3125136,-4.015815,0.2978854,-0.6647574,-3.0667942,-0.08520533
427,TRANSFER,2408.37,C101214,334493.41,332085.04,C101684,0.0,2408.37,17,695,0,2,1,1,0.04945206797186296,0.007200052162462633,0,0.0,-2.6796932,-1.1438808,-3.698245,-0.6355463,-0.73324513,-3.2204752,-0.07220097
427,TRANSFER,8261.09,C101944,435591.72,427330.63,C101723,294629.41,302890.5,19,697,0,0,1,1,0.8925702734767276,0.018965213572011884,0,0.0,-2.412985,-1.5622406,-4.014444,-0.41750395,-0.65570605,-3.0290215,-0.120689884
427,TRANSFER,19138.04,C101759,22965.65,3827.61,C100357,145624.74,164762.78,19,564,0,1,1,1,0.20149819660011864,0.8333332607611803,0,0.0,-2.6337564,-1.3125136,-4.015815,0.2978854,-0.6647574,-3.0667942,-0.08520533
427,TRANSFER,9595.06,C101649,105027.98,95432.92,C101998,45273.43,54868.49,19,622,0,0,1,1,0.057893984512782506,0.09135717929641225,0,0.0,-2.412985,-1.5622406,-4.014444,-0.41750395,-0.65570605,-3.0290215,-0.120689884
427,TRANSFER,21771.19,C101003,26125.43,4354.24,C101088,118764.28,140535.47,19,693,0,0,1,1,0.8556019707244493,0.83333326953853,0,0.0,-2.412985,-1.5622406,-4.014444,-0.41750395,-0.65570605,-3.0290215,-0.120689884
427,TRANSFER,27067.24,C100460,32480.68,5413.45,C100021,38254.5,65321.73,19,497,0,0,1,1,1.453190690416943,0.8333335385835519,0,0.0,-2.412985,-1.5622406,-4.014444,-0.41750395,-0.65570605,-3.0290215,-0.120689884
427,TRANSFER,502.78,C100829,1968362.24,1967859.47,C101202,68360.98,68863.76,19,422,0,0,1,1,0.5177036711606579,0.00025543062642778596,5,0.0,-2.433686,-1.5622406,-4.014444,-0.4155612,-0.65517336,-3.0321195,-0.09936658
427,TRANSFER,1489121.06,C100765,42922.35,0.0,C100918,29035.89,1518156.95,18,154,0,0,1,1,24.108009933700107,2.0,273,0.2,0.20343933,-1.1361392,1.8009034,-0.26988164,-1.0943428,-5.0711994,-0.46490654
428,TRANSFER,4601.25,C100788,49412.65,44811.4,C101524,32710.56,37311.81,20,433,0,4,1,1,0.04285547517425555,0.0931188673345793,0,0.0,-2.6144993,-1.5836312,-4.599338,-0.6034175,-0.74409246,-1.889063,-0.07069887
428,TRANSFER,3020.79,C100794,369699.14,366678.35,C100434,73781.05,76801.84,20,558,0,0,1,1,0.06392488097717162,0.008170941376817916,0,0.0,-2.44557,-1.9975752,-5.029045,-0.41750395,-0.60858834,-1.5936172,-0.120689884
428,TRANSFER,1095930.17,C101214,334493.41,0.0,C100570,1509954.67,2605884.84,17,695,0,3,1,1,22.503192308181603,2.0,0,0.0,-0.7764909,-0.8898802,1.6417121,-1.4496589,-1.6242052,-5.639185,-0.09794295
428,TRANSFER,5833.17,C100816,17069.54,11236.37,C101220,547097.18,552930.35,20,441,0,0,1,1,0.5980242775037927,0.34172977127678894,0,0.0,-2.44557,-1.9975752,-5.029045,-0.41750395,-0.60858834,-1.5936172,-0.120689884
428,TRANSFER,2986.03,C101632,45100.31,42114.28,C101478,386755.55,389741.59,20,474,0,1,1,1,0.18478366345653485,0.06620863581647222,0,0.0,-2.6663413,-1.7478483,-5.0304165,0.2978854,-0.61763954,-1.6313902,-0.08520533
428,TRANSFER,32591.88,C101517,91847.91,59256.03,C101921,67551.81,100143.69,20,482,0,0,1,1,0.31480280499631436,0.35484617995118234,0,0.0,-2.44557,-1.9975752,-5.029045,-0.41750395,-0.60858834,-1.5936172,-0.120689884
428,TRANSFER,81753.0,C100467,482629.81,400876.8,C101518,100217.11,181970.11,20,404,0,0,1,1,0.42972742501340405,0.16939069718880398,24,0.0,-2.466271,-1.9800578,-5.029045,-0.4155612,-0.60805565,-1.6028489,-0.028248306
428,TRANSFER,14758.55,C100200,51666.13,36907.59,C100509,68285.14,83043.69,20,600,0,0,1,1,0.24483054202461782,0.2856523219370214,0,0.0,-2.44557,-1.9975752,-5.029045,-0.41750395,-0.60858834,-1.5936172,-0.120689884
428,TRANSFER,15681.46,C100622,624576.48,608895.02,C100431,338776.98,354458.44,20,604,0,1,1,1,0.286369574859064,0.02510734954348585,0,0.0,-2.6663413,-1.7478483,-5.0304165,0.2978854,-0.61763954,-1.6313902,-0.08520533
428,TRANSFER,12563.0,C101146,269072.98,256509.98,C101575,10122.11,22685.11,20,644,0,1,1,1,0.6410218632438559,0.046689935198993227,0,0.0,-2.6663413,-1.7478483,-5.0304165,0.2978854,-0.61763954,-1.6313902,-0.08520533
428,TRANSFER,74306.42,C100754,360342.98,286036.56,C100074,105640.39,179946.8,20,626,0,2,1,1,0.9170327610835739,0.20621026112399915,0,0.0,-2.7135828,-1.5792158,-4.712847,-0.6368506,-0.6861274,-1.7824625,-0.07220097
428,TRANSFER,5348.0,C100161,31801.09,26453.08,C101479,100918.96,106266.96,20,462,0,1,1,1,0.8139675528518007,0.1681703362997935,0,0.0,-2.6663413,-1.7478483,-5.0304165,0.2978854,-0.61763954,-1.6313902,-0.08520533
429,TRANSFER,26807.29,C100339,271773.5,244966.21,C100459,9897.95,36705.24,21,496,0,1,1,1,0.2484091275773815,0.09863835142131223,0,0.0,-2.6663413,-1.7478483,-5.0304165,0.2978854,-0.61763954,-1.6313902,-0.08520533
429,TRANSFER,943.18,C101214,334493.41,333550.23,C101994,203266.82,204210.0,21,695,0,4,1,1,0.019366709213991914,0.0028197267025380263,0,0.0,-2.6144993,-1.5836312,-4.599338,-0.6034175,-0.74409246,-1.889063,-0.07069887
429,TRANSFER,15197.26,C101570,235826.01,220628.75,C100641,88832.89,104030.15,21,584,0,0,1,1,1.1623429994067414,0.06444267958398651,0,0.0,-2.44557,-1.9975752,-5.029045,-0.41750395,-0.60858834,-1.5936172,-0.120689884
429,TRANSFER,19270.93,C100041,217955.24,198684.31,C101519,217114.95,236385.88,21,436,0,1,1,1,0.8788236355742453,0.08841691532628443,0,0.0,-2.6663413,-1.7478483,-5.0304165,0.2978854,-0.61763954,-1.6313902,-0.08520533
429,TRANSFER,36326.04,C101878,43591.25,7265.21,C101837,83645.55,119971.59,21,453,0,0,1,1,0.2561006071155508,0.8333332950993606,0,0.0,-2.44557,-1.9975752,-5.029045,-0.41750395,-0.60858834,-1.5936172,-0.120689884
429,TRANSFER,8760.25,C100153,27154.91,18394.66,C100050,247766.18,256526.43,21,673,0,1,1,1,0.09399247308330021,0.3226028000092801,0,0.0,-2.6663413,-1.7478483,-5.0304165,0.2978854,-0.61763954,-1.6313902,-0.08520533
429,TRANSFER,880.19,C101820,311940.58,311060.39,C101319,249863.34,250743.53,21,645,0,0,1,1,0.5449382041393156,0.002821659176244399,0,0.0,-2.44557,-1.9975752,-5.029045,-0.41750395,-0.60858834,-1.5936172,-0.120689884
429,TRANSFER,16252.36,C101673,19502.83,3250.47,C100983,134745.78,150998.14,21,424,0,3,1,1,0.2971158090358128,0.8333334187910164,5,0.0,-2.628403,-1.5831007,-4.6312284,-0.6493491,-0.746531,-1.8921609,-0.0525144
429,TRANSFER,2405.14,C100408,5729.4,3324.26,C101244,176689.12,179094.26,21,716,0,0,1,1,0.05853752161277497,0.41978915767794184,0,0.0,-2.44557,-1.9975752,-5.029045,-0.41750395,-0.60858834,-1.5936172,-0.120689884
429,TRANSFER,17615.29,C100044,21138.35,3523.06,C101139,1052454.0,1070069.3,21,558,0,0,1,1,1.1046468715617532,0.8333332544876967,0,0.0,-2.44557,-1.9975752,-5.029045,-0.41750395,-0.60858834,-1.5936172,-0.120689884
429,TRANSFER,1374.08,C100829,1968362.24,1966988.17,C101810,136086.82,137460.9,21,422,0,1,1,1,1.414865866717922,0.0006980828894583955,7,0.0,-2.6807644,-1.7542627,-5.0304165,0.29668936,-0.61710685,-1.6344881,-0.060606603
429,TRANSFER,16803.18,C100961,95518.95,78715.78,C100877,51811.5,68614.68,21,535,0,0,1,1,0.18629855203571005,0.1759146221770654,0,0.0,-2.44557,-1.9975752,-5.029045,-0.41750395,-0.60858834,-1.5936172,-0.120689884
429,TRANSFER,5187.97,C101540,122083.34,116895.37,C100703,409778.07,414966.04,21,548,0,0,1,1,0.5575392901972248,0.04249531508558007,0,0.0,-2.44557,-1.9975752,-5.029045,-0.41750395,-0.60858834,-1.5936172,-0.120689884
430,TRANSFER,33761.06,C100417,46235.21,12474.16,C101159,42707.69,76468.75,22,716,0,0,1,1,0.7016758060029517,0.7302023717422285,0,0.0,-2.44557,-1.9975752,-5.029045,-0.41750395,-0.60858834,-1.5936172,-0.120689884
430,TRANSFER,60893.43,C101190,73072.11,12178.69,C101831,1292561.14,1353454.57,22,444,0,0,1,1,0.573994541915366,0.8333334017588927,0,0.0,-2.44557,-1.9975752,-5.029045,-0.41750395,-0.60858834,-1.5936172,-0.120689884
430,TRANSFER,77788.6,C101190,93346.32,15557.72,C100152,35735.76,113524.36,22,444,0,0,1,1,0.7332520408726795,0.8333333333333334,0,0.0,-2.44557,-1.9975752,-5.029045,-0.41750395,-0.60858834,-1.5936172,-0.120689884
430,TRANSFER,18149.81,C101996,332366.15,314216.34,C101010,1675674.49,1693824.3,22,519,0,2,1,1,0.9672713001632015,0.05460787748692218,0,0.0,-2.7135828,-1.5792158,-4.712847,-0.6368506,-0.6861274,-1.7824625,-0.07220097
430,TRANSFER,19103.21,C101941,68513.86,49410.65,C100986,127088.83,146192.04,22,624,0,1,1,1,0.23596388887974315,0.2788225623253455,0,0.0,-2.6663413,-1.7478483,-5.0304165,0.2978854,-0.61763954,-1.6313902,-0.08520533
430,TRANSFER,72111.07,C100176,175823.23,103712.16,C101908,28318.74,100429.81,22,575,0,0,1,1,1.0053730036440953,0.4101339168891392,0,0.0,-2.44557,-1.9975752,-5.029045,-0.41750395,-0.60858834,-1.5936172,-0.120689884
430,TRANSFER,15810.64,C101618,149917.98,134107.34,C100827,993903.35,1009713.98,22,578,0,0,1,1,0.2715467895847493,0.10546193325176872,0,0.0,-2.44557,-1.9975752,-5.029045,-0.41750395,-0.60858834,-1.5936172,-0.120689884
430,TRANSFER,11978.02,C100560,151865.07,139887.05,C101587,125976.21,137954.22,22,647,0,1,1,1,0.10673904222540215,0.0788727783156456,0,0.0,-2.6663413,-1.7478483,-5.0304165,0.2978854,-0.61763954,-1.6313902,-0.08520533
430,TRANSFER,17037.39,C101992,68466.06,51428.67,C100014,665479.14,682516.52,22,497,0,1,1,1,0.2930976015365208,0.2488443178999931,0,0.0,-2.6663413,-1.7478483,-5.0304165,0.2978854,-0.61763954,-1.6313902,-0.08520533
430,TRANSFER,27738.51,C101853,64987.93,37249.42,C101196,20699.49,48438.0,22,621,0,0,1,1,0.13982758926968955,0.4268255659166248,0,0.0,-2.44557,-1.9975752,-5.029045,-0.41750395,-0.60858834,-1.5936172,-0.120689884
430,TRANSFER,18357.19,C101936,416514.16,398156.97,C101519,217114.95,235472.14,22,606,0,0,1,1,1.4137949283070281,0.044073387565023,0,0.0,-2.44557,-1.9975752,-5.029045,-0.41750395,-0.60858834,-1.5936172,-0.120689884
431,TRANSFER,12532.6,C100748,80811.06,68278.46,C101254,63294.6,75827.2,23,718,0,0,1,1,0.09290799718229141,0.15508520739611634,0,0.0,-2.3431442,-1.7738352,-5.029045,-0.35394764,-0.57753015,2.5014837,-0.08444215
431,TRANSFER,5991.22,C101759,11567.19,5575.97,C100036,56666.2,62657.42,23,564,0,1,1,1,0.06307960613702149,0.5179494760611696,0,0.1,-2.563915,-1.567181,-5.0304165,0.24583514,-0.58658135,2.3481047,-0.06157772
431,TRANSFER,4959.89,C101170,353999.71,349039.82,C100542,67194.83,72154.72,23,462,0,1,1,1,0.07847772205132342,0.014011000178502972,0,0.1,-2.563915,-1.567181,-5.0304165,0.24583514,-0.58658135,2.3481047,-0.06157772
431,TRANSFER,6242.66,C100697,117566.14,111323.48,C100603,126203.13,132445.79,23,571,0,1,1,1,0.18765541042241388,0.05309913211405937,0,0.1,-2.563915,-1.567181,-5.0304165,0.24583514,-0.58658135,2.3481047,-0.06157772
431,TRANSFER,5306.4,C101828,130920.78,125614.37,C101485,361367.15,366673.55,23,525,0,1,1,1,0.12404310702600217,0.040531380885448436,0,0.1,-2.563915,-1.567181,-5.0304165,0.24583514,-0.58658135,2.3481047,-0.06157772
431,TRANSFER,21829.39,C101707,202063.05,180233.66,C101753,245078.08,266907.47,23,455,0,0,1,1,1.3262588360918113,0.10803256706260744,0,0.0,-2.3431442,-1.7738352,-5.029045,-0.35394764,-0.57753015,2.5014837,-0.08444215
431,TRANSFER,20067.44,C100256,147030.39,126962.95,C100076,94715.24,114782.68,23,411,0,1,1,1,1.0345034721415354,0.13648498109812535,20,0.1,-2.5783384,-1.5751348,-5.0304165,0.24463908,-0.58604866,2.345208,-0.035640705
431,TRANSFER,13367.23,C101990,138708.48,125341.25,C100567,167279.17,180646.4,23,512,0,1,1,1,0.12677523149196118,0.0963692342385988,0,0.1,-2.563915,-1.567181,-5.0304165,0.24583514,-0.58658135,2.3481047,-0.06157772
431,TRANSFER,2093.75,C100333,94814.33,92720.58,C101600,315493.93,317587.68,23,670,0,1,1,1,0.4513238473593109,0.022082632445960437,0,0.1,-2.563915,-1.567181,-5.0304165,0.24583514,-0.58658135,2.3481047,-0.06157772
431,TRANSFER,25199.99,C101576,148385.68,123185.69,C101932,150477.92,175677.91,23,427,0,0,1,1,0.35418764007744613,0.16982764104999892,4,0.0,-2.3638449,-1.7738352,-5.029045,-0.35200483,-0.57699746,2.4983857,-0.06311883
431,TRANSFER,31320.84,C100351,208130.71,176809.87,C100094,110581.83,141902.67,23,423,0,1,1,1,1.0231951422877108,0.1504863938627798,8,0.1,-2.5783384,-1.5735953,-5.0304165,0.24463908,-0.58604866,2.3450067,-0.03697897
431,TRANSFER,10264.87,C100472,146282.62,136017.75,C100301,33927.29,44192.16,23,648,0,0,1,1,0.17581959807238304,0.07017149405718875,0,0.0,-2.3431442,-1.7738352,-5.029045,-0.35394764,-0.57753015,2.5014837,-0.08444215
431,TRANSFER,11359.47,C101903,74811.61,63452.15,C100699,35088.24,46447.7,23,718,0,0,1,1,1.0261006501362548,0.15184100435747874,0,0.0,-2.3431442,-1.7738352,-5.029045,-0.35394764,-0.57753015,2.5014837,-0.08444215
432,TRANSFER,2798.13,C100978,47471.34,44673.2,C101371,15622.59,18420.72,0,408,0,0,1,1,0.01857121191600119,0.05894356468555555,24,0.0,-2.9482374,-1.8586423,-5.6584744,-0.47670233,-0.53846765,2.4540813,-0.02540003
432,TRANSFER,10987.49,C100718,343603.22,332615.74,C101092,304021.09,315008.58,0,596,0,0,1,1,1.2273265799089244,0.03197726144708423,0,0.0,-2.9275367,-1.8225812,-5.6584744,-0.4786451,-0.53900033,2.4156675,-0.16548668
432,TRANSFER,18202.58,C100286,227973.8,209771.22,C101300,191052.68,209255.26,0,484,0,0,1,1,1.1001202034078486,0.07984505237005306,0,0.0,-2.9275367,-1.8225812,-5.6584744,-0.4786451,-0.53900033,2.4156675,-0.16548668
432,TRANSFER,24511.73,C101707,202063.05,177551.32,C101698,27599.27,52111.0,0,455,0,1,1,1,1.489226153382973,0.12130733451761716,0,0.0,-3.154489,-1.6310449,-5.658995,0.23644252,-0.54399574,2.3775933,-0.13000211
432,TRANSFER,11005.21,C101674,19279.15,8273.95,C100963,40801.42,51806.63,0,554,0,1,1,1,1.016141208395519,0.5708348137755035,0,0.0,-3.154489,-1.6310449,-5.658995,0.23644252,-0.54399574,2.3775933,-0.13000211
432,TRANSFER,7746.32,C101609,94212.48,86466.16,C100257,132723.03,140469.35,0,584,0,1,1,1,0.858614875537118,0.08222180331098386,0,0.0,-3.154489,-1.6310449,-5.658995,0.23644252,-0.54399574,2.3775933,-0.13000211
432,TRANSFER,33927.91,C101376,209034.44,175106.54,C101042,33936.12,67864.03,0,626,0,1,1,1,0.47004147672872393,0.16230775177525772,0,0.0,-3.154489,-1.6310449,-5.658995,0.23644252,-0.54399574,2.3775933,-0.13000211
432,TRANSFER,32183.83,C101774,365333.67,333149.84,C100933,350691.68,382875.51,0,437,0,0,1,1,0.40296945087427194,0.08809434400065015,0,0.0,-2.9275367,-1.8225812,-5.6584744,-0.4786451,-0.53900033,2.4156675,-0.16548668
432,TRANSFER,8880.29,C101404,16013.22,7132.93,C101579,19829.93,28710.21,0,719,0,0,1,1,1.2273650809332022,0.5545599198662107,0,0.0,-2.9275367,-1.8225812,-5.6584744,-0.4786451,-0.53900033,2.4156675,-0.16548668
432,TRANSFER,5030.57,C100223,38068.7,33038.13,C101602,18630.81,23661.38,0,416,0,0,1,1,1.0278679440052039,0.1321445176746251,16,0.0,-2.9482374,-1.8293746,-5.6584744,-0.47670233,-0.53846765,2.433046,-0.11613525
432,TRANSFER,1286889.42,C100507,151835.85,0.0,C100488,515701.55,1802590.97,19,570,0,0,1,1,17.48964361381356,2.0,0,0.8,-0.78131413,0.53976303,1.7735475,-0.12161533,-1.0940478,-5.035971,-0.09293416
432,TRANSFER,5550.75,C100249,399834.71,394283.96,C100703,409778.07,415328.82,0,690,0,0,1,1,0.13378714634232453,0.013882611642195846,0,0.0,-2.9275367,-1.8225812,-5.6584744,-0.4786451,-0.53900033,2.4156675,-0.16548668
432,TRANSFER,41923.66,C100210,254860.64,212936.98,C100334,54729.11,96652.77,0,591,0,2,1,1,0.29199571040839645,0.16449640870398818,0,0.0,-3.1631603,-1.496302,-5.413605,-0.23514885,-0.57324165,2.6896653,-0.11812753
432,TRANSFER,12339.22,C100625,81948.01,69608.79,C101898,45991.17,58330.39,0,621,0,0,1,1,1.6765876264464186,0.15057376011937323,0,0.0,-2.9275367,-1.8225812,-5.6584744,-0.4786451,-0.53900033,2.4156675,-0.16548668
433,TRANSFER,49756.43,C101769,242925.06,193168.62,C101695,38265.07,88021.5,1,490,0,1,1,1,0.22964441613166248,0.2048221373291006,0,0.0,-3.154489,-1.6310449,-5.658995,0.23644252,-0.54399574,2.3775933,-0.13000211
433,TRANSFER,7934.25,C100684,16603.24,8668.99,C100637,76363.2,84297.45,1,481,0,0,1,1,0.8459517916497974,0.477873595756009,0,0.0,-2.9275367,-1.8225812,-5.6584744,-0.4786451,-0.53900033,2.4156675,-0.16548668
433,TRANSFER,5300.89,C100776,192354.33,187053.44,C101797,27819.14,33120.03,1,559,0,2,1,1,1.0839789835943057,0.027557944757469203,0,0.0,-3.1631603,-1.496302,-5.413605,-0.23514885,-0.57324165,2.6896653,-0.11812753
433,TRANSFER,7425.46,C101448,51742.83,44317.36,C100152,35735.76,43161.22,1,719,0,1,1,1,0.10334155063376739,0.14350703276183385,0,0.0,-3.154489,-1.6310449,-5.658995,0.23644252,-0.54399574,2.3775933,-0.13000211
433,TRANSFER,5715.17,C101331,94692.01,88976.84,C101311,214730.01,220445.19,1,637,0,1,1,1,1.3361693835669424,0.060355356275571724,0,0.0,-3.154489,-1.6310449,-5.658995,0.23644252,-0.54399574,2.3775933,-0.13000211
433,TRANSFER,7888.17,C100816,17069.54,9181.37,C100249,399834.71,407722.88,1,441,0,1,1,1,0.808705586341062,0.4621196587605758,0,0.0,-3.154489,-1.6310449,-5.658995,0.23644252,-0.54399574,2.3775933,-0.13000211
433,TRANSFER,7033.12,C100923,45553.97,38520.85,C100570,1509954.67,1516987.79,1,410,0,1,1,1,0.16397167393715809,0.15439093453325803,23,0.0,-3.1689122,-1.6671062,-5.658995,0.23524648,-0.54346305,2.4160068,0.006945684
433,TRANSFER,15220.56,C100546,67895.87,52675.3,C100621,43490.15,58710.71,1,452,0,2,1,1,0.9115188507379917,0.22417504923348064,0,0.0,-3.1631603,-1.496302,-5.413605,-0.23514885,-0.57324165,2.6896653,-0.11812753
433,TRANSFER,8138.79,C101581,1161768.67,1153629.88,C101347,122162.74,130301.52,1,549,0,2,1,1,0.7419296320065343,0.007005516855606031,0,0.0,-3.1631603,-1.496302,-5.413605,-0.23514885,-0.57324165,2.6896653,-0.11812753
433,TRANSFER,4591.69,C100583,148415.39,143823.7,C100770,315297.04,319888.73,1,616,0,1,1,1,0.9699895814670261,0.030938098804982415,0,0.0,-3.154489,-1.6310449,-5.658995,0.23644252,-0.54399574,2.3775933,-0.13000211
433,TRANSFER,20128.71,C100353,125124.88,104996.17,C100378,103897.2,124025.91,1,717,0,0,1,1,0.22136584167110127,0.1608689654687381,0,0.0,-2.9275367,-1.8225812,-5.6584744,-0.4786451,-0.53900033,2.4156675,-0.16548668
433,TRANSFER,16646.67,C101907,28073.79,11427.12,C100911,951227.72,967874.39,1,513,0,0,1,1,0.23044623064670414,0.5929612638692531,0,0.0,-2.9275367,-1.8225812,-5.6584744,-0.4786451,-0.53900033,2.4156675,-0.16548668
433,TRANSFER,47516.47,C100353,125124.88,77608.41,C100302,3585.99,51102.46,1,717,0,0,1,1,0.522563213181055,0.37975237219008723,0,0.0,-2.9275367,-1.8225812,-5.6584744,-0.4786451,-0.53900033,2.4156675,-0.16548668
433,TRANSFER,5277.09,C101768,300455.5,295178.41,C101621,46486.04,51763.13,1,436,0,0,1,1,0.9230817433393116,0.01756363255124303,0,0.0,-2.9275367,-1.8225812,-5.6584744,-0.4786451,-0.53900033,2.4156675,-0.16548668
434,TRANSFER,8476.45,C101944,435591.72,427115.27,C101425,154864.99,163341.44,2,697,0,1,1,1,0.9158388656474881,0.019459621500610712,0,0.0,-3.1975121,-1.6558194,-5.658995,0.23644252,-0.54399574,2.3084285,-0.13000211
434,TRANSFER,2272.31,C101370,72678.65,70406.35,C101720,104343.53,106615.84,2,440,0,1,1,1,0.05728218438829005,0.031265165217020406,0,0.0,-3.1975121,-1.6558194,-5.658995,0.23644252,-0.54399574,2.3084285,-0.13000211
434,TRANSFER,14552.27,C100357,145624.74,131072.46,C101512,46595.12,61147.39,2,484,0,2,1,1,0.7920699424590576,0.09992992948862948,0,0.0,-3.2061844,-1.5210766,-5.413605,-0.23514885,-0.57324165,2.6205006,-0.11812753
434,TRANSFER,88628.19,C101773,190100.29,101472.11,C100952,69321.99,157950.18,2,611,0,0,1,1,0.8832907344486792,0.4662180683680177,0,0.0,-2.9705603,-1.8473557,-5.6584744,-0.4786451,-0.53900033,2.3465033,-0.16548668
434,TRANSFER,1906.2,C100340,582657.36,580751.16,C101353,37539.09,39445.29,2,633,0,2,1,1,1.1770423030065769,0.003271562552646722,0,0.0,-3.2061844,-1.5210766,-5.413605,-0.23514885,-0.57324165,2.6205006,-0.11812753
434,TRANSFER,26021.24,C101145,154321.08,128299.85,C100420,10578.38,36599.62,2,489,0,0,1,1,1.0459839166532843,0.1686175342992675,0,0.0,-2.9705603,-1.8473557,-5.6584744,-0.4786451,-0.53900033,2.3465033,-0.16548668
434,TRANSFER,2290.59,C100503,176547.3,174256.71,C100345,30829.88,33120.47,2,658,0,0,1,1,0.7823502422644287,0.01297437004134303,0,0.0,-2.9705603,-1.8473557,-5.6584744,-0.4786451,-0.53900033,2.3465033,-0.16548668
434,TRANSFER,995030.57,C100210,254860.64,0.0,C100546,41694.02,1036724.58,23,591,1,3,1,1,6.930326650040135,2.0,0,72.9,-0.7380763,0.32520396,1.9591805,-1.5447016,-1.1960964,2.1936588,-0.046143506
434,TRANSFER,2120.57,C101171,225558.32,223437.75,C101417,306599.94,308720.51,2,567,0,1,1,1,1.234760601821047,0.009401426646554203,0,0.0,-3.1975121,-1.6558194,-5.658995,0.23644252,-0.54399574,2.3084285,-0.13000211
434,TRANSFER,20683.1,C101632,45100.31,24417.21,C101257,710100.69,730783.79,2,474,0,2,1,1,1.279926521045621,0.45860216925338204,0,0.0,-3.2061844,-1.5210766,-5.413605,-0.23514885,-0.57324165,2.6205006,-0.11812753
434,TRANSFER,23321.28,C100857,114851.84,91530.56,C100267,76333.72,99655.0,2,443,0,2,1,1,0.3751761137412497,0.20305534504279601,0,0.0,-3.2061844,-1.5210766,-5.413605,-0.23514885,-0.57324165,2.6205006,-0.11812753
434,TRANSFER,24244.46,C100675,153059.93,128815.47,C100328,120978.56,145223.02,2,600,0,1,1,1,1.2257773259018243,0.1583984782953971,0,0.0,-3.1975121,-1.6558194,-5.658995,0.23644252,-0.54399574,2.3084285,-0.13000211
434,TRANSFER,21206.39,C100279,25447.67,4241.28,C101588,37813.11,59019.5,2,443,0,0,1,1,0.2851482142393724,0.8333332678394525,0,0.0,-2.9705603,-1.8473557,-5.6584744,-0.4786451,-0.53900033,2.3465033,-0.16548668
434,TRANSFER,23431.63,C100268,28117.96,4686.33,C101428,938993.44,962425.07,2,675,0,0,1,1,1.4651307913608387,0.833333214785141,0,0.0,-2.9705603,-1.8473557,-5.6584744,-0.4786451,-0.53900033,2.3465033,-0.16548668
434,TRANSFER,2476.55,C101024,80459.43,77982.88,C100058,47893.58,50370.13,2,643,0,0,1,1,1.4040216730823845,0.030780108683345138,0,0.0,-2.9705603,-1.8473557,-5.6584744,-0.4786451,-0.53900033,2.3465033,-0.16548668
434,TRANSFER,17917.3,C100750,157912.32,139995.03,C101672,194970.75,212888.05,2,592,0,3,1,1,1.1813418756166798,0.11346359802705704,0,0.0,-3.1830635,-1.5458571,-5.402201,-0.16540456,-0.62895447,2.5949473,-0.116349414
434,TRANSFER,5085.6,C100699,35088.24,30002.64,C101174,250739.35,255824.95,2,612,0,0,1,1,0.4411037513793808,0.14493744912825496,0,0.0,-2.9705603,-1.8473557,-5.6584744,-0.4786451,-0.53900033,2.3465033,-0.16548668
434,TRANSFER,4967.74,C100055,198735.44,193767.7,C101638,131242.98,136210.72,2,473,0,0,1,1,0.0449710848205951,0.02499674944740606,0,0.0,-2.9705603,-1.8473557,-5.6584744,-0.4786451,-0.53900033,2.3465033,-0.16548668
435,TRANSFER,32724.84,C101838,67345.56,34620.73,C101448,51742.83,84467.66,3,680,0,1,1,1,0.33940155665576593,0.4859242391035133,0,0.0,-3.1975121,-1.6558194,-5.658995,0.23644252,-0.54399574,2.3084285,-0.13000211
435,TRANSFER,19390.78,C100157,37371.2,17980.41,C100720,121885.89,141276.67,3,714,0,2,1,1,0.2873209381298301,0.5188696108233078,0,0.0,-3.2061844,-1.5210766,-5.413605,-0.23514885,-0.57324165,2.6205006,-0.11812753
435,TRANSFER,2166.68,C100540,175657.15,173490.47,C101214,334493.41,336660.09,3,713,0,0,1,1,0.9184086794003103,0.012334709973377114,0,0.0,-2.9705603,-1.8473557,-5.6584744,-0.4786451,-0.53900033,2.3465033,-0.16548668
435,TRANSFER,7407.83,C100199,37195.07,29787.24,C100677,181750.74,189158.57,3,519,0,0,1,1,0.7044006006092111,0.19916160932080515,0,0.0,-2.9705603,-1.8473557,-5.6584744,-0.4786451,-0.53900033,2.3465033,-0.16548668
435,TRANSFER,3574.41,C101370,72678.65,69104.24,C101884,39863.8,43438.21,3,440,0,2,1,1,0.09010654915013702,0.049181018084403054,0,0.0,-3.2061844,-1.5210766,-5.413605,-0.23514885,-0.57324165,2.6205006,-0.11812753
435,TRANSFER,23137.71,C101396,33367.74,10230.03,C100537,14096.61,37234.32,3,420,0,1,1,1,1.0146015792779783,0.6934155564626193,15,0.0,-3.2119353,-1.6626129,-5.658995,0.23524648,-0.54346305,2.3258073,-0.08378953
435,TRANSFER,1203656.16,C101276,312797.78,0.0,C100275,2498.55,1206154.7,19,-349,0,1,1,1,23.39961250007137,2.0,784,0.3,-0.67158705,-1.2827152,1.7582452,0.1956513,-1.2156067,-5.1453533,0.6056113
435,TRANSFER,62946.7,C100417,75536.04,12589.34,C101950,41258.27,104204.97,3,716,0,1,1,1,1.3082579888701955,0.8333333333333334,0,0.0,-3.1975121,-1.6558194,-5.658995,0.23644252,-0.54399574,2.3084285,-0.13000211
436,TRANSFER,10495.49,C101699,22649.15,12153.66,C100086,88049.73,98545.22,4,700,0,0,1,1,0.6861585097620614,0.4633944320206277,0,0.0,-3.013765,-1.8913609,-5.6584744,-0.4786451,-0.54374427,2.2253532,-0.16548668
436,TRANSFER,19982.8,C101115,242456.27,222473.47,C100177,181547.78,201530.58,4,479,0,1,1,1,1.3367517481505868,0.08241816142762569,0,0.0,-3.2407174,-1.6998246,-5.658995,0.23644252,-0.5487397,2.1872785,-0.13000211
436,TRANSFER,13824.98,C101992,68466.06,54641.08,C100127,52652.69,66477.67,4,497,0,2,1,1,0.23783387474785572,0.2019245740152128,0,0.0,-3.2493896,-1.5650817,-5.413605,-0.23514885,-0.5779855,2.499351,-0.11812753
436,TRANSFER,37169.87,C101664,80610.88,43441.01,C100470,56770.29,93940.16,4,536,0,0,1,1,0.2990016232506586,0.46110239709577666,0,0.0,-3.013765,-1.8913609,-5.6584744,-0.4786451,-0.54374427,2.2253532,-0.16548668
436,TRANSFER,43523.83,C101708,83245.76,39721.93,C100755,23456.29,66980.12,4,476,0,3,1,1,1.1683153108175295,0.522835397262275,0,0.0,-3.2262688,-1.5898622,-5.402201,-0.16540456,-0.63369834,2.4737978,-0.116349414
436,TRANSFER,599.98,C101158,17182.0,16582.02,C101212,229803.02,230403.0,4,545,0,0,1,1,0.5644030866038774,0.03491910138517053,0,0.0,-3.013765,-1.8913609,-5.6584744,-0.4786451,-0.54374427,2.2253532,-0.16548668
436,TRANSFER,5119.13,C101828,130920.78,125801.64,C100773,81103.64,86222.77,4,525,0,2,1,1,0.11966545877996732,0.03910097388665115,0,0.0,-3.2493896,-1.5650817,-5.413605,-0.23514885,-0.5779855,2.499351,-0.11812753
436,TRANSFER,2270.33,C100540,175657.15,173386.83,C101029,136974.07,139244.39,4,713,0,1,1,1,0.962343667317235,0.012924779890827102,0,0.0,-3.2407174,-1.6998246,-5.658995,0.23644252,-0.5487397,2.1872785,-0.13000211
436,TRANSFER,6701.26,C100366,378237.13,371535.87,C100017,44696.03,51397.29,4,646,0,1,1,1,0.0836101286883664,0.017717086632927866,0,0.0,-3.2407174,-1.6998246,-5.658995,0.23644252,-0.5487397,2.1872785,-0.13000211
436,TRANSFER,7808.33,C101619,71779.3,63970.98,C101857,99947.73,107756.06,4,571,0,0,1,1,1.303259460953158,0.10878247628494565,0,0.0,-3.013765,-1.8913609,-5.6584744,-0.4786451,-0.54374427,2.2253532,-0.16548668
436,TRANSFER,44745.74,C100524,957095.7,912349.96,C101112,686374.66,731120.4,4,547,0,1,1,1,0.7650906527234442,0.04675158398475722,0,0.0,-3.2407174,-1.6998246,-5.658995,0.23644252,-0.5487397,2.1872785,-0.13000211
436,TRANSFER,14926.12,C100074,105640.39,90714.27,C100445,2245304.17,2260230.29,4,453,0,1,1,1,1.0142647817291561,0.14129179189891292,0,0.0,-3.2407174,-1.6998246,-5.658995,0.23644252,-0.5487397,2.1872785,-0.13000211
436,TRANSFER,24469.9,C100439,84483.92,60014.03,C100619,721329.52,745799.42,4,500,0,0,1,1,1.2173120478671895,0.2896397326260429,0,0.0,-3.013765,-1.8913609,-5.6584744,-0.4786451,-0.54374427,2.2253532,-0.16548668
436,TRANSFER,2498.37,C101700,92914.14,90415.77,C100472,146282.62,148780.99,4,639,0,0,1,1,0.019278184702412802,0.026889018183884606,0,0.0,-3.013765,-1.8913609,-5.6584744,-0.4786451,-0.54374427,2.2253532,-0.16548668
436,TRANSFER,5033.36,C101768,300455.5,295422.14,C100974,113885.49,118918.85,4,436,0,1,1,1,0.8804478839008539,0.016752430892428328,0,0.0,-3.2407174,-1.6998246,-5.658995,0.23644252,-0.5487397,2.1872785,-0.13000211
436,TRANSFER,10347.34,C100718,343603.22,333255.89,C100006,88165.1,98512.44,4,596,0,1,1,1,1.1558204297209653,0.03011421138602834,0,0.0,-3.2407174,-1.6998246,-5.658995,0.23644252,-0.5487397,2.1872785,-0.13000211
436,TRANSFER,102621.97,C100992,123146.36,20524.39,C100574,90412.52,193034.49,4,539,0,2,1,1,0.9835922023292734,0.8333333604013955,0,0.0,-3.2493896,-1.5650817,-5.413605,-0.23514885,-0.5779855,2.499351,-0.11812753
436,TRANSFER,281079.99,C100846,337295.99,56216.0,C100248,92443.66,373523.65,4,554,0,2,1,1,0.8755820702008226,0.8333333283920749,0,0.0,-3.2493896,-1.5650817,-5.413605,-0.23514885,-0.5779855,2.499351,-0.11812753
437,TRANSFER,18098.92,C101542,82056.23,63957.31,C100874,113592.9,131691.82,5,610,0,0,1,1,1.0914512198328399,0.22056728660334504,0,0.0,-2.3673913,-1.6530298,-3.7581031,-0.6128197,-0.6993303,-2.6518826,-0.21017267
437,TRANSFER,26022.93,C100137,272546.6,246523.66,C101636,71947.49,97970.42,5,549,0,0,1,1,0.9326514896578821,0.09548066275638736,0,0.0,-2.3673913,-1.6530298,-3.7581031,-0.6128197,-0.6993303,-2.6518826,-0.21017267
437,TRANSFER,6643.42,C100536,34947.02,28303.6,C100501,133078.75,139722.17,5,635,0,2,1,1,0.07609834545764647,0.19009975671745405,0,0.0,-2.5982978,-1.2960657,-3.47151,-0.35090783,-0.76111835,-2.3594697,-0.14507683
437,TRANSFER,1280.29,C100293,59164.32,57884.03,C100142,2532663.64,2533943.93,5,455,0,1,1,1,1.2092080208508285,0.02163956249307015,0,0.0,-2.5943441,-1.4646981,-3.7594745,0.19323318,-0.7246261,-2.5989926,-0.15695137
437,TRANSFER,9996.08,C101570,235826.01,225829.93,C101497,360475.33,370471.41,5,584,0,1,1,1,0.7645373974986109,0.04238752120684228,0,0.0,-2.5943441,-1.4646981,-3.7594745,0.19323318,-0.7246261,-2.5989926,-0.15695137
437,TRANSFER,21682.79,C101911,1806564.41,1784881.62,C100035,238996.42,260679.2,5,695,0,0,1,1,0.2310405720252262,0.012002223601869807,0,0.0,-2.3673913,-1.6530298,-3.7581031,-0.6128197,-0.6993303,-2.6518826,-0.21017267
437,TRANSFER,16947.79,C100750,157912.32,140964.53,C100461,20418.54,37366.33,5,592,0,4,1,1,1.117419143853014,0.10732405172693302,0,0.0,-2.4763227,-1.2921823,-3.3579998,0.049499918,-0.8403606,-2.099094,-0.14329872
437,TRANSFER,31077.59,C100011,832858.81,801781.22,C101392,37994.07,69071.66,5,604,0,0,1,1,0.44111483138402463,0.0373143558390167,0,0.0,-2.3673913,-1.6530298,-3.7581031,-0.6128197,-0.6993303,-2.6518826,-0.21017267
437,TRANSFER,28499.17,C100200,51666.13,23166.97,C100153,27154.91,55654.08,5,600,0,1,1,1,0.472774577336644,0.5516025682589348,0,0.0,-2.5943441,-1.4646981,-3.7594745,0.19323318,-0.7246261,-2.5989926,-0.15695137
437,TRANSFER,12705.72,C100368,34206.14,21500.42,C100902,336201.76,348907.49,5,593,0,0,1,1,0.10009156618590381,0.3714455942705023,0,0.0,-2.3673913,-1.6530298,-3.7581031,-0.6128197,-0.6993303,-2.6518826,-0.21017267
437,TRANSFER,13038.26,C101128,41300.37,28262.11,C100153,27154.91,40193.18,5,712,0,1,1,1,1.3013942300522447,0.31569353979153214,0,0.0,-2.5943441,-1.4646981,-3.7594745,0.19323318,-0.7246261,-2.5989926,-0.15695137
438,TRANSFER,13631.26,C100826,900387.76,886756.49,C101360,92306.1,105937.36,6,549,0,0,1,1,1.0142512523013425,0.015139321751775035,0,0.0,-2.3673913,-1.6530298,-3.7581031,-0.6128197,-0.6993303,-2.6518826,-0.21017267
438,TRANSFER,6393.13,C101961,493020.13,486627.0,C101990,138708.48,145101.61,6,700,0,0,1,1,0.11867789726452135,0.012967279855287044,0,0.0,-2.3673913,-1.6530298,-3.7581031,-0.6128197,-0.6993303,-2.6518826,-0.21017267
438,TRANSFER,5100.68,C101535,19873.36,14772.68,C101467,10145.83,15246.51,6,581,0,1,1,1,1.0404704339254216,0.2566591658380868,0,0.0,-2.5943441,-1.4646981,-3.7594745,0.19323318,-0.7246261,-2.5989926,-0.15695137
438,TRANSFER,18475.56,C101594,62823.62,44348.06,C101213,28847.68,47323.24,6,709,0,0,1,1,1.004104966467851,0.29408620515659556,0,0.0,-2.3673913,-1.6530298,-3.7581031,-0.6128197,-0.6993303,-2.6518826,-0.21017267
438,TRANSFER,7296.8,C101891,18102.03,10805.23,C100257,132723.03,140019.83,6,430,0,0,1,1,1.1159556243690127,0.40309291278381487,8,0.0,-2.3880923,-1.6594442,-3.7581031,-0.61087686,-0.6987975,-2.634125,-0.1615793
438,TRANSFER,14481.77,C100199,37195.07,22713.3,C100826,900387.76,914869.53,6,519,0,1,1,1,1.3770520497749619,0.38934649134952565,0,0.0,-2.5943441,-1.4646981,-3.7594745,0.19323318,-0.7246261,-2.5989926,-0.15695137
438,TRANSFER,20944.78,C100196,79509.48,58564.7,C101820,311940.58,332885.36,6,713,0,1,1,1,0.801252776805016,0.263424940019731,0,0.0,-2.5943441,-1.4646981,-3.7594745,0.19323318,-0.7246261,-2.5989926,-0.15695137
438,TRANSFER,19005.57,C101488,109909.3,90903.73,C101341,246949.04,265954.61,6,498,0,0,1,1,1.0661337862744542,0.17292048989484965,0,0.0,-2.3673913,-1.6530298,-3.7581031,-0.6128197,-0.6993303,-2.6518826,-0.21017267
438,TRANSFER,10930.21,C101284,40594.22,29664.01,C101674,19279.15,30209.36,6,422,0,0,1,1,0.761115445239294,0.26925532748258246,16,0.0,-2.3880923,-1.6598232,-3.7581031,-0.61087686,-0.6987975,-2.634504,-0.16082121
438,TRANSFER,10709.71,C101450,14800.66,4090.95,C101317,44179.05,54888.76,6,601,0,0,1,1,0.0771421879116453,0.7235967855487525,0,0.0,-2.3673913,-1.6530298,-3.7581031,-0.6128197,-0.6993303,-2.6518826,-0.21017267
438,TRANSFER,1669897.9,C100654,96293.14,0.0,MULE410865,0.0,1669897.9,23,285,1,5,0,1,19.67761695041459,2.0,153,100.0,4.408315,-0.1993948,2.053095,-0.24790733,3.8072119,1.1469581,0.07575363
438,TRANSFER,1377559.86,C100890,37009.5,0.0,C100925,290182.8,1667742.66,15,-378,0,0,1,1,18.507306252810316,2.0,816,13.9,0.6469552,-1.1161721,1.8915985,-0.35182217,-1.1817534,-2.682878,0.93733203
438,TRANSFER,11836.55,C101189,19255.25,7418.7,C100222,109446.62,121283.17,6,545,0,1,1,1,0.9378756823577449,0.6147180639046493,0,0.0,-2.5943441,-1.4646981,-3.7594745,0.19323318,-0.7246261,-2.5989926,-0.15695137
438,TRANSFER,124889.82,C100754,360342.98,235453.15,C101398,10615.91,135505.73,6,626,0,3,1,1,1.5412942309134332,0.346585966514458,0,0.0,-2.475803,-1.2916518,-3.3898907,0.0047643343,-0.84333175,-2.099094,-0.14329872
438,TRANSFER,2059.25,C100152,35735.76,33676.5,C100810,46110.82,48170.07,6,578,0,0,1,1,0.03489782340343491,0.057624351629852,0,0.0,-2.3673913,-1.6530298,-3.7581031,-0.6128197,-0.6993303,-2.6518826,-0.21017267
438,TRANSFER,3211.63,C100521,837982.55,834770.92,C100287,1518018.67,1521230.3,6,588,0,0,1,1,0.636038441981789,0.0038325738405889237,0,0.0,-2.3673913,-1.6530298,-3.7581031,-0.6128197,-0.6993303,-2.6518826,-0.21017267
438,TRANSFER,1363963.19,C101299,118402.95,0.0,MULE656237,0.0,1363963.19,10,-152,1,2,1,1,16.918370223305843,2.0,590,4.6,-0.11969141,0.28524044,1.7231215,-0.8834507,-1.2142862,-3.299231,0.44188365
438,TRANSFER,6362.11,C101199,59759.17,53397.06,C101150,136568.62,142930.73,6,542,0,0,1,1,1.3056790870977162,0.10646248935519018,0,0.0,-2.3673913,-1.6530298,-3.7581031,-0.6128197,-0.6993303,-2.6518826,-0.21017267
438,TRANSFER,12924.68,C101584,143029.02,130104.34,C101134,52480.24,65404.92,6,512,0,1,1,1,1.1324506114165658,0.09036403940962472,0,0.0,-2.5943441,-1.4646981,-3.7594745,0.19323318,-0.7246261,-2.5989926,-0.15695137
438,TRANSFER,11785.38,C100295,300526.4,288741.01,C100320,163302.22,175087.6,6,510,0,1,1,1,0.7995355132250962,0.039215789361600174,0,0.0,-2.5943441,-1.4646981,-3.7594745,0.19323318,-0.7246261,-2.5989926,-0.15695137
438,TRANSFER,11039.37,C101450,14800.66,3761.29,C100792,38447.33,49486.7,6,601,0,0,1,1,0.07951673340979167,0.7458701166029084,0,0.0,-2.3673913,-1.6530298,-3.7581031,-0.6128197,-0.6993303,-2.6518826,-0.21017267
438,TRANSFER,54744.53,C101239,65693.44,10948.91,C101184,225959.19,280703.72,6,599,0,0,1,1,0.925258114445055,0.8333332825925998,0,0.0,-2.3673913,-1.6530298,-3.7581031,-0.6128197,-0.6993303,-2.6518826,-0.21017267
439,TRANSFER,7968.89,C100199,37195.07,29226.18,C101410,7085.31,15054.2,7,519,0,2,1,1,0.7577510420985277,0.21424586645488233,0,0.0,-2.5982978,-1.2960657,-3.47151,-0.35090783,-0.76111835,-2.3594697,-0.14507683
439,TRANSFER,12963.38,C100053,3044740.12,3031776.73,C100599,343158.57,356121.95,7,660,0,0,1,1,1.257548387934459,0.004257631025665336,0,0.0,-2.3673913,-1.6530298,-3.7581031,-0.6128197,-0.6993303,-2.6518826,-0.21017267
439,TRANSFER,20305.21,C100035,238996.42,218691.21,C100717,119886.8,140192.01,7,509,0,1,1,1,0.49303786979734177,0.08496031028414568,0,0.0,-2.5943441,-1.4646981,-3.7594745,0.19323318,-0.7246261,-2.5989926,-0.15695137
439,TRANSFER,16491.98,C101262,146770.21,130278.23,C101589,51205.1,67697.08,7,436,0,0,1,1,0.5479564867899864,0.11236599034640612,3,0.0,-2.3880923,-1.6530298,-3.7581031,-0.61087686,-0.6987975,-2.6518826,-0.1919473
439,TRANSFER,2621.96,C101591,497220.01,494598.06,C101078,21794.92,24416.88,7,719,0,2,1,1,0.7925743776805715,0.0052732391039531975,0,0.0,-2.5982978,-1.2960657,-3.47151,-0.35090783,-0.76111835,-2.3594697,-0.14507683
439,TRANSFER,38678.47,C101921,67551.81,28873.34,C100085,250819.18,289497.65,7,496,0,0,1,1,1.044003823126962,0.5725748873346251,0,0.0,-2.3673913,-1.6530298,-3.7581031,-0.6128197,-0.6993303,-2.6518826,-0.21017267
439,TRANSFER,49898.1,C101368,142019.87,92121.77,C101900,213369.48,263267.58,7,419,0,0,1,1,0.5295174863842427,0.3513459067382613,20,0.0,-2.3880923,-1.6598232,-3.7581031,-0.61087686,-0.6987975,-2.634504,-0.16082121
439,TRANSFER,20918.97,C100347,43039.62,22120.65,C100272,210560.79,231479.76,7,494,0,0,1,1,0.8829508886944725,0.4860398395710743,0,0.0,-2.3673913,-1.6530298,-3.7581031,-0.6128197,-0.6993303,-2.6518826,-0.21017267
440,TRANSFER,9524.61,C100718,343603.22,334078.62,C100533,117549.85,127074.46,8,596,0,2,1,1,1.0639196956053056,0.02771979261428342,0,0.0,-2.5982978,-1.2960657,-3.47151,-0.35090783,-0.76111835,-2.3594697,-0.14507683
440,TRANSFER,12789.58,C100961,95518.95,82729.37,C101718,170477.42,183267.0,8,535,0,1,1,1,0.14179936387903222,0.1338957348253933,0,0.0,-2.5943441,-1.4646981,-3.7594745,0.19323318,-0.7246261,-2.5989926,-0.15695137
440,TRANSFER,9259.14,C100471,58695.64,49436.51,C100114,177594.96,186854.1,8,622,0,0,1,1,0.9972181260193015,0.15774834382928613,0,0.0,-2.3673913,-1.6530298,-3.7581031,-0.6128197,-0.6993303,-2.6518826,-0.21017267
440,TRANSFER,7447.85,C100892,88184.09,80736.23,C101923,219476.34,226924.19,8,623,0,0,1,1,0.7916109544711603,0.08445797875784623,0,0.0,-2.3673913,-1.6530298,-3.7581031,-0.6128197,-0.6993303,-2.6518826,-0.21017267
440,TRANSFER,12539.5,C101483,475464.56,462925.06,C100283,137633.61,150173.11,8,508,0,0,1,1,0.18860424097513925,0.02637315386871316,0,0.0,-2.3673913,-1.6530298,-3.7581031,-0.6128197,-0.6993303,-2.6518826,-0.21017267
440,TRANSFER,4083.42,C101520,41239.78,37156.36,C101977,72794.45,76877.87,8,553,0,1,1,1,1.091987853145388,0.09901653209595201,0,0.0,-2.5943441,-1.4646981,-3.7594745,0.19323318,-0.7246261,-2.5989926,-0.15695137
440,TRANSFER,8036.27,C100718,343603.22,335566.95,C100707,3184.91,11221.18,8,596,0,2,1,1,0.8976688738123713,0.023388226687747576,0,0.0,-2.5982978,-1.2960657,-3.47151,-0.35090783,-0.76111835,-2.3594697,-0.14507683
440,TRANSFER,15387.38,C100588,143099.49,127712.11,C101119,22059.73,37447.11,8,505,0,1,1,1,0.907896433653955,0.10752924416432232,0,0.0,-2.5943441,-1.4646981,-3.7594745,0.19323318,-0.7246261,-2.5989926,-0.15695137
440,TRANSFER,15983.88,C101907,28073.79,12089.91,C100272,210560.79,226544.67,8,513,0,1,1,1,0.22127097474205001,0.5693524102018288,0,0.0,-2.5943441,-1.4646981,-3.7594745,0.19323318,-0.7246261,-2.5989926,-0.15695137
441,TRANSFER,8696.2,C100816,17069.54,8373.34,C100255,23886.28,32582.48,9,441,0,2,1,1,0.891545887061149,0.5094571968547483,0,0.0,-2.5982978,-1.2840501,-3.47151,-0.35090783,-0.76111835,-2.3714848,-0.14507683
441,TRANSFER,14335.51,C101846,88187.23,73851.72,C100267,76333.72,90669.23,9,457,0,0,1,1,0.937992903132739,0.1625576628271463,0,0.0,-2.3673913,-1.6410142,-3.7581031,-0.6128197,-0.6993303,-2.6638985,-0.21017267
441,TRANSFER,28316.51,C100374,64496.31,36179.79,C100296,2163030.76,2191347.27,9,691,0,1,1,1,0.4164463570494187,0.4390407761312236,0,0.0,-2.5943441,-1.4526827,-3.7594745,0.19323318,-0.7246261,-2.6110082,-0.15695137
441,TRANSFER,40792.11,C100849,318437.3,277645.18,C100429,878935.03,919727.15,9,431,0,0,1,1,1.1501411053686632,0.12810091656976114,10,0.0,-2.3880923,-1.6478076,-3.7581031,-0.61087686,-0.6987975,-2.6465197,-0.16082121
441,TRANSFER,99155.47,C100753,118986.57,19831.09,C101068,1193085.77,1292241.24,9,604,0,0,1,1,1.070547297634007,0.8333332913117841,0,0.0,-2.3673913,-1.6410142,-3.7581031,-0.6128197,-0.6993303,-2.6638985,-0.21017267
441,TRANSFER,40168.92,C100048,111603.53,71434.61,C100820,15539.16,55708.08,9,674,0,1,1,1,0.7702887055382257,0.35992517440980587,0,0.0,-2.5943441,-1.4526827,-3.7594745,0.19323318,-0.7246261,-2.6110082,-0.15695137
441,TRANSFER,9991.45,C100036,56666.2,46674.74,C100185,100790.72,110782.17,9,586,0,0,1,1,0.8482979323611494,0.17632115793894776,0,0.0,-2.3673913,-1.6410142,-3.7581031,-0.6128197,-0.6993303,-2.6638985,-0.21017267
441,TRANSFER,17083.71,C101115,242456.27,225372.57,C100600,51403.45,68487.16,9,479,0,2,1,1,1.1428167828030937,0.07046099488373718,0,0.0,-2.5982978,-1.2840501,-3.47151,-0.35090783,-0.76111835,-2.3714848,-0.14507683
441,TRANSFER,9028.6,C100850,81948.28,72919.68,C101320,14364.16,23392.77,9,695,0,1,1,1,0.8772367905838367,0.11017436851633738,0,0.0,-2.5943441,-1.4526827,-3.7594745,0.19323318,-0.7246261,-2.6110082,-0.15695137
441,TRANSFER,11579.39,C100438,325998.22,314418.83,C100275,2498.55,14077.93,9,455,0,1,1,1,1.5804287743766963,0.03551979516943375,0,0.0,-2.5943441,-1.4526827,-3.7594745,0.19323318,-0.7246261,-2.6110082,-0.15695137
441,TRANSFER,21953.73,C101483,475464.56,453510.84,C100714,83309.41,105263.14,9,508,0,1,1,1,0.3302018886895924,0.046173220565587474,0,0.0,-2.5943441,-1.4526827,-3.7594745,0.19323318,-0.7246261,-2.6110082,-0.15695137
442,TRANSFER,6900.36,C101436,45177.34,38276.98,C101006,9242.62,16142.98,10,554,0,0,1,1,0.9091727450087228,0.15273940431198474,0,0.0,-2.559749,-1.6295782,-3.8895862,-0.60748893,-0.70966333,-2.3464909,-0.21017267
442,TRANSFER,26140.61,C101606,31368.73,5228.12,C101841,88830.66,114971.26,10,704,0,1,1,1,1.1462213943916761,0.8333333864648012,0,0.0,-2.7867017,-1.4412465,-3.890957,0.19856392,-0.7349593,-2.2936003,-0.15695137
442,TRANSFER,12624.33,C101840,18783.13,6158.79,C101574,47570.07,60194.4,10,421,0,0,1,1,1.722965893852389,0.6721100263907027,21,0.0,-2.5804498,-1.6974454,-3.8895862,-0.6055461,-0.7091306,-2.3080773,-0.12078228
442,TRANSFER,20001.66,C100613,61656.18,41654.52,C100935,3686.97,23688.63,10,473,0,0,1,1,0.967937351168219,0.32440640986840247,0,0.0,-2.559749,-1.6295782,-3.8895862,-0.60748893,-0.70966333,-2.3464909,-0.21017267
442,TRANSFER,2429.62,C101040,447596.32,445166.7,C100578,451154.65,453584.27,10,488,0,1,1,1,0.05192272863611675,0.00542815007951808,0,0.0,-2.7867017,-1.4412465,-3.890957,0.19856392,-0.7349593,-2.2936003,-0.15695137
442,TRANSFER,2573.69,C101875,159867.19,157293.5,C100362,64684.83,67258.52,10,539,0,1,1,1,1.178884491886682,0.016098925614442837,0,0.0,-2.7867017,-1.4412465,-3.890957,0.19856392,-0.7349593,-2.2936003,-0.15695137
442,TRANSFER,7877.75,C100507,151835.85,143958.1,C101896,19115.46,26993.21,10,570,0,1,1,1,0.10706362010398669,0.05188333321807728,0,0.0,-2.7867017,-1.4412465,-3.890957,0.19856392,-0.7349593,-2.2936003,-0.15695137
442,TRANSFER,22756.29,C100856,91746.0,68989.71,C100894,44591.84,67348.13,10,669,0,1,1,1,1.2435238017693844,0.24803577267673796,0,0.0,-2.7867017,-1.4412465,-3.890957,0.19856392,-0.7349593,-2.2936003,-0.15695137
442,TRANSFER,17528.56,C100983,134745.78,117217.22,C101525,648130.75,665659.31,10,438,0,0,1,1,0.6661468452914419,0.1300861518631604,4,0.0,-2.5804498,-1.6295782,-3.8895862,-0.6055461,-0.7091306,-2.3287332,-0.16799358
442,TRANSFER,13379.3,C100622,624576.48,611197.18,C100589,208776.82,222156.12,10,604,0,2,1,1,0.24432829933640585,0.02142139582329453,0,0.0,-2.7936113,-1.2726141,-3.6029925,-0.3931404,-0.77490693,-2.1016405,-0.14507683
442,TRANSFER,7321.69,C101576,148385.68,141063.99,C101553,12772.89,20094.59,10,427,0,1,1,1,0.10290687029949758,0.04934229502469511,15,0.0,-2.801125,-1.44804,-3.890957,0.19736789,-0.73442656,-2.2762215,-0.110738836
442,TRANSFER,13453.42,C101906,16144.1,2690.68,C101061,125377.65,138831.06,10,488,0,0,1,1,0.08929274975134521,0.8333335398071122,0,0.0,-2.559749,-1.6295782,-3.8895862,-0.60748893,-0.70966333,-2.3464909,-0.21017267
442,TRANSFER,17593.17,C100074,105640.39,88047.22,C101180,30198.09,47791.26,10,453,0,2,1,1,1.195497070234859,0.16653829089423086,0,0.0,-2.7936113,-1.2726141,-3.6029925,-0.3931404,-0.77490693,-2.1016405,-0.14507683
442,TRANSFER,7396.19,C100699,35088.24,27692.04,C100785,110565.57,117961.76,10,612,0,1,1,1,0.6415146993303961,0.21078828690182239,0,0.0,-2.7867017,-1.4412465,-3.890957,0.19856392,-0.7349593,-2.2936003,-0.15695137
442,TRANSFER,10625.71,C100321,446562.54,435936.83,C100009,209150.78,219776.48,10,532,0,0,1,1,0.15095942722607025,0.023794449933037375,0,0.0,-2.559749,-1.6295782,-3.8895862,-0.60748893,-0.70966333,-2.3464909,-0.21017267
442,TRANSFER,18540.24,C100125,124469.74,105929.5,C100571,212760.71,231300.95,10,607,0,0,1,1,0.25625349103860673,0.14895379391007005,0,0.0,-2.559749,-1.6295782,-3.8895862,-0.60748893,-0.70966333,-2.3464909,-0.21017267
442,TRANSFER,1008391.68,C100513,259330.0,0.0,C101384,90384.28,1098775.96,10,-277,0,4,1,1,5.3275493173083355,2.0,719,0.3,-1.0944632,-1.3539107,1.6134286,-0.81116974,-1.3622787,-3.4431386,0.58621746
442,TRANSFER,198397.33,C101338,238076.8,39679.47,C101804,321097.29,519494.63,10,511,0,0,1,1,1.0685790402682411,0.8333333193322491,0,0.0,-2.559749,-1.6295782,-3.8895862,-0.60748893,-0.70966333,-2.3464909,-0.21017267
442,TRANSFER,6001.07,C100788,49412.65,43411.58,C101596,59096.95,65098.03,10,433,0,4,1,1,0.05589322605899913,0.1214480502462426,9,0.0,-2.686059,-1.2751452,-3.4894824,0.0060713002,-0.8536164,-1.8235085,-0.097844206
443,TRANSFER,15687.49,C101825,72621.21,56933.72,C100155,203038.55,218726.04,11,444,0,0,1,1,0.5987646451723222,0.2160180200798086,0,0.0,-2.3507016,-1.4610878,-3.8880417,-0.61479807,-0.71769863,-2.7883985,-0.18055879
443,TRANSFER,2773.46,C100625,81948.01,79174.55,C100734,95724.84,98498.3,11,621,0,1,1,1,0.37684300291623657,0.03384414093765059,0,0.0,-2.5867443,-1.2727561,-3.8894126,0.2230149,-0.7429945,-2.703748,-0.1273375
443,TRANSFER,1070829.92,C100083,119388.44,0.0,C100488,515701.55,1586531.47,12,-476,0,0,1,1,4.837476436768369,2.0,919,0.5,-0.6517409,-1.4562639,1.7376091,-0.42449468,-1.0289096,-4.341833,0.8578286
443,TRANSFER,24298.29,C101222,29157.95,4859.66,C101989,33200.66,57498.95,11,528,0,0,1,1,1.214244978810295,0.8333332761733936,0,0.0,-2.3507016,-1.4610878,-3.8880417,-0.61479807,-0.71769863,-2.7883985,-0.18055879
443,TRANSFER,6637.98,C100697,117566.14,110928.16,C100520,76244.96,82882.95,11,571,0,2,1,1,0.1995387961663417,0.056461664897733306,0,0.0,-2.5936542,-1.1041232,-3.5718427,-0.53343344,-0.79624003,-2.6765323,-0.11546296
443,TRANSFER,21423.7,C100731,25708.44,4284.74,C101827,130250.13,151673.83,11,505,0,0,1,1,1.5899255748755343,0.8333333333333334,0,0.0,-2.3507016,-1.4610878,-3.8880417,-0.61479807,-0.71769863,-2.7883985,-0.18055879
443,TRANSFER,1758.66,C101844,109447.35,107688.69,C101967,28189.37,29948.02,11,545,0,0,1,1,0.5278693248329642,0.016068548027887382,0,0.0,-2.3507016,-1.4610878,-3.8880417,-0.61479807,-0.71769863,-2.7883985,-0.18055879
443,TRANSFER,54842.83,C100925,290182.8,235339.97,C101579,19829.93,74672.75,11,439,0,0,1,1,0.6486520954707176,0.18899407545864194,4,0.0,-2.3714025,-1.4610878,-3.8880417,-0.6128553,-0.7171659,-2.7914965,-0.15923546
443,TRANSFER,31135.86,C101921,67551.81,36415.95,C100837,130197.36,161333.22,11,496,0,1,1,1,0.8404147546773657,0.4609182196598433,0,0.0,-2.5867443,-1.2727561,-3.8894126,0.2230149,-0.7429945,-2.703748,-0.1273375
443,TRANSFER,1481.04,C101024,80459.43,78978.39,C100269,57149.3,58630.35,11,643,0,1,1,1,0.8396407335615814,0.018407289238812654,0,0.0,-2.5867443,-1.2727561,-3.8894126,0.2230149,-0.7429945,-2.703748,-0.1273375
443,TRANSFER,44725.58,C100481,53670.69,8945.12,C101440,1065241.79,1109967.36,11,525,0,0,1,1,0.7353868443901663,0.8333334264940511,0,0.0,-2.3507016,-1.4610878,-3.8880417,-0.61479807,-0.71769863,-2.7883985,-0.18055879
443,TRANSFER,25279.75,C101885,105595.6,80315.85,C100891,163724.46,189004.21,11,592,0,1,1,1,1.3759634315813596,0.23940154703415673,0,0.0,-2.5867443,-1.2727561,-3.8894126,0.2230149,-0.7429945,-2.703748,-0.1273375
443,TRANSFER,17115.08,C101337,177298.43,160183.35,C101154,47577.36,64692.44,11,624,0,0,1,1,0.19784166848462653,0.09653260888999413,0,0.0,-2.3507016,-1.4610878,-3.8880417,-0.61479807,-0.71769863,-2.7883985,-0.18055879
443,TRANSFER,1499599.73,C100685,116938.43,0.0,C101451,229814.65,1729414.38,12,511,0,4,1,1,10.65580688286422,2.0,0,0.3,0.37419653,-0.69932276,1.6945425,-1.0809163,-1.4422833,-4.3772745,-0.3707838
443,TRANSFER,68763.35,C101110,130894.11,62130.75,C101352,265881.27,334644.63,11,535,0,0,1,1,1.0508206398327435,0.5253357083829059,0,0.0,-2.3507016,-1.4610878,-3.8880417,-0.61479807,-0.71769863,-2.7883985,-0.18055879
444,TRANSFER,2645.72,C100462,81999.39,79353.67,C101066,134294.49,136940.22,12,586,0,0,1,1,0.9547156704871964,0.03226511806978076,0,0.0,-2.3502975,-1.4680284,-3.8880417,-0.65513396,-0.71785885,-2.8872056,-0.18109499
444,TRANSFER,787.87,C101330,100991.28,100203.41,C100309,135091.08,135878.95,12,617,0,0,1,1,0.34543719484030994,0.007801366613038274,0,0.0,-2.3502975,-1.4680284,-3.8880417,-0.65513396,-0.71785885,-2.8872056,-0.18109499
444,TRANSFER,14300.16,C101058,44080.94,29780.78,C100870,10804.77,25104.93,12,624,0,0,1,1,0.9910789339797037,0.32440687517099226,0,0.0,-2.3502975,-1.4680284,-3.8880417,-0.65513396,-0.71785885,-2.8872056,-0.18109499
444,TRANSFER,11492.04,C101470,15454.26,3962.22,C101103,349120.81,360612.85,12,455,0,1,1,1,0.7827016721710545,0.7436163232662063,0,0.0,-2.5863402,-1.2650838,-3.8894126,0.24856035,-0.7431547,-2.7366734,-0.1278737
444,TRANSFER,28780.84,C100011,832858.81,804077.97,C100638,219070.91,247851.76,12,604,0,1,1,1,0.4085147974373364,0.034556685544336135,0,0.0,-2.5863402,-1.2650838,-3.8894126,0.24856035,-0.7431547,-2.7366734,-0.1278737
444,TRANSFER,7112.69,C101180,30198.09,23085.4,C101420,99667.29,106779.98,12,444,0,0,1,1,0.13694144355362417,0.23553443280684308,0,0.0,-2.3502975,-1.4680284,-3.8880417,-0.65513396,-0.71785885,-2.8872056,-0.18109499
444,TRANSFER,27827.47,C100048,111603.53,83776.07,C100981,630506.4,658333.86,12,674,0,1,1,1,0.5336261429160608,0.24934220270631227,0,0.0,-2.5863402,-1.2650838,-3.8894126,0.24856035,-0.7431547,-2.7366734,-0.1278737
444,TRANSFER,124229.85,C100642,149075.82,24845.97,C100394,34031.55,158261.41,12,648,0,0,1,1,0.9298595969112096,0.8333333333333334,0,0.0,-2.3502975,-1.4680284,-3.8880417,-0.65513396,-0.71785885,-2.8872056,-0.18109499
444,TRANSFER,28812.4,C101830,34574.89,5762.48,C100797,72473.38,101285.78,12,492,0,0,1,1,0.41625681216247307,0.8333330923106336,0,0.0,-2.3502975,-1.4680284,-3.8880417,-0.65513396,-0.71785885,-2.8872056,-0.18109499
444,TRANSFER,93270.04,C101239,111924.05,18654.01,C101583,91674.69,184944.73,12,599,0,1,1,1,1.5763924056817158,0.8333333184422829,0,0.0,-2.5863402,-1.2650838,-3.8894126,0.24856035,-0.7431547,-2.7366734,-0.1278737
444,TRANSFER,1563717.44,C100255,23886.28,0.0,MULE999340,0.0,1563717.44,4,-483,1,5,0,1,18.73617301549093,2.0,927,100.0,1.3093592,0.2041072,2.0511675,-0.120872006,3.6965725,3.8679628,0.6082652
444,TRANSFER,25389.13,C100934,39884.25,14495.12,C100839,108064.06,133453.18,12,716,0,0,1,1,1.656191847134209,0.6365703253790657,0,0.0,-2.3502975,-1.4680284,-3.8880417,-0.65513396,-0.71785885,-2.8872056,-0.18109499
444,TRANSFER,9047.03,C101115,242456.27,233409.25,C100049,25653.92,34700.94,12,479,0,3,1,1,0.6052021322372643,0.03731406904841026,0,0.0,-2.4726143,-1.100336,-3.4902234,-0.18067527,-0.8811334,-2.4775429,-0.11422103
444,TRANSFER,33286.62,C100481,39943.94,6657.32,C100037,326395.74,359682.36,12,525,0,1,1,1,0.5473051985511334,0.8333334167836223,0,0.0,-2.5863402,-1.2650838,-3.8894126,0.24856035,-0.7431547,-2.7366734,-0.1278737
445,TRANSFER,58351.57,C101773,190100.29,131748.73,C101862,23848.8,82200.36,13,611,0,1,1,1,0.5815463581230026,0.30695150438749985,0,0.0,-2.5863402,-1.2650838,-3.8894126,0.24856035,-0.74875313,-2.7310748,-0.1278737
445,TRANSFER,20480.11,C100873,24576.13,4096.02,C101885,105595.6,126075.72,13,440,0,0,1,1,0.3664340400672102,0.8333334011498149,5,0.0,-2.3709981,-1.4680284,-3.8880417,-0.6531912,-0.72292453,-2.884705,-0.15977167
445,TRANSFER,64736.89,C100349,242643.46,177906.57,C100684,16603.24,81340.13,13,467,0,0,1,1,1.0605741876698194,0.26679841278227734,0,0.0,-2.3502975,-1.4680284,-3.8880417,-0.65513396,-0.7234573,-2.881607,-0.18109499
445,TRANSFER,16224.53,C100857,114851.84,98627.32,C100461,20418.54,36643.07,13,443,0,2,1,1,0.26100866301842435,0.1412648678506152,2,0.0,-2.6095324,-1.0964509,-3.5718427,-0.5416926,-0.80398566,-2.7364674,-0.10091261
445,TRANSFER,8972.47,C100329,327619.72,318647.25,C100743,11711.88,20684.35,13,666,0,0,1,1,0.17548412805261362,0.027386843502582813,0,0.0,-2.3502975,-1.4680284,-3.8880417,-0.65513396,-0.7234573,-2.881607,-0.18109499
445,TRANSFER,10597.9,C101908,28318.74,17720.83,C101276,312797.78,323395.68,13,679,0,1,1,1,0.2003560517976169,0.37423628311146606,0,0.0,-2.5863402,-1.2650838,-3.8894126,0.24856035,-0.74875313,-2.7310748,-0.1278737
445,TRANSFER,7268.64,C101583,91674.69,84406.05,C100371,74152.3,81420.94,13,531,0,0,1,1,1.1411232416393722,0.07928731474303322,0,0.0,-2.3502975,-1.4680284,-3.8880417,-0.65513396,-0.7234573,-2.881607,-0.18109499
445,TRANSFER,60299.52,C100381,254844.47,194544.94,C100583,148415.39,208714.91,13,593,0,0,1,1,0.5280935295241226,0.23661302126744205,0,0.0,-2.3502975,-1.4680284,-3.8880417,-0.65513396,-0.7234573,-2.881607,-0.18109499
445,TRANSFER,62539.1,C101198,337630.74,275091.63,C101833,38959.33,101498.44,13,469,0,0,1,1,0.6499753809633163,0.18522928332888172,0,0.0,-2.3502975,-1.4680284,-3.8880417,-0.65513396,-0.7234573,-2.881607,-0.18109499
445,TRANSFER,3344.05,C101591,497220.01,493875.96,C100860,16943.38,20287.43,13,719,0,2,1,1,1.0108500311533033,0.006725493609961514,0,0.0,-2.5951092,-1.0964509,-3.5718427,-0.5404966,-0.8045183,-2.7364674,-0.11599915
445,TRANSFER,7544.21,C101540,122083.34,114539.13,C101878,20698.42,28242.64,13,548,0,1,1,1,0.8107590229894941,0.06179557341730657,0,0.0,-2.5863402,-1.2650838,-3.8894126,0.24856035,-0.74875313,-2.7310748,-0.1278737
445,TRANSFER,1323959.84,C101407,733325.89,0.0,C100794,369699.14,1693658.98,9,84,0,5,1,1,11.072426026927056,1.8054181068119661,361,0.4,1.0059758,-0.76031655,0.32929537,-0.7483474,-1.4070213,-3.8781128,-0.09580003
445,TRANSFER,45071.98,C100434,73781.05,28709.06,C100512,127956.5,173028.48,13,572,0,0,1,1,0.45137918922824144,0.6108882971982643,0,0.0,-2.3502975,-1.4680284,-3.8880417,-0.65513396,-0.7234573,-2.881607,-0.18109499
446,TRANSFER,22505.95,C101992,68466.06,45960.11,C101800,67310.61,89816.56,14,497,0,2,1,1,0.38717432454741374,0.32871688541738786,0,0.0,-2.5602853,-1.4538914,-3.986817,-0.50354797,-0.80678326,-1.1343645,-0.061919503
446,TRANSFER,2371.6,C101875,159867.19,157495.59,C101681,193658.08,196029.68,14,539,0,1,1,1,1.0863167129523972,0.014834813822648662,0,0.0,-2.5515163,-1.6225241,-4.3043866,0.33615515,-0.74669296,-1.0783259,-0.07379407
446,TRANSFER,21202.47,C100507,151835.85,130633.38,C101372,16770.06,37972.53,14,570,0,2,1,1,0.28815501803765986,0.1396407370196169,0,0.0,-2.5602853,-1.4538914,-3.986817,-0.50354797,-0.80678326,-1.1343645,-0.061919503
446,TRANSFER,38960.96,C100210,254860.64,215899.69,C100848,253581.14,292542.09,14,591,0,3,1,1,0.27136068733963387,0.15287162427277903,0,0.0,-2.4605145,-1.4577758,-3.9051976,-0.5044342,-0.88899666,-1.2305487,-0.060141392
446,TRANSFER,122386.48,C100190,235936.51,113550.03,C101644,71055.03,193441.51,14,656,0,0,1,1,1.5630778433505481,0.5187263302318068,0,0.0,-2.3154733,-1.8254687,-4.3030157,-0.5675392,-0.721397,-1.2288578,-0.12701531
446,TRANSFER,19882.25,C101864,23858.69,3976.45,C100187,56268.44,76150.69,14,462,0,0,1,1,1.206452607759698,0.8333336826120797,0,0.0,-2.3154733,-1.8254687,-4.3030157,-0.5675392,-0.721397,-1.2288578,-0.12701531
446,TRANSFER,9058.17,C100868,106671.32,97613.15,C101919,158610.66,167668.82,14,524,0,0,1,1,1.1791167879442719,0.0849166392616122,0,0.0,-2.3154733,-1.8254687,-4.3030157,-0.5675392,-0.721397,-1.2288578,-0.12701531
446,TRANSFER,15951.77,C100279,19142.12,3190.35,C101183,194444.24,210396.01,14,443,0,1,1,1,0.2144928358601909,0.8333335074693922,3,0.0,-2.5659394,-1.6225241,-4.3043866,0.3349591,-0.7461602,-1.0783259,-0.058707535
446,TRANSFER,40588.88,C101625,1117417.46,1076828.58,C100031,54602.67,95191.55,14,572,0,0,1,1,0.9751753835492357,0.03632382833896295,0,0.0,-2.3154733,-1.8254687,-4.3030157,-0.5675392,-0.721397,-1.2288578,-0.12701531
446,TRANSFER,3747.67,C101719,138278.52,134530.86,C101005,56668.53,60416.2,14,696,0,0,1,1,1.0153455301843726,0.027102329414575743,0,0.0,-2.3154733,-1.8254687,-4.3030157,-0.5675392,-0.721397,-1.2288578,-0.12701531
446,TRANSFER,25819.94,C100979,1559065.07,1533245.13,C101078,21794.92,47614.86,14,697,0,0,1,1,1.2515185825023645,0.016561168931839385,0,0.0,-2.3154733,-1.8254687,-4.3030157,-0.5675392,-0.721397,-1.2288578,-0.12701531
446,TRANSFER,10254.39,C101134,52480.24,42225.85,C100364,2060142.29,2070396.69,14,502,0,1,1,1,0.09431029150506978,0.19539525733876217,0,0.0,-2.5515163,-1.6225241,-4.3043866,0.33615515,-0.74669296,-1.0783259,-0.07379407
446,TRANSFER,20226.48,C101284,40594.22,20367.75,C101944,435591.72,455818.19,14,422,0,1,1,1,1.4084529328186446,0.49826009712712793,24,0.0,-2.5659394,-1.6050063,-4.3043866,0.3349591,-0.7461602,-1.0875572,0.015508667
446,TRANSFER,8441.96,C101961,493020.13,484578.16,C101474,20518.58,28960.54,14,700,0,1,1,1,0.15671104163237703,0.017122951957357194,0,0.0,-2.5515163,-1.6225241,-4.3043866,0.33615515,-0.74669296,-1.0783259,-0.07379407
446,TRANSFER,518.76,C100504,425606.39,425087.62,C100895,23098.47,23617.23,14,710,0,0,1,1,0.005744334971311101,0.001218872677170096,0,0.0,-2.3154733,-1.8254687,-4.3030157,-0.5675392,-0.721397,-1.2288578,-0.12701531
447,TRANSFER,5972.83,C101450,14800.66,8827.83,C101521,103611.51,109584.34,15,601,0,2,1,1,0.04302237635046256,0.4035515983746671,0,0.0,-2.5470753,-1.326078,-3.986817,-0.40315503,-0.81106037,-1.3642987,-0.06912399
447,TRANSFER,11815.78,C101707,202063.05,190247.27,C101917,45181.57,56997.36,15,455,0,2,1,1,0.7178754253012524,0.058475708448427366,0,0.0,-2.5470753,-1.326078,-3.986817,-0.40315503,-0.81106037,-1.3642987,-0.06912399
447,TRANSFER,2094963.02,C100872,27218.74,0.0,MULE88105,0.0,2094963.02,16,322,1,3,0,1,17.88235960646878,2.0,125,100.0,4.190803,0.6970915,2.0052466,-0.29042852,4.332633,-0.43372926,0.0097243115
447,TRANSFER,10869.86,C100266,204872.29,194002.43,C101896,19115.46,29985.31,15,583,0,0,1,1,0.691318302035042,0.05305676038472553,0,0.0,-2.3022633,-1.6976554,-4.3030157,-0.5784466,-0.73515767,-1.5700923,-0.1342198
447,TRANSFER,7697.09,C100897,108482.18,100785.09,C101489,74257.07,81954.16,15,707,0,0,1,1,0.13787876921313674,0.07095257488372746,0,0.0,-2.3022633,-1.6976554,-4.3030157,-0.5784466,-0.73515767,-1.5700923,-0.1342198
447,TRANSFER,96598.25,C100176,175823.23,79224.98,C100924,43848.86,140447.11,15,575,0,1,1,1,1.3467734253459729,0.549405502333224,0,0.0,-2.5383062,-1.4947108,-4.3043866,0.3252477,-0.76045364,-1.4195604,-0.08099857
447,TRANSFER,29282.01,C100939,40099.95,10817.95,C100471,58695.64,87977.65,15,492,0,0,1,1,0.8740652203711037,0.7302255987850359,0,0.0,-2.3022633,-1.6976554,-4.3030157,-0.5784466,-0.73515767,-1.5700923,-0.1342198
447,TRANSFER,12413.29,C101918,128752.9,116339.61,C100500,191701.0,204114.29,15,441,0,1,1,1,0.1951001112879229,0.09641173130857636,6,0.0,-2.5527294,-1.4947108,-4.3043866,0.32405165,-0.7599209,-1.4226583,-0.062814094
447,TRANSFER,31623.71,C101542,82056.23,50432.52,C101724,87471.34,119095.05,15,610,0,1,1,1,1.907060579036759,0.3853907253599148,0,0.0,-2.5383062,-1.4947108,-4.3043866,0.3252477,-0.76045364,-1.4195604,-0.08099857
447,TRANSFER,1073444.28,C101118,36718.76,0.0,C100255,23886.28,1097330.55,12,330,0,0,1,1,14.211083472969275,2.0,117,0.3,-0.5966883,-0.26345307,1.7393938,-0.42691737,-1.0983355,-4.8730097,-0.257218
447,TRANSFER,1011395.06,C100395,24543.27,0.0,C101795,80380.0,1091775.06,18,-421,0,4,1,1,20.6049751895364,2.0,868,0.0,-0.43454245,-1.1281276,1.6343292,-1.559267,-1.5679443,-5.4994564,0.5005877
447,TRANSFER,8338.65,C100036,56666.2,48327.55,C100337,268721.46,277060.11,15,586,0,1,1,1,0.7079712708048679,0.14715385891413224,0,0.0,-2.5383062,-1.4947108,-4.3043866,0.3252477,-0.76045364,-1.4195604,-0.08099857
447,TRANSFER,15277.25,C100643,31313.23,16035.98,C101030,87570.42,102847.66,15,445,0,1,1,1,0.3097645338475356,0.4878848333436059,2,0.0,-2.5527294,-1.4947108,-4.3043866,0.32405165,-0.7599209,-1.4195604,-0.06591203
447,TRANSFER,27580.31,C100857,114851.84,87271.53,C101155,38879.82,66460.13,15,443,0,2,1,1,0.4436923497157501,0.240138164090362,4,0.0,-2.5614984,-1.326078,-3.986817,-0.40435106,-0.8105276,-1.3673966,-0.050939515
447,TRANSFER,3546.4,C101015,50008.3,46461.9,C101399,54545.59,58091.99,15,626,0,0,1,1,0.04425076922816972,0.07091622790616757,0,0.0,-2.3022633,-1.6976554,-4.3030157,-0.5784466,-0.73515767,-1.5700923,-0.1342198
447,TRANSFER,12287.9,C101771,19679.27,7391.37,C101040,447596.32,459884.22,15,615,0,1,1,1,0.8168076280152891,0.6244083240892574,0,0.0,-2.5383062,-1.4947108,-4.3043866,0.3252477,-0.76045364,-1.4195604,-0.08099857
447,TRANSFER,10161.02,C101808,87672.56,77511.54,C101584,143029.02,153190.04,15,716,0,0,1,1,0.7032529545645162,0.11589737997841058,0,0.0,-2.3022633,-1.6976554,-4.3030157,-0.5784466,-0.73515767,-1.5700923,-0.1342198
447,TRANSFER,52964.84,C101664,80610.88,27646.04,C101270,361399.97,414364.81,15,536,0,1,1,1,0.4260594168129028,0.6570433172296344,0,0.0,-2.5383062,-1.4947108,-4.3043866,0.3252477,-0.76045364,-1.4195604,-0.08099857
448,TRANSFER,1427986.05,C101048,286868.68,0.0,C101440,1065241.79,2493227.84,11,178,0,0,1,1,12.364005113379944,2.0,270,1.2,0.15717967,-0.05256085,1.7666075,-0.5268146,-0.9789771,-4.3900814,-0.4145668
448,TRANSFER,12857.88,C100795,222065.57,209207.68,C100098,11273.69,24131.57,16,537,0,0,1,1,0.2729882427974741,0.05790127663644571,0,0.0,-2.4084365,-1.8530564,-4.405692,-0.42836732,-0.6958916,-0.017503984,-0.10854335
448,TRANSFER,57954.69,C100837,130197.36,72242.68,C101795,80380.0,138334.69,16,570,0,0,1,1,0.5276631602585559,0.4451295325803841,0,0.0,-2.4084365,-1.8530564,-4.405692,-0.42836732,-0.6958916,-0.017503984,-0.10854335
448,TRANSFER,16846.72,C101699,22649.15,5802.43,C100197,100396.89,117243.61,16,700,0,1,1,1,1.1013797630771613,0.7438124609532808,0,0.0,-2.6360533,-1.6033297,-4.407063,0.29044488,-0.70494294,-0.051854037,-0.073058784
448,TRANSFER,13290.71,C100053,3044740.12,3031449.4,C100584,171486.94,184777.65,16,660,0,1,1,1,1.2893019363009026,0.004365137737929501,0,0.0,-2.6360533,-1.6033297,-4.407063,0.29044488,-0.70494294,-0.051854037,-0.073058784
448,TRANSFER,16543.52,C101156,2436604.56,2420061.04,C100443,239816.9,256360.43,16,711,0,0,1,1,1.2367108257639499,0.006789579348074437,0,0.0,-2.4084365,-1.8530564,-4.405692,-0.42836732,-0.6958916,-0.017503984,-0.10854335
448,TRANSFER,14757.29,C100478,246367.37,231610.08,C101139,1052454.0,1067211.29,16,568,0,0,1,1,0.09132622872308785,0.059899531338098874,0,0.0,-2.4084365,-1.8530564,-4.405692,-0.42836732,-0.6958916,-0.017503984,-0.10854335
448,TRANSFER,19081.2,C101422,354043.34,334962.15,C100163,211103.93,230185.13,16,680,0,1,1,1,1.0705552762167758,0.053895096572075044,0,0.0,-2.6360533,-1.6033297,-4.407063,0.29044488,-0.70494294,-0.051854037,-0.073058784
448,TRANSFER,16711.31,C101936,416514.16,399802.85,C101903,74811.61,91522.92,16,606,0,1,1,1,1.287036050907929,0.040121829231447984,0,0.0,-2.6360533,-1.6033297,-4.407063,0.29044488,-0.70494294,-0.051854037,-0.073058784
448,TRANSFER,19884.09,C100196,79509.48,59625.39,C100281,100310.61,120194.7,16,713,0,1,1,1,0.7606755633976987,0.2500845182234873,0,0.0,-2.6360533,-1.6033297,-4.407063,0.29044488,-0.70494294,-0.051854037,-0.073058784
448,TRANSFER,598.88,C100390,9386.1,8787.23,C100041,217955.24,218554.11,16,601,0,0,1,1,0.0159178398263793,0.06380498822727224,0,0.0,-2.4084365,-1.8530564,-4.405692,-0.42836732,-0.6958916,-0.017503984,-0.10854335
448,TRANSFER,4080.11,C100037,326395.74,322315.63,C101010,1675674.49,1679754.6,16,440,0,0,1,1,0.7348658320658141,0.012500500159714096,8,0.0,-2.4291375,-1.8594708,-4.405692,-0.4264245,-0.695359,-0.020601923,-0.08080576
448,TRANSFER,11308.26,C100471,58695.64,47387.38,C100868,106671.32,117979.58,16,622,0,1,1,1,1.217910286024299,0.19265928440340715,0,0.0,-2.6360533,-1.6033297,-4.407063,0.29044488,-0.70494294,-0.051854037,-0.073058784
448,TRANSFER,13922.5,C100044,18864.19,4941.69,C101699,22649.15,36571.65,16,558,0,1,1,1,0.8730736802697263,0.7380385799761348,0,0.0,-2.6360533,-1.6033297,-4.407063,0.29044488,-0.70494294,-0.051854037,-0.073058784
448,TRANSFER,20382.51,C100859,33936.68,13554.17,C101201,398791.89,419174.39,16,537,0,0,1,1,0.7680440234742826,0.6006041250941458,0,0.0,-2.4084365,-1.8530564,-4.405692,-0.42836732,-0.6958916,-0.017503984,-0.10854335
449,TRANSFER,24406.8,C101145,154321.08,129914.29,C100944,84244.5,108651.3,17,489,0,1,1,1,0.9810877674151339,0.15815596935946793,0,0.0,-2.6324522,-1.3125136,-4.015815,0.2991896,-0.6647574,-3.069403,-0.08520533
449,TRANSFER,2636.37,C101170,353999.71,351363.34,C101335,70428.69,73065.07,17,462,0,1,1,1,0.04171389125251719,0.007447378982316115,0,0.0,-2.6324522,-1.3125136,-4.015815,0.2991896,-0.6647574,-3.069403,-0.08520533
449,TRANSFER,15600.48,C100044,18864.19,3263.71,C101441,104382.34,119982.82,17,558,0,2,1,1,0.978299047410613,0.8269891259577008,0,0.0,-2.6796932,-1.1438808,-3.698245,-0.6355463,-0.73324513,-3.2204752,-0.07220097
449,TRANSFER,4178.57,C100965,14473.3,10294.73,C100393,142994.17,147172.74,17,502,0,0,1,1,0.06061552067050749,0.28870886390802375,0,0.0,-2.4048355,-1.5622406,-4.014444,-0.41962254,-0.65570605,-3.0350525,-0.120689884
449,TRANSFER,7918.58,C100749,242733.32,234814.73,C101961,493020.13,500938.71,17,710,0,0,1,1,1.3277906020673484,0.032622550542298845,0,0.0,-2.4048355,-1.5622406,-4.014444,-0.41962254,-0.65570605,-3.0350525,-0.120689884
449,TRANSFER,11115.43,C100286,227973.8,216858.37,C100707,3184.91,14300.34,17,484,0,1,1,1,0.671789884322206,0.04875748879915148,0,0.0,-2.6324522,-1.3125136,-4.015815,0.2991896,-0.6647574,-3.069403,-0.08520533
449,TRANSFER,1334687.95,C101006,9242.62,0.0,C100958,123160.05,1457848.0,14,-238,0,1,1,1,18.130644105010617,2.0,687,35.6,1.3945111,-1.3679953,1.8923974,0.3586398,-1.183456,-2.146057,0.42511418
449,TRANSFER,12168.7,C101570,235826.01,223657.31,C100657,31550.87,43719.58,17,584,0,2,1,1,0.9307074602185403,0.05160033026043226,0,0.0,-2.6796932,-1.1438808,-3.698245,-0.6355463,-0.73324513,-3.2204752,-0.07220097
449,TRANSFER,12348.8,C101771,19679.27,7330.47,C100185,100790.72,113139.52,17,615,0,2,1,1,0.8208558042330424,0.6275029510749128,0,0.0,-2.6796932,-1.1438808,-3.698245,-0.6355463,-0.73324513,-3.2204752,-0.07220097
449,TRANSFER,26112.07,C100804,35361.12,9249.05,C101535,19873.36,45985.43,17,715,0,0,1,1,0.21148224341952393,0.738440128593212,0,0.0,-2.4048355,-1.5622406,-4.014444,-0.41962254,-0.65570605,-3.0350525,-0.120689884
449,TRANSFER,5454.48,C100428,96741.32,91286.84,C101343,252345.36,257799.83,17,442,0,0,1,1,1.6445418768016686,0.056382112627778896,7,0.0,-2.4255364,-1.568655,-4.014444,-0.41767973,-0.65517336,-3.0381505,-0.092952326
449,TRANSFER,32011.37,C101625,1117417.46,1085406.09,C100059,26596.26,58607.63,17,572,0,1,1,1,0.7690948855372827,0.02864763720445177,0,0.0,-2.6324522,-1.3125136,-4.015815,0.2991896,-0.6647574,-3.069403,-0.08520533
449,TRANSFER,40529.52,C101244,176689.12,136159.59,C100824,99808.43,140337.95,17,537,0,1,1,1,0.9406515420114157,0.22938322404910952,0,0.0,-2.6324522,-1.3125136,-4.015815,0.2991896,-0.6647574,-3.069403,-0.08520533
449,TRANSFER,6092.21,C101122,225298.84,219206.63,C100467,482629.81,488722.02,17,465,0,0,1,1,1.0194932881349013,0.02704057419913924,0,0.0,-2.4048355,-1.5622406,-4.014444,-0.41962254,-0.65570605,-3.0350525,-0.120689884
449,TRANSFER,24556.42,C100048,111603.53,87047.11,C101871,28805.51,53361.93,17,674,0,2,1,1,0.4708997148654481,0.2200326459207876,0,0.0,-2.6796932,-1.1438808,-3.698245,-0.6355463,-0.73324513,-3.2204752,-0.07220097
450,TRANSFER,16058.27,C100750,157912.32,141854.05,C100779,29347.34,45405.62,18,592,0,2,1,1,1.0587703951465377,0.10169105235107685,0,0.0,-2.6809976,-1.1438808,-3.698245,-0.6368506,-0.73324513,-3.2178664,-0.07220097
450,TRANSFER,3681.68,C101760,57933.68,54252.01,C101897,846680.16,850361.84,18,620,0,0,1,1,0.05720404116213357,0.06354990741137106,0,0.0,-2.412985,-1.5622406,-4.014444,-0.41750395,-0.65570605,-3.0290215,-0.120689884
450,TRANSFER,2724.07,C100445,2245304.17,2242580.1,C100956,186739.13,189463.19,18,640,0,0,1,1,0.9061492519259411,0.001213229831573332,0,0.0,-2.412985,-1.5622406,-4.014444,-0.41750395,-0.65570605,-3.0290215,-0.120689884
450,TRANSFER,17025.34,C101334,105603.5,88578.16,C100016,95444.51,112469.85,18,552,0,0,1,1,0.927326101369071,0.16121946715781202,0,0.0,-2.412985,-1.5622406,-4.014444,-0.41750395,-0.65570605,-3.0290215,-0.120689884
450,TRANSFER,222126.31,C101616,412467.35,190341.04,C100697,117566.14,339692.46,18,586,0,0,1,1,0.8266760414637151,0.5385306497593082,0,0.0,-2.412985,-1.5622406,-4.014444,-0.41750395,-0.65570605,-3.0290215,-0.120689884
450,TRANSFER,25056.59,C101082,130008.15,104951.56,C101919,158610.66,183667.24,18,671,0,0,1,1,0.19095508075902892,0.1927309172540337,0,0.0,-2.412985,-1.5622406,-4.014444,-0.41750395,-0.65570605,-3.0290215,-0.120689884
450,TRANSFER,18435.93,C100574,90412.52,71976.58,C101537,66044.34,84480.27,18,447,0,0,1,1,1.296239732138031,0.2039090382615151,3,0.0,-2.433686,-1.5622406,-4.014444,-0.4155612,-0.65517336,-3.0290215,-0.10246453
450,TRANSFER,1231721.89,C100203,203974.43,0.0,C100692,91492.86,1323214.75,15,133,0,0,1,1,16.54364432678812,2.0,317,5.1,-0.90437084,0.65160316,1.8732728,-0.29975373,-1.1976178,-2.9065115,-0.18598096
450,TRANSFER,15205.88,C101156,2436604.56,2421398.68,C100607,77979.55,93185.43,18,711,0,1,1,1,1.1367155485209635,0.0062406022912474554,0,0.0,-2.6337564,-1.3125136,-4.015815,0.2978854,-0.6647574,-3.0667942,-0.08520533
450,TRANSFER,1651041.75,C101045,63056.3,0.0,MULE572531,0.0,1651041.75,2,-335,1,4,0,1,13.718873271643636,2.0,785,100.0,3.3542433,0.19380645,2.1165247,-0.14911485,2.5559592,2.530363,0.22616617
450,TRANSFER,1248966.94,C101563,80511.12,0.0,C101857,99947.73,1348914.68,11,176,0,4,1,1,12.013340750692043,2.0,274,0.1,-1.0742669,-0.16699658,1.6051348,-1.1526666,-1.5781413,-4.4669313,-0.2968388
450,TRANSFER,1197.98,C100950,24255.26,23057.28,C100502,331174.94,332372.92,18,624,0,0,1,1,0.5505097519185448,0.049390523952330345,0,0.0,-2.412985,-1.5622406,-4.014444,-0.41750395,-0.65570605,-3.0290215,-0.120689884
451,TRANSFER,16822.93,C100677,181750.74,164927.81,C100134,37851.77,54674.7,19,514,0,0,1,1,0.7663016109277442,0.09256044844714251,0,0.0,-2.412985,-1.5622406,-4.014444,-0.41750395,-0.65570605,-3.0290215,-0.120689884
451,TRANSFER,68813.14,C100642,82575.76,13762.63,C101928,17657.81,86470.94,19,648,0,1,1,1,0.515065892960465,0.833333414067276,0,0.0,-2.6337564,-1.3125136,-4.015815,0.2978854,-0.6647574,-3.0667942,-0.08520533
451,TRANSFER,1441.53,C101281,248283.0,246841.47,C100148,63751.45,65192.98,19,609,0,0,1,1,0.9382087673150097,0.005805995577627143,0,0.0,-2.412985,-1.5622406,-4.014444,-0.41750395,-0.65570605,-3.0290215,-0.120689884
451,TRANSFER,7438.23,C101722,303194.72,295756.49,C100656,136188.51,143626.74,19,644,0,0,1,1,0.0516220002427692,0.024532848065428055,0,0.0,-2.412985,-1.5622406,-4.014444,-0.41750395,-0.65570605,-3.0290215,-0.120689884
451,TRANSFER,17255.07,C100677,181750.74,164495.67,C100494,365416.08,382671.15,19,514,0,0,1,1,0.7859860284546741,0.0949381003895775,0,0.0,-2.412985,-1.5622406,-4.014444,-0.41750395,-0.65570605,-3.0290215,-0.120689884
451,TRANSFER,10010.41,C101017,351030.05,341019.64,C100676,646245.95,656256.36,19,703,0,0,1,1,1.0534645993766496,0.02851724517601841,0,0.0,-2.412985,-1.5622406,-4.014444,-0.41750395,-0.65570605,-3.0290215,-0.120689884
451,TRANSFER,12804.56,C101211,91691.15,78886.6,C101242,134786.88,147591.43,19,446,0,0,1,1,0.2629133026919921,0.13964881016324912,5,0.0,-2.433686,-1.5622406,-4.014444,-0.4155612,-0.65517336,-3.0321195,-0.09936658
451,TRANSFER,1386993.31,C101123,190105.45,0.0,C101646,544549.53,1931542.84,11,561,0,0,1,1,15.069661374786293,2.0,0,3.0,-0.1288439,1.4910374,1.776414,-0.5092597,-0.9963012,-4.706025,-0.43314755
451,TRANSFER,639.09,C100644,560436.06,559796.97,C101364,176809.25,177448.34,19,665,0,0,1,1,0.06901165672021706,0.0011403441812791275,0,0.0,-2.412985,-1.5622406,-4.014444,-0.41750395,-0.65570605,-3.0290215,-0.120689884
451,TRANSFER,8761.78,C101686,23034.25,14272.47,C100193,103173.43,111935.2,19,570,0,0,1,1,1.085844397275035,0.3803805203121439,0,0.0,-2.412985,-1.5622406,-4.014444,-0.41750395,-0.65570605,-3.0290215,-0.120689884
451,TRANSFER,27655.27,C100613,61656.18,34000.91,C101620,146375.24,174030.52,19,473,0,1,1,1,1.338317359141287,0.44854011390261284,0,0.0,-2.6337564,-1.3125136,-4.015815,0.2978854,-0.6647574,-3.0667942,-0.08520533
451,TRANSFER,7556.73,C100554,157447.15,149890.42,C100587,536163.48,543720.21,19,572,0,0,1,1,0.05305886491068408,0.047995343199289414,0,0.0,-2.412985,-1.5622406,-4.014444,-0.41750395,-0.65570605,-3.0290215,-0.120689884
451,TRANSFER,4253.82,C100962,142247.34,137993.52,C100166,2885414.43,2889668.25,19,527,0,0,1,1,0.059234138884914925,0.029904390479287696,0,0.0,-2.412985,-1.5622406,-4.014444,-0.41750395,-0.65570605,-3.0290215,-0.120689884
451,TRANSFER,7309.13,C100505,297541.33,290232.2,C100035,238996.42,246305.55,19,434,0,0,1,1,0.09516715107289757,0.02456509151182459,17,0.0,-2.433686,-1.5701944,-4.014444,-0.4155612,-0.65517336,-3.0319183,-0.09161406
451,TRANSFER,25741.76,C101033,151532.35,125790.59,C100710,92896.97,118638.72,19,554,0,0,1,1,1.2454275757905042,0.16987633333740285,0,0.0,-2.412985,-1.5622406,-4.014444,-0.41750395,-0.65570605,-3.0290215,-0.120689884
451,TRANSFER,62785.28,C101110,130894.11,68108.83,C100721,464127.99,526913.27,19,535,0,1,1,1,0.9594655888882371,0.4796646694033826,0,0.0,-2.6337564,-1.3125136,-4.015815,0.2978854,-0.6647574,-3.0667942,-0.08520533
451,TRANSFER,1679.64,C100428,96741.32,95061.68,C101117,82135.27,83814.91,19,442,0,1,1,1,0.5064164352882686,0.017362177816056264,9,0.0,-2.6481798,-1.318928,-4.015815,0.29668936,-0.6642246,-3.0698922,-0.060606603
451,TRANSFER,2587.89,C101436,45177.34,42589.45,C101432,65573.31,68161.2,19,554,0,1,1,1,0.3409733774876417,0.05728292103961854,0,0.0,-2.6337564,-1.3125136,-4.015815,0.2978854,-0.6647574,-3.0667942,-0.08520533
451,TRANSFER,19534.58,C101115,242456.27,222921.7,C100093,263686.65,283221.23,19,479,0,3,1,1,1.30676801871547,0.08056949816146228,0,0.0,-2.5813951,-1.1477658,-3.6166258,-0.64815307,-0.7941816,-3.3244667,-0.07069887
452,TRANSFER,27153.14,C100108,37881.42,10728.28,C101092,304021.09,331174.23,20,458,0,0,1,1,0.9111286521560794,0.716793087481937,0,0.0,-2.44557,-1.9975752,-5.029045,-0.41750395,-0.60858834,-1.5936172,-0.120689884
452,TRANSFER,16301.09,C100938,60991.76,44690.67,C101009,239799.26,256100.36,20,568,0,0,1,1,0.1421279032009404,0.2672670865703826,0,0.0,-2.44557,-1.9975752,-5.029045,-0.41750395,-0.60858834,-1.5936172,-0.120689884
452,TRANSFER,10137.85,C101686,23034.25,12896.4,C100994,55134.15,65271.99,20,570,0,1,1,1,1.2563802815084049,0.4401206898423001,0,0.0,-2.6663413,-1.7478483,-5.0304165,0.2978854,-0.61763954,-1.6313902,-0.08520533
452,TRANSFER,1292697.05,C100335,109271.79,0.0,MULE428292,0.0,1292697.05,3,582,1,0,1,1,8.935651248922467,2.0,0,99.8,0.25781602,-0.008831598,2.2990131,-0.33951402,-0.50843596,4.80573,-0.23258962
452,TRANSFER,17150.97,C100087,56298.8,39147.83,C100483,94561.94,111712.91,20,544,0,0,1,1,1.4510299259392219,0.30464183961292246,0,0.0,-2.44557,-1.9975752,-5.029045,-0.41750395,-0.60858834,-1.5936172,-0.120689884
452,TRANSFER,9156.34,C101084,56106.9,46950.55,C100789,57562.11,66718.46,20,540,0,0,1,1,0.10628697688916551,0.1631945446994933,0,0.0,-2.44557,-1.9975752,-5.029045,-0.41750395,-0.60858834,-1.5936172,-0.120689884
452,TRANSFER,17947.74,C101334,105603.5,87655.76,C101144,61246.78,79194.52,20,552,0,1,1,1,0.97756683640889,0.1699540261449668,0,0.0,-2.6663413,-1.7478483,-5.0304165,0.2978854,-0.61763954,-1.6313902,-0.08520533
452,TRANSFER,46786.16,C101708,83245.76,36459.6,C101374,97739.8,144525.96,20,476,0,1,1,1,1.2558864204358546,0.562024540348962,0,0.0,-2.6663413,-1.7478483,-5.0304165,0.2978854,-0.61763954,-1.6313902,-0.08520533
452,TRANSFER,1151323.1,C100436,30341.68,0.0,C101128,41300.37,1192623.47,14,-217,0,0,1,1,13.149045575524308,2.0,669,13.6,-0.58068264,0.045445785,1.8854305,-0.24531005,-1.1034243,-2.787088,0.9021832
452,TRANSFER,1310880.68,C100125,124469.74,0.0,C101704,184763.56,1495644.24,14,607,0,1,1,1,18.118306482821293,2.0,0,30.5,1.4577326,-1.276263,1.8923974,0.37833667,-1.1897249,-2.0122044,-0.11085256
452,TRANSFER,7464.21,C101619,71779.3,64315.09,C100306,1006971.05,1014435.26,20,571,0,1,1,1,1.2458236653728996,0.1039883364702637,0,0.0,-2.6663413,-1.7478483,-5.0304165,0.2978854,-0.61763954,-1.6313902,-0.08520533
452,TRANSFER,17876.04,C101189,21451.25,3575.21,C101761,245551.57,263427.61,20,545,0,1,1,1,1.416418062091939,0.8333332556377834,0,0.0,-2.6663413,-1.7478483,-5.0304165,0.2978854,-0.61763954,-1.6313902,-0.08520533
452,TRANSFER,31058.47,C101484,281872.72,250814.25,C101973,759906.98,790965.45,20,580,0,0,1,1,1.0909098105906467,0.11018615068531643,0,0.0,-2.44557,-1.9975752,-5.029045,-0.41750395,-0.60858834,-1.5936172,-0.120689884
452,TRANSFER,2467.75,C101574,47570.07,45102.32,C101198,337630.74,340098.49,20,629,0,0,1,1,0.04919641662646724,0.05187610613143937,0,0.0,-2.44557,-1.9975752,-5.029045,-0.41750395,-0.60858834,-1.5936172,-0.120689884
452,TRANSFER,2762.91,C101170,353999.71,351236.8,C100224,26381.28,29144.19,20,462,0,2,1,1,0.043716066895197664,0.0078048369022675175,0,0.0,-2.7135828,-1.5792158,-4.712847,-0.6368506,-0.6861274,-1.7824625,-0.07220097
452,TRANSFER,8631.25,C100511,765374.98,756743.74,C101929,39868.87,48500.12,20,515,0,0,1,1,0.9025785119127293,0.011277152017694646,0,0.0,-2.44557,-1.9975752,-5.029045,-0.41750395,-0.60858834,-1.5936172,-0.120689884
452,TRANSFER,72125.66,C100324,86550.79,14425.13,C101185,19119.6,91245.26,20,528,0,0,1,1,0.8626702345269943,0.8333333525898494,0,0.0,-2.44557,-1.9975752,-5.029045,-0.41750395,-0.60858834,-1.5936172,-0.120689884
452,TRANSFER,17911.21,C100368,34206.14,16294.93,C101382,940394.7,958305.91,20,593,0,1,1,1,0.14109873829933464,0.5236255830093661,0,0.0,-2.6663413,-1.7478483,-5.0304165,0.2978854,-0.61763954,-1.6313902,-0.08520533
452,TRANSFER,14457.37,C101594,62823.62,48366.24,C100440,107380.71,121838.08,20,709,0,1,1,1,0.7857254134144412,0.23012634419984077,0,0.0,-2.6663413,-1.7478483,-5.0304165,0.2978854,-0.61763954,-1.6313902,-0.08520533
452,TRANSFER,1761.15,C100408,5729.4,3968.24,C101399,54545.59,56306.74,20,716,0,1,1,1,0.042863765181377654,0.3073882081893392,0,0.0,-2.6663413,-1.7478483,-5.0304165,0.2978854,-0.61763954,-1.6313902,-0.08520533
453,TRANSFER,21876.62,C101838,67345.56,45468.94,C100498,51139.5,73016.12,21,680,0,1,1,1,0.22689060916315135,0.3248413109936275,0,0.0,-2.6663413,-1.7478483,-5.0304165,0.2978854,-0.61763954,-1.6313902,-0.08520533
453,TRANSFER,10481.35,C100977,84960.92,74479.58,C100211,319816.42,330297.76,21,536,0,0,1,1,0.1586383695826275,0.1233667196635818,0,0.0,-2.44557,-1.9975752,-5.029045,-0.41750395,-0.60858834,-1.5936172,-0.120689884
453,TRANSFER,11663.46,C100766,13996.16,2332.69,C100700,276137.01,287800.47,21,596,0,0,1,1,0.7969533095118285,0.833332857012209,0,0.0,-2.44557,-1.9975752,-5.029045,-0.41750395,-0.60858834,-1.5936172,-0.120689884
453,TRANSFER,10661.42,C100036,56666.2,46004.77,C100622,624576.48,635237.9,21,586,0,2,1,1,0.9051799830889214,0.18814425530563195,0,0.0,-2.7135828,-1.5792158,-4.712847,-0.6368506,-0.6861274,-1.7824625,-0.07220097
453,TRANSFER,5957.54,C101564,517898.64,511941.1,C100799,45602.9,51560.44,21,467,0,0,1,1,1.1083739830999058,0.011503293385748223,0,0.0,-2.44557,-1.9975752,-5.029045,-0.41750395,-0.60858834,-1.5936172,-0.120689884
453,TRANSFER,15342.87,C100074,105640.39,90297.51,C100064,68130.02,83472.89,21,453,0,2,1,1,1.042583919441142,0.14523677922809639,0,0.0,-2.7135828,-1.5792158,-4.712847,-0.6368506,-0.6861274,-1.7824625,-0.07220097
453,TRANSFER,14370.74,C101581,1161768.67,1147397.93,C101908,28318.74,42689.48,21,549,0,1,1,1,1.310032306996689,0.012369708678750995,0,0.0,-2.6663413,-1.7478483,-5.0304165,0.2978854,-0.61763954,-1.6313902,-0.08520533
453,TRANSFER,3939.82,C101961,493020.13,489080.31,C100071,0.0,3939.82,10,700,0,2,1,1,0.07313624988084186,0.007991195004552858,0,0.0,-2.7936113,-1.2726141,-3.6029925,-0.3931404,-0.77490693,-2.1016405,-0.14507683
453,TRANSFER,41826.58,C101857,99947.73,58121.16,C100375,5286.44,47113.02,21,572,0,0,1,1,1.1545377196503248,0.4184845418700355,0,0.0,-2.44557,-1.9975752,-5.029045,-0.41750395,-0.60858834,-1.5936172,-0.120689884
453,TRANSFER,10512.02,C100987,662121.66,651609.65,C101338,27044.84,37556.85,21,613,0,0,1,1,0.15493623023639191,0.015876266606351466,0,0.0,-2.44557,-1.9975752,-5.029045,-0.41750395,-0.60858834,-1.5936172,-0.120689884
453,TRANSFER,32537.07,C101618,149917.98,117380.91,C101355,3848.42,36385.49,21,578,0,1,1,1,0.5588222172533345,0.21703247335643128,0,0.0,-2.6663413,-1.7478483,-5.0304165,0.2978854,-0.61763954,-1.6313902,-0.08520533
453,TRANSFER,2903.25,C100428,96741.32,93838.08,C101813,73526.28,76429.53,21,442,0,2,1,1,0.8753384747628454,0.030010444347875344,11,0.0,-2.728006,-1.5871696,-4.712847,-0.6380466,-0.6855947,-1.7853594,-0.046263974
453,TRANSFER,8099.45,C101961,493020.13,484920.68,C100312,510191.57,518291.02,21,700,0,2,1,1,0.15035290929468467,0.01642823387353372,0,0.0,-2.7135828,-1.5792158,-4.712847,-0.6368506,-0.6861274,-1.7824625,-0.07220097
453,TRANSFER,4598.66,C100249,399834.71,395236.05,C101730,40826.95,45425.61,21,690,0,1,1,1,0.11083936376140055,0.01150140266711712,0,0.0,-2.6663413,-1.7478483,-5.0304165,0.2978854,-0.61763954,-1.6313902,-0.08520533
453,TRANSFER,10691.38,C101004,71794.84,61103.46,C100900,50385.64,61077.02,21,560,0,0,1,1,0.77628813968769,0.14891571594838848,0,0.0,-2.44557,-1.9975752,-5.029045,-0.41750395,-0.60858834,-1.5936172,-0.120689884
454,TRANSFER,22787.82,C101084,56106.9,33319.08,C100716,113314.3,136102.12,22,540,0,1,1,1,0.2645214679330894,0.40615004571630225,0,0.0,-2.6663413,-1.7478483,-5.0304165,0.2978854,-0.61763954,-1.6313902,-0.08520533
454,TRANSFER,12685.11,C101639,19628.27,6943.16,C100728,899421.21,912106.32,22,648,0,0,1,1,1.227168313115302,0.6462673480648066,0,0.0,-2.44557,-1.9975752,-5.029045,-0.41750395,-0.60858834,-1.5936172,-0.120689884
454,TRANSFER,3027.86,C101961,493020.13,489992.27,C101037,0.0,3027.86,10,700,0,4,1,1,0.05620721900092031,0.006141453088335359,0,0.0,-2.6716356,-1.2687308,-3.4894824,0.007267342,-0.85414916,-1.8412664,-0.14329872
454,TRANSFER,3855.6,C101961,493020.13,489164.53,C101406,0.0,3855.6,10,700,0,4,1,1,0.07157284470878716,0.007820370336602685,0,0.0,-2.6716356,-1.2687308,-3.4894824,0.007267342,-0.85414916,-1.8412664,-0.14329872
454,TRANSFER,789.05,C101961,493020.13,492231.08,C101847,0.0,789.05,10,700,0,4,1,1,0.014647409772141434,0.0016004417507252695,0,0.0,-2.6716356,-1.2687308,-3.4894824,0.007267342,-0.85414916,-1.8412664,-0.14329872
454,TRANSFER,1540.63,C101281,248283.0,246742.38,C100011,832858.81,834399.44,22,609,0,1,1,1,1.0027072438232458,0.0062051368800924754,0,0.0,-2.6663413,-1.7478483,-5.0304165,0.2978854,-0.61763954,-1.6313902,-0.08520533
454,TRANSFER,60538.87,C101244,176689.12,116150.25,C101823,76660.14,137199.01,22,537,0,1,1,1,1.4050494902759432,0.34262930281162757,0,0.0,-2.6663413,-1.7478483,-5.0304165,0.2978854,-0.61763954,-1.6313902,-0.08520533
454,TRANSFER,9809.21,C100287,1518018.67,1508209.46,C101032,22574.84,32384.05,22,559,0,0,1,1,0.18260737117064213,0.0064618506964739765,0,0.0,-2.44557,-1.9975752,-5.029045,-0.41750395,-0.60858834,-1.5936172,-0.120689884
454,TRANSFER,4564.04,C101058,44080.94,39516.9,C101318,385512.8,390076.84,22,624,0,1,1,1,0.31631281732796884,0.103537719476944,0,0.0,-2.6663413,-1.7478483,-5.0304165,0.2978854,-0.61763954,-1.6313902,-0.08520533
454,TRANSFER,33554.31,C101008,71362.24,37807.93,C100484,87521.77,121076.07,22,617,0,0,1,1,0.3694222343508125,0.47019698372696817,0,0.0,-2.44557,-1.9975752,-5.029045,-0.41750395,-0.60858834,-1.5936172,-0.120689884
454,TRANSFER,28397.29,C101103,349120.81,320723.52,C100038,29958.33,58355.62,22,713,0,0,1,1,0.2793352611564511,0.08133943662653624,0,0.0,-2.44557,-1.9975752,-5.029045,-0.41750395,-0.60858834,-1.5936172,-0.120689884
455,TRANSFER,1161245.67,C101588,37813.11,0.0,C100292,418001.78,1579247.44,19,528,0,0,1,1,17.486428162957043,2.0,0,0.9,-0.70958674,0.5584679,1.7813165,-0.12093354,-1.093366,-5.016705,-0.09293416
455,TRANSFER,18347.14,C101115,242456.27,224109.14,C100364,2060142.29,2078489.43,23,479,0,4,1,1,1.227334080737612,0.07567195519422946,0,0.0,-2.5120735,-1.4029636,-4.599338,-0.65546775,-0.7130343,2.0904322,-0.047071267
455,TRANSFER,11336.21,C100181,130785.96,119449.75,C100663,17772.75,29108.96,23,620,0,0,1,1,0.682066141528787,0.08667757609455938,0,0.0,-2.3431442,-1.7738352,-5.029045,-0.35394764,-0.57753015,2.5014837,-0.08444215
455,TRANSFER,20592.87,C100357,145624.74,125031.86,C101014,322770.5,343363.37,23,484,0,1,1,1,1.1208556023195593,0.1414105185698529,0,0.1,-2.563915,-1.567181,-5.0304165,0.24583514,-0.58658135,2.3481047,-0.06157772
455,TRANSFER,3618.11,C101828,130920.78,127302.66,C101640,15260.04,18878.15,23,525,0,2,1,1,0.0845774170740707,0.027635872624651336,0,0.0,-2.6111565,-1.3985485,-4.712847,-0.6889008,-0.6550691,2.1970322,-0.04857337
455,TRANSFER,1147.25,C101640,15260.04,14112.78,C101069,35796.86,36944.11,23,563,0,0,1,1,0.4040344158552179,0.07518001263430502,0,0.0,-2.3431442,-1.7738352,-5.029045,-0.35394764,-0.57753015,2.5014837,-0.08444215
455,TRANSFER,6776.98,C100153,27154.91,20377.94,C100700,276137.01,282913.98,23,673,0,0,1,1,0.07271312008630619,0.24956738947026522,0,0.0,-2.3431442,-1.7738352,-5.029045,-0.35394764,-0.57753015,2.5014837,-0.08444215
455,TRANSFER,60561.21,C100349,242643.46,182082.26,C101265,158604.88,219166.09,23,467,0,1,1,1,0.9921646853911478,0.24958929451467599,0,0.1,-2.563915,-1.567181,-5.0304165,0.24583514,-0.58658135,2.3481047,-0.06157772
455,TRANSFER,20395.61,C100047,179424.09,159028.49,C101576,148385.68,168781.29,23,555,0,0,1,1,1.3271140392227632,0.11367264005630459,0,0.0,-2.3431442,-1.7738352,-5.029045,-0.35394764,-0.57753015,2.5014837,-0.08444215
455,TRANSFER,599.9,C101381,145781.13,145181.23,C100237,88589.54,89189.44,23,679,0,0,1,1,0.016453798649296626,0.004115073055065494,0,0.0,-2.3431442,-1.7738352,-5.029045,-0.35394764,-0.57753015,2.5014837,-0.08444215
455,TRANSFER,16000.64,C101906,19200.76,3200.13,C101932,150477.92,166478.55,23,488,0,1,1,1,0.10619910352768026,0.8333336805418119,0,0.1,-2.563915,-1.567181,-5.0304165,0.24583514,-0.58658135,2.3481047,-0.06157772
455,TRANSFER,17270.81,C100643,31313.23,14042.41,C101491,31370.59,48641.41,23,445,0,1,1,1,0.3501863495602518,0.5515499359216536,10,0.1,-2.5783384,-1.5751348,-5.0304165,0.24463908,-0.58604866,2.345208,-0.035640705
455,TRANSFER,8149.45,C100643,31313.23,23163.78,C100851,549686.19,557835.64,23,445,0,1,1,1,0.16523985536427035,0.2602558088066929,10,0.1,-2.5783384,-1.5751348,-5.0304165,0.24463908,-0.58604866,2.345208,-0.035640705
455,TRANSFER,14153.87,C101156,2436604.56,2422450.7,C101556,76584.05,90737.91,23,711,0,2,1,1,1.0580725417236234,0.005808849836511839,0,0.0,-2.6111565,-1.3985485,-4.712847,-0.6889008,-0.6550691,2.1970322,-0.04857337
455,TRANSFER,1208638.37,C101961,493020.13,0.0,C100739,524649.19,1733287.56,10,700,0,7,1,1,22.436374718614914,2.0,0,0.8,-0.99104,0.1620672,1.5975404,-0.8110061,-1.6191134,-2.982805,-0.18694928
455,TRANSFER,2284.4,C101309,57948.97,55664.57,C101461,18121.07,20405.47,23,560,0,0,1,1,0.2906573243009008,0.03942089048347192,0,0.0,-2.3431442,-1.7738352,-5.029045,-0.35394764,-0.57753015,2.5014837,-0.08444215
455,TRANSFER,2187.21,C101281,248283.0,246095.79,C100145,42911.0,45098.21,23,609,0,2,1,1,1.4235288880280412,0.008809342564734597,0,0.0,-2.6111565,-1.3985485,-4.712847,-0.6889008,-0.6550691,2.1970322,-0.04857337
456,TRANSFER,3040.97,C101327,106613.37,103572.4,C101490,23043.94,26084.91,0,707,0,0,1,1,1.138544356118922,0.028523345617908896,0,0.0,-2.9275367,-1.8225812,-5.6584744,-0.4786451,-0.53900033,2.4156675,-0.16548668
456,TRANSFER,2944.31,C101330,100991.28,98046.97,C101334,105603.5,108547.81,0,617,0,1,1,1,1.2909162515900756,0.02915410122537312,0,0.0,-3.154489,-1.6310449,-5.658995,0.23644252,-0.54399574,2.3775933,-0.13000211
456,TRANSFER,3317.88,C100776,192354.33,189036.45,C101184,225959.19,229277.07,0,559,0,1,1,1,0.6784732733725609,0.017248792891743067,0,0.0,-3.154489,-1.6310449,-5.658995,0.23644252,-0.54399574,2.3775933,-0.13000211
456,TRANSFER,13944.48,C101618,149917.98,135973.5,C101180,30198.09,44142.57,0,578,0,1,1,1,0.23949560400013822,0.09301406008805614,0,0.0,-3.154489,-1.6310449,-5.658995,0.23644252,-0.54399574,2.3775933,-0.13000211
456,TRANSFER,951.8,C100390,9386.1,8434.3,C101674,19279.15,20230.95,0,601,0,1,1,1,0.025298223261334185,0.10140526949425213,0,0.0,-3.154489,-1.6310449,-5.658995,0.23644252,-0.54399574,2.3775933,-0.13000211
456,TRANSFER,46974.5,C101708,83245.76,36271.26,C100395,24543.27,71517.77,0,476,0,2,1,1,1.260942053307304,0.5642869979203746,0,0.0,-3.1631603,-1.496302,-5.413605,-0.23514885,-0.57324165,2.6896653,-0.11812753
456,TRANSFER,7885.72,C101789,54641.95,46756.24,C101758,158964.78,166850.49,0,621,0,0,1,1,0.07638746206062944,0.14431622590335816,0,0.0,-2.9275367,-1.8225812,-5.6584744,-0.4786451,-0.53900033,2.4156675,-0.16548668
456,TRANSFER,4825.87,C100071,18246.03,13420.16,C101208,336064.84,340890.71,0,608,0,0,1,1,0.04975447573408138,0.2644887682416394,0,0.0,-2.9275367,-1.8225812,-5.6584744,-0.4786451,-0.53900033,2.4156675,-0.16548668
456,TRANSFER,4287.47,C101466,506333.03,502045.56,C101638,131242.98,135530.45,0,687,0,0,1,1,1.1310082016144711,0.008467687758785952,0,0.0,-2.9275367,-1.8225812,-5.6584744,-0.4786451,-0.53900033,2.4156675,-0.16548668
456,TRANSFER,12030.43,C101632,45100.31,33069.89,C100573,122945.65,134976.08,0,474,0,1,1,1,0.7444757515354502,0.26674827734000056,0,0.0,-3.154489,-1.6310449,-5.658995,0.23644252,-0.54399574,2.3775933,-0.13000211
456,TRANSFER,14198.55,C100818,243639.9,229441.35,C101407,733325.89,747524.43,0,460,0,0,1,1,0.2299583997998186,0.05827678471383382,0,0.0,-2.9275367,-1.8225812,-5.6584744,-0.4786451,-0.53900033,2.4156675,-0.16548668
456,TRANSFER,7150.35,C101564,517898.64,510748.28,C101739,55887.91,63038.27,0,467,0,1,1,1,1.330291011064703,0.013806466068341095,0,0.0,-3.154489,-1.6310449,-5.658995,0.23644252,-0.54399574,2.3775933,-0.13000211
456,TRANSFER,51554.72,C101517,91847.91,40293.19,C100729,21648.33,73203.05,0,482,0,0,1,1,0.49796361752680696,0.5613053144050856,0,0.0,-2.9275367,-1.8225812,-5.6584744,-0.4786451,-0.53900033,2.4156675,-0.16548668
457,TRANSFER,12154.41,C100087,56298.8,44144.39,C100662,65064.91,77219.31,1,544,0,1,1,1,1.0283040925460738,0.2158911024746531,0,0.0,-3.154489,-1.6310449,-5.658995,0.23644252,-0.54399574,2.3775933,-0.13000211
457,TRANSFER,8812.86,C100488,515701.55,506888.69,C100174,147568.96,156381.81,1,470,0,0,1,1,1.5966514071634472,0.017089070219005548,0,0.0,-2.9275367,-1.8225812,-5.6584744,-0.4786451,-0.53900033,2.4156675,-0.16548668
457,TRANSFER,1464948.87,C101407,733325.89,0.0,MULE240316,0.0,1464948.87,4,84,1,6,1,1,12.251533246133343,1.9976778264299384,373,99.0,0.90238273,0.10283915,0.39142305,-0.38885298,-0.80902666,4.6546836,-0.25329828
457,TRANSFER,91141.78,C101258,109370.14,18228.36,C100203,203974.43,295116.21,1,679,0,0,1,1,1.2727827314597584,0.8333333028557885,0,0.0,-2.9275367,-1.8225812,-5.6584744,-0.4786451,-0.53900033,2.4156675,-0.16548668
457,TRANSFER,5026.48,C101693,20196.33,15169.85,C100054,153237.05,158263.53,1,547,0,0,1,1,0.5998309104749304,0.24888086102772133,0,0.0,-2.9275367,-1.8225812,-5.6584744,-0.4786451,-0.53900033,2.4156675,-0.16548668
457,TRANSFER,7417.09,C100171,27089.46,19672.37,C101193,23939.54,31356.63,1,596,0,0,1,1,0.11877565395685122,0.2737998468777156,0,0.0,-2.9275367,-1.8225812,-5.6584744,-0.4786451,-0.53900033,2.4156675,-0.16548668
457,TRANSFER,3113.06,C100697,117566.14,114453.08,C101535,19873.36,22986.42,1,571,0,1,1,1,0.09357910761912386,0.026479222674147505,0,0.0,-3.154489,-1.6310449,-5.658995,0.23644252,-0.54399574,2.3775933,-0.13000211
457,TRANSFER,38532.11,C101921,67551.81,29019.7,C101100,29166.62,67698.73,1,496,0,2,1,1,1.0400532945886598,0.5704082540497435,0,0.0,-3.1631603,-1.496302,-5.413605,-0.23514885,-0.57324165,2.6896653,-0.11812753
457,TRANSFER,5168.41,C101199,59759.17,54590.76,C101216,20326.69,25495.1,1,542,0,1,1,1,1.060699178503155,0.08648731232378228,0,0.0,-3.154489,-1.6310449,-5.658995,0.23644252,-0.54399574,2.3775933,-0.13000211
457,TRANSFER,16202.6,C100987,662121.66,645919.06,C101235,190032.9,206235.51,1,613,0,1,1,1,0.23880945470310785,0.024470729442682783,0,0.0,-3.154489,-1.6310449,-5.658995,0.23644252,-0.54399574,2.3775933,-0.13000211
457,TRANSFER,8560.53,C101404,16013.22,7452.68,C100507,151835.85,160396.39,1,719,0,0,1,1,1.1831703239737785,0.5345914188401834,0,0.0,-2.9275367,-1.8225812,-5.6584744,-0.4786451,-0.53900033,2.4156675,-0.16548668
457,TRANSFER,19734.06,C100044,23680.87,3946.81,C100142,2532663.64,2552397.7,1,558,0,2,1,1,1.2375139803098292,0.8333334037136305,0,0.0,-3.1631603,-1.496302,-5.413605,-0.23514885,-0.57324165,2.6896653,-0.11812753
457,TRANSFER,40073.95,C101439,994519.88,954445.93,C101123,190105.45,230179.4,1,647,0,0,1,1,0.910843112794425,0.04029477017593655,0,0.0,-2.9275367,-1.8225812,-5.6584744,-0.4786451,-0.53900033,2.4156675,-0.16548668
458,TRANSFER,1459.34,C101281,248283.0,246823.67,C100529,51514.57,52973.91,2,609,0,3,1,1,0.9498002695007985,0.005877728237535393,0,0.0,-3.1830635,-1.5458571,-5.402201,-0.16540456,-0.62895447,2.5949473,-0.116349414
458,TRANSFER,44325.77,C101890,53190.92,8865.15,C101134,52480.24,96806.01,2,660,0,0,1,1,1.2471401502797703,0.8333333960006708,0,0.0,-2.9705603,-1.8473557,-5.6584744,-0.4786451,-0.53900033,2.3465033,-0.16548668
458,TRANSFER,14357.38,C101688,2307746.1,2293388.72,C101870,100815.19,115172.57,2,699,0,0,1,1,1.1793876811419128,0.006221386312818381,0,0.0,-2.9705603,-1.8473557,-5.6584744,-0.4786451,-0.53900033,2.3465033,-0.16548668
458,TRANSFER,1607854.14,C100071,18246.03,0.0,MULE243689,0.0,1607854.14,3,608,1,1,1,1,16.576894900312748,2.0,0,100.0,4.37074,0.8276914,2.4045799,0.1168335,-0.38252717,3.3664346,-0.19608787
458,TRANSFER,45279.51,C100190,235936.51,190657.01,C100493,39561.44,84840.95,2,656,0,1,1,1,0.5782942596173171,0.1919139602429484,0,0.0,-3.1975121,-1.6558194,-5.658995,0.23644252,-0.54399574,2.3084285,-0.13000211
458,TRANSFER,18274.75,C100347,43039.62,24764.87,C100856,91746.0,110020.75,2,494,0,1,1,1,0.7713432713546274,0.42460295885512,0,0.0,-3.1975121,-1.6558194,-5.658995,0.23644252,-0.54399574,2.3084285,-0.13000211
458,TRANSFER,1434638.42,C100547,1115449.07,0.0,C101343,252345.36,1686983.78,13,218,0,0,1,1,18.78799587387581,1.2861532261620872,240,0.2,0.022194711,-0.37340102,0.50644124,-0.6077314,-1.2654614,-4.0816765,-0.34301305
458,TRANSFER,1053427.21,C100606,29988.94,0.0,C100044,18864.19,1072291.41,13,39,0,3,1,1,15.594905710844936,2.0,419,1.0,-0.5418692,1.6666723,1.6300933,-1.2449092,-1.5352865,-4.664016,0.0063995
458,TRANSFER,26203.11,C100777,56581.62,30378.51,C100678,11753.46,37956.57,2,464,0,0,1,1,0.21491553304660008,0.46310285919703253,0,0.0,-2.9705603,-1.8473557,-5.6584744,-0.4786451,-0.53900033,2.3465033,-0.16548668
458,TRANSFER,18909.99,C100809,22691.99,3782.0,C100902,336201.76,355111.76,2,544,0,0,1,1,0.13786008699223962,0.8333332598859774,0,0.0,-2.9705603,-1.8473557,-5.6584744,-0.4786451,-0.53900033,2.3465033,-0.16548668
458,TRANSFER,9997.58,C100613,61656.18,51658.6,C101687,164880.67,174878.25,2,473,0,2,1,1,0.4838113988185162,0.16215049326766595,0,0.0,-3.2061844,-1.5210766,-5.413605,-0.23514885,-0.57324165,2.6205006,-0.11812753
458,TRANSFER,56393.25,C100378,103897.2,47503.95,C100764,51513.3,107906.55,2,453,0,0,1,1,0.9226719409242573,0.542779304928333,5,0.0,-2.991261,-1.8473557,-5.6584744,-0.47670233,-0.53846765,2.364261,-0.12330755
458,TRANSFER,8498.35,C101017,351030.05,342531.71,C100440,107380.71,115879.05,2,703,0,1,1,1,0.8943400797881955,0.024209750703679075,0,0.0,-3.1975121,-1.6558194,-5.658995,0.23644252,-0.54399574,2.3084285,-0.13000211
459,TRANSFER,2768.33,C100445,2245304.17,2242535.85,C101973,759906.98,762675.31,3,640,0,1,1,1,0.9208721356588268,0.0012329420828537455,0,0.0,-3.1975121,-1.6558194,-5.658995,0.23644252,-0.54399574,2.3084285,-0.13000211
459,TRANSFER,12411.78,C101864,14894.14,2482.36,C101814,391793.75,404205.53,3,462,0,1,1,1,0.7531453607081524,0.8333331095316683,0,0.0,-3.1975121,-1.6558194,-5.658995,0.23644252,-0.54399574,2.3084285,-0.13000211
459,TRANSFER,1033097.83,C101475,205436.16,0.0,C101143,134085.38,1167183.21,8,-135,0,1,1,1,12.148582033393518,2.0,594,1.6,-0.9564121,0.0683916,1.6156045,0.17160541,-1.0809913,-5.0037622,1.0262116
459,TRANSFER,11475.28,C101972,130811.77,119336.49,C101608,253677.77,265153.05,3,526,0,0,1,1,0.12926055679095302,0.08772360468786562,0,0.0,-2.9705603,-1.8473557,-5.6584744,-0.4786451,-0.53900033,2.3465033,-0.16548668
459,TRANSFER,21388.0,C101146,269072.98,247684.98,C101873,23056.62,44444.62,3,644,0,0,1,1,1.0913138271957008,0.0794877285708881,0,0.0,-2.9705603,-1.8473557,-5.6584744,-0.4786451,-0.53900033,2.3465033,-0.16548668
459,TRANSFER,1641411.9,C101902,15886.47,0.0,MULE960542,0.0,1641411.9,10,-316,1,2,0,1,13.476966797389075,2.0,775,100.0,4.957425,0.055360384,1.9668524,-0.6809538,3.4609692,-1.6580737,0.2588697
459,TRANSFER,234734.22,C100846,281681.07,46946.84,C100241,37526.69,272260.91,3,554,0,1,1,1,0.7312120449932253,0.8333333155827617,0,0.0,-3.1975121,-1.6558194,-5.658995,0.23644252,-0.54399574,2.3084285,-0.13000211
459,TRANSFER,1112142.65,C100601,536907.11,0.0,C101735,57789.0,1169931.65,17,-62,0,0,1,1,20.090513172862902,2.0,521,0.3,-0.4097529,-0.8629451,1.7574463,-0.1590035,-1.1897131,-5.091634,0.14944325
459,TRANSFER,1776.79,C100950,24255.26,22478.47,C100959,1025952.68,1027729.47,3,624,0,1,1,1,0.8164912787453472,0.07325380144348072,0,0.0,-3.1975121,-1.6558194,-5.658995,0.23644252,-0.54399574,2.3084285,-0.13000211
459,TRANSFER,6447.1,C101297,91756.38,85309.28,C100089,173058.29,179505.39,3,450,0,0,1,1,0.11459166866518039,0.0702632340116295,9,0.0,-2.991261,-1.8537701,-5.6584744,-0.47670233,-0.53846765,2.364261,-0.1168933
459,TRANSFER,22050.57,C100157,37371.2,15320.63,C100659,169359.4,191409.97,3,714,0,1,1,1,0.3267321097293398,0.5900417968917242,0,0.0,-3.1975121,-1.6558194,-5.658995,0.23644252,-0.54399574,2.3084285,-0.13000211
459,TRANSFER,3313.26,C100112,294632.96,291319.7,C101775,0.0,3313.26,12,702,0,0,1,1,0.06641593705727906,0.011245381372131618,0,0.0,-2.3502975,-1.4680284,-3.8880417,-0.65513396,-0.71785885,-2.8872056,-0.18109499
459,TRANSFER,48687.75,C101055,58425.3,9737.55,C101515,68502.58,117190.32,3,645,0,0,1,1,0.828195394253642,0.8333333333333333,0,0.0,-2.9705603,-1.8473557,-5.6584744,-0.4786451,-0.53900033,2.3465033,-0.16548668
459,TRANSFER,8385.06,C101377,70610.55,62225.49,C100428,96741.32,105126.38,3,617,0,0,1,1,0.16517719337885506,0.11875080990022029,0,0.0,-2.9705603,-1.8473557,-5.6584744,-0.4786451,-0.53900033,2.3465033,-0.16548668
459,TRANSFER,60065.57,C100991,695844.58,635779.01,C100286,227973.8,288039.37,3,577,0,0,1,1,0.6373213014314791,0.08632038206002841,0,0.0,-2.9705603,-1.8473557,-5.6584744,-0.4786451,-0.53900033,2.3465033,-0.16548668
459,TRANSFER,1452663.52,C101503,23657.12,0.0,C101881,533886.55,1986550.07,8,-133,0,1,1,1,19.400126662891154,2.0,592,3.7,-0.052657556,-0.49461436,1.6456513,0.04328801,-1.0715781,-3.78672,0.43511876
459,TRANSFER,7099.39,C101211,91691.15,84591.76,C101385,164612.37,171711.76,3,446,0,1,1,1,0.14577026246887842,0.07742721080496864,13,0.0,-3.2119353,-1.6626129,-5.658995,0.23524648,-0.54346305,2.3258073,-0.08378953
459,TRANSFER,10006.44,C101448,51742.83,41736.39,C100619,721329.52,731335.96,3,719,0,0,1,1,0.13926154419036066,0.19338795346137813,0,0.0,-2.9705603,-1.8473557,-5.6584744,-0.4786451,-0.53900033,2.3465033,-0.16548668
460,TRANSFER,16649.13,C100357,145624.74,128975.61,C100161,31801.09,48450.22,4,484,0,1,1,1,0.9062005749682607,0.11432899382343963,0,0.0,-3.2407174,-1.6998246,-5.658995,0.23644252,-0.5487397,2.1872785,-0.13000211
460,TRANSFER,11981.34,C101759,14377.6,2396.27,C100764,51513.3,63494.64,4,564,0,0,1,1,0.1261476307319279,0.8333337970175829,0,0.0,-3.013765,-1.8913609,-5.6584744,-0.4786451,-0.54374427,2.2253532,-0.16548668
460,TRANSFER,92049.3,C100378,110459.16,18409.86,C101411,8717.29,100766.59,4,453,0,1,1,1,1.5060544709113102,0.8333333333333334,7,0.0,-3.2551405,-1.706239,-5.658995,0.23524648,-0.5482069,2.2050364,-0.08454759
460,TRANSFER,3458.38,C100112,294632.96,291174.58,C100923,0.0,3458.38,12,702,0,1,1,1,0.06932493930453776,0.011737926401716902,0,0.0,-2.5863402,-1.2650838,-3.8894126,0.24856035,-0.7431547,-2.7366734,-0.1278737
460,TRANSFER,4497.74,C100112,294632.96,290135.22,C101485,0.0,4497.74,12,702,0,1,1,1,0.09015942507983264,0.015265569744810626,0,0.0,-2.5863402,-1.2650838,-3.8894126,0.24856035,-0.7431547,-2.7366734,-0.1278737
460,TRANSFER,4436.98,C100112,294632.96,290195.98,C101889,0.0,4436.98,12,702,0,1,1,1,0.08894146079824886,0.0150593470601524,0,0.0,-2.5863402,-1.2650838,-3.8894126,0.24856035,-0.7431547,-2.7366734,-0.1278737
460,TRANSFER,4445.6,C101719,138278.52,133832.92,C100453,36566.91,41012.51,4,696,0,1,1,1,1.2044337118763515,0.03214960646093117,0,0.0,-3.2407174,-1.6998246,-5.658995,0.23644252,-0.5487397,2.1872785,-0.13000211
460,TRANSFER,14445.94,C101134,52480.24,38034.3,C100385,47244.82,61690.76,4,502,0,1,1,1,0.13286024936293117,0.2752643661690572,0,0.0,-3.2407174,-1.6998246,-5.658995,0.23644252,-0.5487397,2.1872785,-0.13000211
460,TRANSFER,9598.74,C101677,205460.53,195861.79,C100176,175823.23,185421.97,4,460,0,0,1,1,0.5350719151799688,0.04671817015170748,0,0.0,-3.013765,-1.8913609,-5.6584744,-0.4786451,-0.54374427,2.2253532,-0.16548668
460,TRANSFER,12480.53,C100826,900387.76,887907.22,C101326,199246.3,211726.84,4,549,0,1,1,1,0.928629721822082,0.013861283498567328,0,0.0,-3.2407174,-1.6998246,-5.658995,0.23644252,-0.5487397,2.1872785,-0.13000211
460,TRANSFER,4794.82,C100610,13337.81,8542.99,C101293,191902.79,196697.61,4,534,0,0,1,1,0.09180474565064954,0.3594908009635765,0,0.0,-3.013765,-1.8913609,-5.6584744,-0.4786451,-0.54374427,2.2253532,-0.16548668
460,TRANSFER,10513.3,C101321,67793.07,57279.78,C100621,43490.15,54003.45,4,627,0,0,1,1,1.3952290326953098,0.15507927285193013,0,0.0,-3.013765,-1.8913609,-5.6584744,-0.4786451,-0.54374427,2.2253532,-0.16548668
460,TRANSFER,2813.35,C100540,175657.15,172843.81,C101727,210839.28,213652.63,4,713,0,1,1,1,1.1925180728999498,0.016016142810013713,0,0.0,-3.2407174,-1.6998246,-5.658995,0.23644252,-0.5487397,2.1872785,-0.13000211
460,TRANSFER,8245.14,C100625,81948.01,73702.86,C100402,138331.44,146576.58,4,621,0,1,1,1,1.1203057974749153,0.10061427971222242,0,0.0,-3.2407174,-1.6998246,-5.658995,0.23644252,-0.5487397,2.1872785,-0.13000211
460,TRANSFER,9927.94,C100713,25128.35,15200.4,C101719,138278.52,148206.46,4,527,0,0,1,1,0.6887144451175475,0.39508921198566566,0,0.0,-3.013765,-1.8913609,-5.6584744,-0.4786451,-0.54374427,2.2253532,-0.16548668
461,TRANSFER,3288.01,C100462,81999.39,78711.38,C101388,15381.05,18669.06,5,586,0,1,1,1,1.1864878640667218,0.04009798121668954,0,0.0,-2.5943441,-1.4646981,-3.7594745,0.19323318,-0.7246261,-2.5989926,-0.15695137
461,TRANSFER,17818.5,C101652,274822.08,257003.59,C101625,1117417.46,1135235.96,5,707,0,0,1,1,0.19183312379970205,0.0648364934869862,0,0.0,-2.3673913,-1.6530298,-3.7581031,-0.6128197,-0.6993303,-2.6518826,-0.21017267
461,TRANSFER,5852.47,C100047,179424.09,173571.63,C100366,378237.13,384089.59,5,555,0,1,1,1,0.38081210128699483,0.03261808378128043,0,0.0,-2.5943441,-1.4646981,-3.7594745,0.19323318,-0.7246261,-2.5989926,-0.15695137
461,TRANSFER,7489.7,C100366,378237.13,370747.42,C101363,32403.15,39892.86,5,646,0,0,1,1,0.09344731898736323,0.019801599065644347,0,0.0,-2.3673913,-1.6530298,-3.7581031,-0.6128197,-0.6993303,-2.6518826,-0.21017267
461,TRANSFER,124733.07,C100190,235936.51,111203.44,C101766,299430.93,424163.99,5,656,0,2,1,1,1.5930476801856952,0.528672183885402,0,0.0,-2.5982978,-1.2960657,-3.47151,-0.35090783,-0.76111835,-2.3594697,-0.14507683
461,TRANSFER,11100.39,C100536,34947.02,23846.63,C101562,21867.01,32967.4,5,635,0,1,1,1,0.12715157448040382,0.31763480834703506,0,0.0,-2.5943441,-1.4646981,-3.7594745,0.19323318,-0.7246261,-2.5989926,-0.15695137
461,TRANSFER,17483.4,C100374,64496.31,47012.91,C101534,173772.2,191255.61,5,691,0,1,1,1,0.2571255510950258,0.2710759731835822,0,0.0,-2.5943441,-1.4646981,-3.7594745,0.19323318,-0.7246261,-2.5989926,-0.15695137
461,TRANSFER,22360.69,C101677,205460.53,183099.84,C100140,88083.6,110444.29,5,460,0,1,1,1,1.2464737270772597,0.10883204671963027,1,0.0,-2.608767,-1.4646981,-3.7594745,0.19203712,-0.7240934,-2.5989926,-0.14186487
461,TRANSFER,18618.72,C101699,22649.15,4030.43,C100987,662121.66,680740.38,5,700,0,1,1,1,1.2172269392736392,0.8220493925820616,0,0.0,-2.5943441,-1.4646981,-3.7594745,0.19323318,-0.7246261,-2.5989926,-0.15695137
461,TRANSFER,44429.44,C100108,53315.32,8885.89,C100955,29093.17,73522.61,5,458,0,1,1,1,1.4908381050312929,0.8333334583755664,3,0.0,-2.608767,-1.4646981,-3.7594745,0.19203712,-0.7240934,-2.5989926,-0.14186487
461,TRANSFER,8611.24,C101523,14724.62,6113.37,C101101,52749.72,61360.97,5,658,0,0,1,1,0.8353335972678533,0.5848191668104168,0,0.0,-2.3673913,-1.6530298,-3.7581031,-0.6128197,-0.6993303,-2.6518826,-0.21017267
461,TRANSFER,4595.13,C101310,53776.77,49181.64,C100801,316084.67,320679.8,5,620,0,0,1,1,1.1678045768003569,0.08544823350305346,0,0.0,-2.3673913,-1.6530298,-3.7581031,-0.6128197,-0.6993303,-2.6518826,-0.21017267
461,TRANSFER,1048851.5,C100112,294632.96,0.0,C100915,1018169.89,2067021.39,12,702,0,4,1,1,21.02474759192841,2.0,0,0.1,-0.6627882,-0.3892939,1.595231,-0.96666384,-1.6922337,-4.43572,-0.14617425
462,TRANSFER,4005.21,C100742,36394.49,32389.28,C101211,91691.15,95696.36,6,555,0,0,1,1,0.8514879081517678,0.110049900410749,0,0.0,-2.3673913,-1.6530298,-3.7581031,-0.6128197,-0.6993303,-2.6518826,-0.21017267
462,TRANSFER,20589.64,C101409,94050.69,73461.05,C101763,200462.94,221052.58,6,528,0,0,1,1,0.18850916683995841,0.21892066926888043,0,0.0,-2.3673913,-1.6530298,-3.7581031,-0.6128197,-0.6993303,-2.6518826,-0.21017267
462,TRANSFER,32352.46,C100439,84483.92,52131.47,C101232,27164.17,59516.63,6,500,0,0,1,1,1.6094483155281114,0.38294222143101314,0,0.0,-2.3673913,-1.6530298,-3.7581031,-0.6128197,-0.6993303,-2.6518826,-0.21017267
462,TRANSFER,24530.93,C101033,151532.35,127001.42,C101909,16383.13,40914.06,6,554,0,1,1,1,1.186845681172793,0.16188576234711596,0,0.0,-2.5943441,-1.4646981,-3.7594745,0.19323318,-0.7246261,-2.5989926,-0.15695137
462,TRANSFER,22689.69,C100048,111603.53,88913.84,C101914,6739.15,29428.85,6,674,0,3,1,1,0.43510285910508983,0.2033062036657801,0,0.0,-2.475803,-1.2916518,-3.3898907,0.0047643343,-0.84333175,-2.099094,-0.14329872
462,TRANSFER,15944.03,C100287,1518018.67,1502074.65,C100754,360342.98,376287.0,6,559,0,1,1,1,0.29681262855682095,0.010503184391006207,0,0.0,-2.5943441,-1.4646981,-3.7594745,0.19323318,-0.7246261,-2.5989926,-0.15695137
462,TRANSFER,881.82,C101281,248283.0,247401.18,C101363,32403.15,33284.97,6,609,0,4,1,1,0.5739257977244469,0.00355167288940443,0,0.0,-2.4763227,-1.2921823,-3.3579998,0.049499918,-0.8403606,-2.099094,-0.14329872
462,TRANSFER,5683.74,C101170,353999.71,348315.98,C101212,229803.02,235486.75,6,462,0,2,1,1,0.08993081861331378,0.01605577586490113,0,0.0,-2.5982978,-1.2960657,-3.47151,-0.35090783,-0.76111835,-2.3594697,-0.14507683
462,TRANSFER,6308.65,C101564,517898.64,511589.99,C100726,33330.59,39639.24,6,467,0,2,1,1,1.173696446600983,0.012181244577124202,0,0.0,-2.5982978,-1.2960657,-3.47151,-0.35090783,-0.76111835,-2.3594697,-0.14507683
462,TRANSFER,5858.19,C100087,56298.8,50440.61,C100927,137610.66,143468.85,6,544,0,2,1,1,0.49562263836027287,0.10405532622364952,0,0.0,-2.5982978,-1.2960657,-3.47151,-0.35090783,-0.76111835,-2.3594697,-0.14507683
462,TRANSFER,23172.89,C100856,91746.0,68573.12,C101353,37539.09,60711.98,6,669,0,1,1,1,1.2662890247392589,0.252576570095699,0,0.0,-2.5943441,-1.4646981,-3.7594745,0.19323318,-0.7246261,-2.5989926,-0.15695137
463,TRANSFER,20824.21,C100434,73781.05,52956.83,C100577,31053.59,51877.8,7,572,0,1,1,1,0.20854675179831542,0.2822433402614899,0,0.0,-2.5943441,-1.4646981,-3.7594745,0.19323318,-0.7246261,-2.5989926,-0.15695137
463,TRANSFER,81431.54,C101539,97717.85,16286.31,C100247,40394.62,121826.16,7,445,0,0,1,1,1.5247836010488756,0.8333333162774251,18,0.0,-2.3880923,-1.6598232,-3.7581031,-0.61087686,-0.6987975,-2.634504,-0.16082121
463,TRANSFER,47649.42,C100674,74047.3,26397.88,C100839,108064.06,155713.48,7,481,0,0,1,1,0.6148564988327191,0.6434997629893324,0,0.0,-2.3673913,-1.6530298,-3.7581031,-0.6128197,-0.6993303,-2.6518826,-0.21017267
463,TRANSFER,6560.61,C101448,51742.83,45182.21,C101666,99853.83,106414.45,7,719,0,1,1,1,0.09130526735089822,0.12679263967587392,0,0.0,-2.5943441,-1.4646981,-3.7594745,0.19323318,-0.7246261,-2.5989926,-0.15695137
463,TRANSFER,7197.16,C100699,35088.24,27891.08,C100331,15321.17,22518.33,7,612,0,1,1,1,0.6242516665246233,0.20511601607832142,0,0.0,-2.5943441,-1.4646981,-3.7594745,0.19323318,-0.7246261,-2.5989926,-0.15695137
463,TRANSFER,18340.26,C100961,95518.95,77178.69,C100219,16602.78,34943.05,7,535,0,1,1,1,0.20334031308112224,0.19200650760922308,0,0.0,-2.5943441,-1.4646981,-3.7594745,0.19323318,-0.7246261,-2.5989926,-0.15695137
463,TRANSFER,19331.85,C101383,44236.64,24904.79,C100062,136958.74,156290.6,7,558,0,0,1,1,0.34891981204345346,0.43700990852831495,0,0.0,-2.3673913,-1.6530298,-3.7581031,-0.6128197,-0.6993303,-2.6518826,-0.21017267
463,TRANSFER,10301.17,C100268,12361.41,2060.23,C100328,120978.56,131279.74,7,675,0,0,1,1,0.6441106040869768,0.8333329288487317,0,0.0,-2.3673913,-1.6530298,-3.7581031,-0.6128197,-0.6993303,-2.6518826,-0.21017267
463,TRANSFER,6030.08,C100697,117566.14,111536.06,C100409,51903.53,57933.61,7,571,0,2,1,1,0.1812652198389772,0.05129095843412057,0,0.0,-2.5982978,-1.2960657,-3.47151,-0.35090783,-0.76111835,-2.3594697,-0.14507683
463,TRANSFER,46440.27,C101105,104150.26,57709.98,C100042,984347.09,1030787.37,7,620,0,0,1,1,1.7926848398082365,0.44589682253313623,0,0.0,-2.3673913,-1.6530298,-3.7581031,-0.6128197,-0.6993303,-2.6518826,-0.21017267
463,TRANSFER,44161.72,C101149,131528.54,87366.82,C100300,54815.78,98977.5,7,567,0,0,1,1,1.1929997444566174,0.3357576994316214,0,0.0,-2.3673913,-1.6530298,-3.7581031,-0.6128197,-0.6993303,-2.6518826,-0.21017267
463,TRANSFER,24518.14,C100372,86014.1,61495.96,C101823,76660.14,101178.28,7,680,0,0,1,1,0.7600631375595855,0.28504791656251705,0,0.0,-2.3673913,-1.6530298,-3.7581031,-0.6128197,-0.6993303,-2.6518826,-0.21017267
463,TRANSFER,5167.91,C101493,131892.52,126724.61,C100699,35088.24,40256.14,7,572,0,0,1,1,0.04759049337145646,0.03918273758056939,0,0.0,-2.3673913,-1.6530298,-3.7581031,-0.6128197,-0.6993303,-2.6518826,-0.21017267
463,TRANSFER,9850.57,C100066,314098.16,304247.58,C101221,109364.94,119215.51,7,482,0,0,1,1,1.0592344468487018,0.03136143809311077,0,0.0,-2.3673913,-1.6530298,-3.7581031,-0.6128197,-0.6993303,-2.6518826,-0.21017267
464,TRANSFER,7299.24,C100367,61985.42,54686.18,C100060,17389.02,24688.27,8,545,0,0,1,1,0.03836635796311122,0.11775736939428659,0,0.0,-2.3673913,-1.6530298,-3.7581031,-0.6128197,-0.6993303,-2.6518826,-0.21017267
464,TRANSFER,30203.16,C101928,36243.8,6040.63,C101687,164880.67,195083.83,8,694,0,0,1,1,0.9652220540646121,0.8333331493938273,0,0.0,-2.3673913,-1.6530298,-3.7581031,-0.6128197,-0.6993303,-2.6518826,-0.21017267
464,TRANSFER,4177.74,C101700,92914.14,88736.4,C100491,42526.37,46704.11,8,639,0,0,1,1,0.03223671568208795,0.04496344689839458,0,0.0,-2.3673913,-1.6530298,-3.7581031,-0.6128197,-0.6993303,-2.6518826,-0.21017267
464,TRANSFER,59012.8,C101258,70815.36,11802.56,C100201,79839.13,138851.92,8,679,0,1,1,1,0.8241058357110037,0.8333333333333334,0,0.0,-2.5943441,-1.4646981,-3.7594745,0.19323318,-0.7246261,-2.5989926,-0.15695137
464,TRANSFER,6697.59,C101125,192517.05,185819.46,C100727,80542.41,87240.0,8,576,0,0,1,1,0.631753677952574,0.03478959396063881,0,0.0,-2.3673913,-1.6530298,-3.7581031,-0.6128197,-0.6993303,-2.6518826,-0.21017267
464,TRANSFER,24984.36,C100386,29981.23,4996.87,C100696,178854.43,203838.79,8,716,0,0,1,1,0.1969805657551335,0.8333333889236699,0,0.0,-2.3673913,-1.6530298,-3.7581031,-0.6128197,-0.6993303,-2.6518826,-0.21017267
465,TRANSFER,9976.74,C101618,149917.98,139941.24,C100306,1006971.05,1016947.79,9,578,0,2,1,1,0.1713499085123532,0.06654798844007903,0,0.0,-2.5982978,-1.2840501,-3.47151,-0.35090783,-0.76111835,-2.3714848,-0.14507683
465,TRANSFER,2405.38,C101574,47570.07,45164.69,C101564,517898.64,520304.02,9,629,0,1,1,1,0.047953024668208596,0.050564987606703124,0,0.0,-2.5943441,-1.4526827,-3.7594745,0.19323318,-0.7246261,-2.6110082,-0.15695137
465,TRANSFER,19904.44,C101003,23885.32,3980.89,C101407,733325.89,753230.32,9,693,0,0,1,1,0.7822391927205888,0.8333336124447986,0,0.0,-2.3673913,-1.6410142,-3.7581031,-0.6128197,-0.6993303,-2.6638985,-0.21017267
465,TRANSFER,5510.95,C101619,71779.3,66268.35,C100777,56581.62,62092.57,9,571,0,1,1,1,0.9198122679676456,0.07677631294816192,0,0.0,-2.5943441,-1.4526827,-3.7594745,0.19323318,-0.7246261,-2.6110082,-0.15695137
465,TRANSFER,1163.31,C100538,206349.82,205186.51,C100888,61289.68,62452.99,9,588,0,0,1,1,0.00964184584469564,0.0056375624655257755,0,0.0,-2.3673913,-1.6410142,-3.7581031,-0.6128197,-0.6993303,-2.6638985,-0.21017267
465,TRANSFER,25371.91,C100137,272546.6,247174.69,C101950,41258.27,66630.17,9,549,0,0,1,1,0.9093191910736307,0.09309200701824936,0,0.0,-2.3673913,-1.6410142,-3.7581031,-0.6128197,-0.6993303,-2.6638985,-0.21017267
465,TRANSFER,50846.27,C101280,799983.39,749137.12,C100529,51514.57,102360.84,9,579,0,0,1,1,0.48581241558825133,0.06355915714700026,0,0.0,-2.3673913,-1.6410142,-3.7581031,-0.6128197,-0.6993303,-2.6638985,-0.21017267
465,TRANSFER,20296.07,C100454,60316.39,40020.32,C101580,214061.8,234357.87,9,605,0,0,1,1,1.6296906842332628,0.336493447303461,0,0.0,-2.3673913,-1.6410142,-3.7581031,-0.6128197,-0.6993303,-2.6638985,-0.21017267
465,TRANSFER,21228.03,C101885,105595.6,84367.57,C101243,134577.49,155805.52,9,592,0,1,1,1,1.1554304534068591,0.20103138767145598,0,0.0,-2.5943441,-1.4526827,-3.7594745,0.19323318,-0.7246261,-2.6110082,-0.15695137
465,TRANSFER,6445.14,C101722,303194.72,296749.58,C100792,38447.33,44892.47,9,644,0,1,1,1,0.04472986431512357,0.021257428229620887,0,0.0,-2.5943441,-1.4526827,-3.7594745,0.19323318,-0.7246261,-2.6110082,-0.15695137
465,TRANSFER,175250.94,C100676,646245.95,470995.01,C101586,28900.75,204151.68,9,476,0,0,1,1,1.1791006859927264,0.2711830379749382,0,0.0,-2.3673913,-1.6410142,-3.7581031,-0.6128197,-0.6993303,-2.6638985,-0.21017267
465,TRANSFER,21619.05,C101058,44080.94,22461.88,C101328,43975.06,65594.12,9,624,0,2,1,1,1.4983178529228982,0.4904398590411184,0,0.0,-2.5982978,-1.2840501,-3.47151,-0.35090783,-0.76111835,-2.3714848,-0.14507683
465,TRANSFER,1351.17,C101281,248283.0,246931.84,C100880,142442.86,143794.03,9,609,0,5,1,1,0.8793986529125455,0.005442056040888825,0,0.0,-2.4763227,-1.2452174,-3.3579998,0.10388696,-0.8349026,-2.1111095,-0.14329872
465,TRANSFER,7855.32,C101360,92306.1,84450.78,C101989,33200.66,41055.98,9,658,0,0,1,1,0.08282159397315313,0.08510076798824778,0,0.0,-2.3673913,-1.6410142,-3.7581031,-0.6128197,-0.6993303,-2.6638985,-0.21017267
465,TRANSFER,1154.95,C100390,9386.1,8231.15,C100094,110581.83,111736.78,9,601,0,2,1,1,0.030697817772302922,0.12304897667827959,0,0.0,-2.5982978,-1.2840501,-3.47151,-0.35090783,-0.76111835,-2.3714848,-0.14507683
465,TRANSFER,37913.88,C101460,111545.15,73631.27,C100174,147568.96,185482.84,9,696,0,0,1,1,1.0505346233448962,0.3398971627184149,0,0.0,-2.3673913,-1.6410142,-3.7581031,-0.6128197,-0.6993303,-2.6638985,-0.21017267
465,TRANSFER,11116.94,C100091,210088.64,198971.7,C100658,79544.5,90661.44,9,470,0,0,1,1,0.09256242462876225,0.052915474154147504,0,0.0,-2.3673913,-1.6410142,-3.7581031,-0.6128197,-0.6993303,-2.6638985,-0.21017267
466,TRANSFER,22145.07,C100856,91746.0,69600.93,C100925,290182.8,312327.87,10,669,0,2,1,1,1.2101235147227047,0.2413736838663266,0,0.0,-2.7936113,-1.2726141,-3.6029925,-0.3931404,-0.77490693,-2.1016405,-0.14507683
466,TRANSFER,27116.28,C101377,70610.55,43494.27,C101908,28318.74,55435.02,10,617,0,1,1,1,0.5341632648156579,0.38402589981242174,0,0.0,-2.7867017,-1.4412465,-3.890957,0.19856392,-0.7349593,-2.2936003,-0.15695137
466,TRANSFER,5604.05,C101040,447596.32,441992.27,C100755,23456.29,29060.34,10,488,0,1,1,1,0.1197625832077568,0.012520321882896625,0,0.0,-2.7867017,-1.4412465,-3.890957,0.19856392,-0.7349593,-2.2936003,-0.15695137
466,TRANSFER,5870.83,C101040,447596.32,441725.49,C101080,56404.27,62275.1,10,488,0,1,1,1,0.12546386387944342,0.013116350018248586,0,0.0,-2.7867017,-1.4412465,-3.890957,0.19856392,-0.7349593,-2.2936003,-0.15695137
466,TRANSFER,17715.97,C101398,21259.16,3543.19,C100762,52040.45,69756.41,10,636,0,0,1,1,0.25467994454028614,0.8333334901284906,0,0.0,-2.559749,-1.6295782,-3.8895862,-0.60748893,-0.70966333,-2.3464909,-0.21017267
466,TRANSFER,60650.14,C100976,72780.17,12130.03,C100051,22705.31,83355.45,10,654,0,0,1,1,1.4550365775233336,0.8333333104333227,0,0.0,-2.559749,-1.6295782,-3.8895862,-0.60748893,-0.70966333,-2.3464909,-0.21017267
466,TRANSFER,22329.71,C100339,271773.5,249443.79,C101227,91555.81,113885.52,10,496,0,0,1,1,0.20691773693483867,0.08216294083124366,0,0.0,-2.559749,-1.6295782,-3.8895862,-0.60748893,-0.70966333,-2.3464909,-0.21017267
466,TRANSFER,20558.22,C100818,243639.9,223081.69,C101239,24787.33,45345.54,10,460,0,1,1,1,0.3329590256704119,0.08437952896877729,6,0.0,-2.801125,-1.4412465,-3.890957,0.19736789,-0.73442656,-2.2758424,-0.11791114
466,TRANSFER,25095.57,C101103,349120.81,324025.24,C101780,154837.24,179932.81,10,713,0,1,1,1,0.2468572740504463,0.07188219459046283,0,0.0,-2.7867017,-1.4412465,-3.890957,0.19856392,-0.7349593,-2.2936003,-0.15695137
466,TRANSFER,7939.49,C100749,242733.32,234793.83,C100221,39260.46,47199.95,10,710,0,1,1,1,1.3312967990735323,0.032708694463537184,0,0.0,-2.7867017,-1.4412465,-3.890957,0.19856392,-0.7349593,-2.2936003,-0.15695137
466,TRANSFER,5824.66,C101382,940394.7,934570.04,C101435,185617.32,191441.98,10,659,0,0,1,1,0.5937013906483133,0.006193846052088554,0,0.0,-2.559749,-1.6295782,-3.8895862,-0.60748893,-0.70966333,-2.3464909,-0.21017267
466,TRANSFER,6325.95,C100521,837982.55,831656.6,C100803,30385.12,36711.06,10,588,0,0,1,1,1.252805392294473,0.00754902354470269,0,0.0,-2.559749,-1.6295782,-3.8895862,-0.60748893,-0.70966333,-2.3464909,-0.21017267
467,TRANSFER,2251703.13,C100513,259330.0,0.0,C101920,20648.72,2272351.84,3,-277,1,2,0,1,11.896230116667107,2.0,744,100.0,3.4259062,0.14770412,2.1271884,-0.6272033,2.110072,2.5061665,0.25690112
467,TRANSFER,3609.41,C100824,99808.43,96199.02,C101301,1171925.85,1175535.27,11,469,0,0,1,1,1.7109849441895455,0.036163378183586295,0,0.0,-2.3507016,-1.4610878,-3.8880417,-0.61479807,-0.71769863,-2.7883985,-0.18055879
467,TRANSFER,25419.06,C101618,149917.98,124498.92,C101488,109909.3,135328.36,11,578,0,3,1,1,0.43657082428428695,0.16955311164144554,0,0.0,-2.4711595,-1.1080083,-3.4902234,-0.17361224,-0.87845355,-2.4120092,-0.11368484
467,TRANSFER,24783.58,C101996,332366.15,307582.57,C101077,12451.23,37234.81,11,519,0,0,1,1,1.3208097302009618,0.0745671001694968,0,0.0,-2.3507016,-1.4610878,-3.8880417,-0.61479807,-0.71769863,-2.7883985,-0.18055879
467,TRANSFER,9812.1,C100460,21779.06,11966.96,C101991,28540.14,38352.24,11,497,0,0,1,1,0.5267937319593755,0.4505290861956393,0,0.0,-2.3507016,-1.4610878,-3.8880417,-0.61479807,-0.71769863,-2.7883985,-0.18055879
467,TRANSFER,28343.3,C101198,337630.74,309287.44,C101524,32710.56,61053.85,11,469,0,1,1,1,0.2945748694058207,0.08394762870229174,0,0.0,-2.5867443,-1.2727561,-3.8894126,0.2230149,-0.7429945,-2.703748,-0.1273375
467,TRANSFER,986625.98,C100071,18246.03,0.0,C101763,200462.94,1187088.93,11,608,0,2,1,1,10.172063976137828,2.0,0,0.1,-0.91289854,-1.0161375,1.695676,-1.1164457,-1.2800125,-4.473015,-0.20716287
467,TRANSFER,14915.8,C100386,17898.96,2983.16,C100210,254860.64,269776.44,11,716,0,1,1,1,0.11759847851577629,0.8333333333333334,0,0.0,-2.5867443,-1.2727561,-3.8894126,0.2230149,-0.7429945,-2.703748,-0.1273375
467,TRANSFER,7941.52,C100868,106671.32,98729.79,C101826,275154.44,283095.97,11,524,0,1,1,1,1.033760633085402,0.07444850218409221,0,0.0,-2.5867443,-1.2727561,-3.8894126,0.2230149,-0.7429945,-2.703748,-0.1273375
467,TRANSFER,48746.97,C101914,58496.36,9749.39,C101830,30915.47,79662.43,11,589,0,0,1,1,0.9942576506957868,0.833333390316936,0,0.0,-2.3507016,-1.4610878,-3.8880417,-0.61479807,-0.71769863,-2.7883985,-0.18055879
467,TRANSFER,10085.07,C101312,80096.75,70011.68,C101846,88187.23,98272.3,11,622,0,0,1,1,1.3573143531523049,0.12591110126191138,0,0.0,-2.3507016,-1.4610878,-3.8880417,-0.61479807,-0.71769863,-2.7883985,-0.18055879
467,TRANSFER,20654.84,C100137,272546.6,251891.76,C101177,122093.67,142748.5,11,549,0,1,1,1,0.7402612732173207,0.0757846181166817,0,0.0,-2.5867443,-1.2727561,-3.8894126,0.2230149,-0.7429945,-2.703748,-0.1273375
467,TRANSFER,47666.72,C100955,57200.06,9533.34,C101177,122093.67,169760.38,11,569,0,0,1,1,1.0090396577676481,0.8333333916083305,0,0.0,-2.3507016,-1.4610878,-3.8880417,-0.61479807,-0.71769863,-2.7883985,-0.18055879
467,TRANSFER,2165.17,C101493,131892.52,129727.34,C100979,1559065.07,1561230.24,11,572,0,1,1,1,0.019938719624195543,0.016416169772175103,0,0.0,-2.5867443,-1.2727561,-3.8894126,0.2230149,-0.7429945,-2.703748,-0.1273375
467,TRANSFER,955.35,C101703,38660.39,37705.04,C100056,54642.56,55597.9,11,476,0,0,1,1,0.6919570725923814,0.02471133891820543,0,0.0,-2.3507016,-1.4610878,-3.8880417,-0.61479807,-0.71769863,-2.7883985,-0.18055879
467,TRANSFER,12104.83,C100777,56581.62,44476.79,C101307,229766.32,241871.16,11,464,0,1,1,1,0.09928271842115215,0.21393572683143394,3,0.0,-2.6011677,-1.2727561,-3.8894126,0.22181885,-0.74246174,-2.703748,-0.112251
468,TRANSFER,4671.49,C101213,28847.68,24176.19,C101749,469402.7,474074.19,12,692,0,0,1,1,0.7400180124503036,0.16193641915051746,0,0.0,-2.3502975,-1.4680284,-3.8880417,-0.65513396,-0.71785885,-2.8872056,-0.18109499
468,TRANSFER,12466.26,C100048,111603.53,99137.27,C101971,128448.48,140914.74,12,674,0,3,1,1,0.23905594868627192,0.11170130550530077,0,0.0,-2.4726143,-1.100336,-3.4902234,-0.18067527,-0.8811334,-2.4775429,-0.11422103
468,TRANSFER,13903.0,C101808,87672.56,73769.56,C101423,30511.87,44414.87,12,716,0,1,1,1,0.9622386165277175,0.1585786932650307,0,0.0,-2.5863402,-1.2650838,-3.8894126,0.24856035,-0.7431547,-2.7366734,-0.1278737
468,TRANSFER,8528.61,C100644,560436.06,551907.45,C100792,38447.33,46975.94,12,665,0,1,1,1,0.9209555862564122,0.015217810931009684,0,0.0,-2.5863402,-1.2650838,-3.8894126,0.24856035,-0.7431547,-2.7366734,-0.1278737
468,TRANSFER,7474.13,C100295,300526.4,293052.27,C101322,120405.27,127879.39,12,510,0,0,1,1,0.5070547038331465,0.024870127882275897,0,0.0,-2.3502975,-1.4680284,-3.8880417,-0.65513396,-0.71785885,-2.8872056,-0.18109499
468,TRANSFER,15043.13,C100260,18051.75,3008.63,C101685,136125.02,151168.15,12,505,0,0,1,1,1.448258725339235,0.8333336103147894,0,0.0,-2.3502975,-1.4680284,-3.8880417,-0.65513396,-0.71785885,-2.8872056,-0.18109499
468,TRANSFER,19900.73,C100181,130785.96,110885.22,C100077,105293.09,125193.82,12,620,0,1,1,1,1.197367914382865,0.15216258687094547,0,0.0,-2.5863402,-1.2650838,-3.8894126,0.24856035,-0.7431547,-2.7366734,-0.1278737
468,TRANSFER,65248.5,C101878,78298.2,13049.7,C101237,240274.7,305523.2,12,453,0,0,1,1,0.4600055624939855,0.8333333333333334,15,0.0,-2.3709981,-1.4759823,-3.8880417,-0.6531912,-0.7173261,-2.8901024,-0.15201911
468,TRANSFER,46832.12,C100933,350691.68,303859.56,C101251,93556.47,140388.59,12,707,0,0,1,1,0.7540222444330532,0.13354214733580222,0,0.0,-2.3502975,-1.4680284,-3.8880417,-0.65513396,-0.71785885,-2.8872056,-0.18109499
468,TRANSFER,648.99,C101158,17182.0,16533.01,C100920,41506.55,42155.54,12,545,0,0,1,1,0.6105069488567125,0.03777150506343848,0,0.0,-2.3502975,-1.4680284,-3.8880417,-0.65513396,-0.71785885,-2.8872056,-0.18109499
468,TRANSFER,91900.11,C100378,110280.14,18380.02,C101436,45177.34,137077.45,12,453,0,2,1,1,1.503613515178727,0.8333332728812277,15,0.0,-2.6095324,-1.1044048,-3.5718427,-0.5416926,-0.7983872,-2.7449627,-0.09006216
468,TRANSFER,10023.84,C100047,179424.09,169400.25,C101300,191052.68,201076.52,12,555,0,2,1,1,0.652237358476785,0.05586674565271586,0,0.0,-2.5951092,-1.0964509,-3.5718427,-0.5404966,-0.79891986,-2.742066,-0.11599915
469,TRANSFER,3110.71,C101327,106613.37,103502.65,C101928,17657.81,20768.52,13,707,0,1,1,1,1.1646551311005016,0.029177484962720907,0,0.0,-2.5863402,-1.2650838,-3.8894126,0.24856035,-0.74875313,-2.7310748,-0.1278737
469,TRANSFER,8280.09,C101309,57948.97,49668.88,C101039,90544.95,98825.04,13,560,0,1,1,1,1.0535233778544237,0.14288588735917135,0,0.0,-2.5863402,-1.2650838,-3.8894126,0.24856035,-0.74875313,-2.7310748,-0.1278737
469,TRANSFER,9420.34,C101542,82056.23,72635.89,C100085,250819.18,260239.52,13,610,0,1,1,1,0.568091443259603,0.11480347074195342,0,0.0,-2.5863402,-1.2650838,-3.8894126,0.24856035,-0.74875313,-2.7310748,-0.1278737
469,TRANSFER,4785.81,C100207,166906.13,162120.31,C101187,41444.78,46230.59,13,579,0,0,1,1,1.0305366688375293,0.02867366225554448,0,0.0,-2.3502975,-1.4680284,-3.8880417,-0.65513396,-0.7234573,-2.881607,-0.18109499
469,TRANSFER,37686.68,C101708,83245.76,45559.08,C100249,399834.71,437521.39,13,476,0,2,1,1,1.0116280037368213,0.4527159100956013,0,0.0,-2.5951092,-1.0964509,-3.5718427,-0.5404966,-0.8045183,-2.7364674,-0.11599915
469,TRANSFER,25413.96,C101677,205460.53,180046.58,C101482,317966.78,343380.73,13,460,0,2,1,1,1.4166751312679704,0.12369266252744505,9,0.0,-2.6095324,-1.1028653,-3.5718427,-0.5416926,-0.80398566,-2.7395654,-0.09140042
469,TRANSFER,143211.81,C100754,360342.98,217131.16,C101993,43114.06,186325.88,13,626,0,0,1,1,1.7674101584234063,0.3974319410912348,0,0.0,-2.3502975,-1.4680284,-3.8880417,-0.65513396,-0.7234573,-2.881607,-0.18109499
469,TRANSFER,19361.7,C100429,878935.03,859573.33,C100113,125278.48,144640.18,13,646,0,0,1,1,1.0657517151033995,0.022028590668413797,0,0.0,-2.3502975,-1.4680284,-3.8880417,-0.65513396,-0.7234573,-2.881607,-0.18109499
469,TRANSFER,4464.66,C100776,192354.33,187889.67,C100987,662121.66,666586.32,13,559,0,1,1,1,0.9129783128671133,0.023210603057388934,0,0.0,-2.5863402,-1.2650838,-3.8894126,0.24856035,-0.74875313,-2.7310748,-0.1278737
469,TRANSFER,139546.24,C100324,167455.49,27909.25,C100753,113170.43,252716.67,13,528,0,1,1,1,1.669064623993184,0.8333333233804397,0,0.0,-2.5863402,-1.2650838,-3.8894126,0.24856035,-0.74875313,-2.7310748,-0.1278737
469,TRANSFER,30486.52,C101280,799983.39,769496.87,C100901,18255.09,48741.61,13,579,0,1,1,1,0.291284491941681,0.03810894123689243,0,0.0,-2.5863402,-1.2650838,-3.8894126,0.24856035,-0.74875313,-2.7310748,-0.1278737
469,TRANSFER,4062.46,C100469,100645.05,96582.59,C100043,39492.77,43555.23,13,524,0,0,1,1,0.8150078126880805,0.04036423053096004,0,0.0,-2.3502975,-1.4680284,-3.8880417,-0.65513396,-0.7234573,-2.881607,-0.18109499
469,TRANSFER,1480058.75,C100206,57103.04,0.0,C101451,229814.65,1709873.4,11,-382,0,0,1,1,21.942701233022138,2.0,851,4.7,0.6932877,-0.8954079,1.8010485,-0.36943215,-1.1596342,-4.1371098,1.0297935
469,TRANSFER,28577.69,C100137,272546.6,243968.9,C101367,70277.29,98854.99,13,549,0,2,1,1,1.0242130747568072,0.1048543258290509,0,0.0,-2.5951092,-1.0964509,-3.5718427,-0.5404966,-0.8045183,-2.7364674,-0.11599915
470,TRANSFER,55529.11,C101664,80610.88,25081.77,C101309,57948.97,113478.08,14,536,0,1,1,1,0.4466869006446452,0.6888537874788118,0,0.0,-2.5515163,-1.6225241,-4.3043866,0.33615515,-0.74669296,-1.0783259,-0.07379407
470,TRANSFER,100934.6,C100905,121121.52,20186.92,C101942,36120.36,137054.96,14,695,0,0,1,1,0.9310272741293905,0.8333333333333334,0,0.0,-2.3154733,-1.8254687,-4.3030157,-0.5675392,-0.721397,-1.2288578,-0.12701531
470,TRANSFER,13813.78,C101659,99227.37,85413.59,C101481,286993.69,300807.47,14,573,0,0,1,1,0.9602248076808828,0.13921340452740005,0,0.0,-2.3154733,-1.8254687,-4.3030157,-0.5675392,-0.721397,-1.2288578,-0.12701531
470,TRANSFER,13854.22,C101970,16625.07,2770.84,C100185,100790.72,114644.94,14,615,0,0,1,1,0.06971862399901188,0.83333303258272,0,0.0,-2.3154733,-1.8254687,-4.3030157,-0.5675392,-0.721397,-1.2288578,-0.12701531
470,TRANSFER,4394.03,C101493,131892.52,127498.49,C100408,5729.4,10123.42,14,572,0,2,1,1,0.040463950724563866,0.03331523273647361,0,0.0,-2.5602853,-1.4538914,-3.986817,-0.50354797,-0.80678326,-1.1343645,-0.061919503
470,TRANSFER,1816.33,C100858,65675.02,63858.69,C100246,14785.46,16601.79,14,631,0,0,1,1,0.8335381675623421,0.02765632960599022,0,0.0,-2.3154733,-1.8254687,-4.3030157,-0.5675392,-0.721397,-1.2288578,-0.12701531
471,TRANSFER,32671.89,C101889,41314.55,8642.66,C100319,71362.21,104034.1,15,579,0,0,1,1,1.349104541852618,0.7908083229758038,0,0.0,-2.3022633,-1.6976554,-4.3030157,-0.5784466,-0.73515767,-1.5700923,-0.1342198
471,TRANSFER,19582.96,C100809,23499.55,3916.59,C101270,361399.97,380982.93,15,544,0,1,1,1,0.14276626106970697,0.8333334042566772,0,0.0,-2.5383062,-1.4947108,-4.3043866,0.3252477,-0.76045364,-1.4195604,-0.08099857
471,TRANSFER,17914.04,C100202,110079.71,92165.67,C101959,36510.3,54424.35,15,710,0,0,1,1,1.3339583117696832,0.16273698395462705,0,0.0,-2.3022633,-1.6976554,-4.3030157,-0.5784466,-0.73515767,-1.5700923,-0.1342198
471,TRANSFER,30440.46,C101422,354043.34,323602.88,C100315,153215.32,183655.78,15,680,0,1,1,1,1.707869267313676,0.08597947358648236,0,0.0,-2.5383062,-1.4947108,-4.3043866,0.3252477,-0.76045364,-1.4195604,-0.08099857
471,TRANSFER,11892.41,C100956,186739.13,174846.72,C100022,115371.87,127264.28,15,507,0,0,1,1,0.17936136341416897,0.06368461714478374,0,0.0,-2.3022633,-1.6976554,-4.3030157,-0.5784466,-0.73515767,-1.5700923,-0.1342198
471,TRANSFER,80038.13,C100992,96045.75,16007.63,C100043,39492.77,119530.9,15,539,0,0,1,1,0.7671347622445436,0.8333333853918575,0,0.0,-2.3022633,-1.6976554,-4.3030157,-0.5784466,-0.73515767,-1.5700923,-0.1342198
472,TRANSFER,14667.77,C101189,19255.25,4587.48,C100473,198988.61,213656.38,16,545,0,1,1,1,1.1622089880426696,0.7617543267420573,0,0.0,-2.6360533,-1.6033297,-4.407063,0.29044488,-0.70494294,-0.051854037,-0.073058784
472,TRANSFER,19793.1,C100286,227973.8,208180.7,C100342,8385.73,28178.82,16,484,0,1,1,1,1.1962474109753607,0.08682181899849895,0,0.0,-2.6360533,-1.6033297,-4.407063,0.29044488,-0.70494294,-0.051854037,-0.073058784
472,TRANSFER,845121.07,C101700,92914.14,0.0,C101469,303665.03,1148786.1,9,639,0,1,1,1,6.521211863479284,2.0,0,0.2,-3.045122,0.055196743,1.6140255,0.28560647,-0.9427026,-4.2559505,-0.15602362
472,TRANSFER,24680.04,C100514,114518.08,89838.04,C100178,203538.05,228218.09,16,719,0,0,1,1,0.8061373475511168,0.21551217065462502,0,0.0,-2.4084365,-1.8530564,-4.405692,-0.42836732,-0.6958916,-0.017503984,-0.10854335
472,TRANSFER,13317.24,C100713,25128.35,11811.1,C100108,37881.42,51198.66,16,527,0,1,1,1,0.9238347086200368,0.5299687404863431,0,0.0,-2.6360533,-1.6033297,-4.407063,0.29044488,-0.70494294,-0.051854037,-0.073058784
472,TRANSFER,5548.81,C101778,90635.35,85086.54,C101116,44351.37,49900.18,16,475,0,0,1,1,1.1875423535736154,0.06122125638616721,0,0.0,-2.4084365,-1.8530564,-4.405692,-0.42836732,-0.6958916,-0.017503984,-0.10854335
472,TRANSFER,21159.11,C100677,181750.74,160591.62,C100244,178216.84,199375.95,16,514,0,2,1,1,0.9638190302638923,0.11641828803558105,0,0.0,-2.6832945,-1.4346969,-4.0894923,-0.64429116,-0.7734308,-0.20292611,-0.06005444
472,TRANSFER,5503.25,C100956,186739.13,181235.87,C100984,20218.7,25721.95,16,507,0,1,1,1,0.08300003306386389,0.029470256180373123,0,0.0,-2.6360533,-1.6033297,-4.407063,0.29044488,-0.70494294,-0.051854037,-0.073058784
472,TRANSFER,141117.22,C101338,169340.66,28223.44,C101448,51742.83,192860.05,16,511,0,0,1,1,0.760065185922221,0.833333353017521,0,0.0,-2.4084365,-1.8530564,-4.405692,-0.42836732,-0.6958916,-0.017503984,-0.10854335
472,TRANSFER,16056.73,C100826,900387.76,884331.02,C100988,128846.79,144903.53,16,549,0,1,1,1,1.1947214351692017,0.017833127807068368,0,0.0,-2.6360533,-1.6033297,-4.407063,0.29044488,-0.70494294,-0.051854037,-0.073058784
472,TRANSFER,20441.41,C101990,138708.48,118267.07,C101307,229766.32,250207.73,16,512,0,0,1,1,0.19386697803300237,0.14736957682760274,0,0.0,-2.4084365,-1.8530564,-4.405692,-0.42836732,-0.6958916,-0.017503984,-0.10854335
473,TRANSFER,46530.67,C100938,60991.76,14461.09,C101764,91303.57,137834.24,17,568,0,1,1,1,0.405697199490028,0.7629009230099278,0,0.0,-2.6324522,-1.3125136,-4.015815,0.2991896,-0.6647574,-3.069403,-0.08520533
473,TRANSFER,1814416.15,C101056,58102.84,0.0,MULE780245,0.0,1814416.15,3,418,1,0,1,1,27.36629253112635,2.0,55,100.0,4.783083,0.46752623,2.3982809,-0.26452488,-0.38903227,4.2939034,0.087790385
473,TRANSFER,278.29,C100504,425606.39,425328.1,C101313,116525.81,116804.1,17,710,0,0,1,1,0.003081561761057457,0.0006538670624752603,0,0.0,-2.4048355,-1.5622406,-4.014444,-0.41962254,-0.65570605,-3.0350525,-0.120689884
473,TRANSFER,6275.86,C100333,94814.33,88538.48,C100219,16602.78,22878.64,17,670,0,0,1,1,1.3528096862989396,0.06619104939095176,0,0.0,-2.4048355,-1.5622406,-4.014444,-0.41962254,-0.65570605,-3.0350525,-0.120689884
473,TRANSFER,170841.95,C101338,205010.34,34168.39,C100520,76244.96,247086.91,17,511,0,1,1,1,0.9201642328984712,0.8333333333333334,0,0.0,-2.6324522,-1.3125136,-4.015815,0.2991896,-0.6647574,-3.069403,-0.08520533
473,TRANSFER,18404.17,C100797,72473.38,54069.21,C100287,1518018.67,1536422.84,17,715,0,0,1,1,0.5416423064606072,0.25394386187038603,0,0.0,-2.4048355,-1.5622406,-4.014444,-0.41962254,-0.65570605,-3.0350525,-0.120689884
473,TRANSFER,16289.41,C100859,33936.68,17647.27,C101186,30414.68,46704.09,17,537,0,0,1,1,0.613809780857324,0.4799942127515125,0,0.0,-2.4048355,-1.5622406,-4.014444,-0.41962254,-0.65570605,-3.0350525,-0.120689884
473,TRANSFER,5760.33,C100536,34947.02,29186.7,C100036,56666.2,62426.52,17,635,0,1,1,1,0.06598281943487612,0.1648303632183803,0,0.0,-2.6324522,-1.3125136,-4.015815,0.2991896,-0.6647574,-3.069403,-0.08520533
473,TRANSFER,926752.59,C100739,524649.19,0.0,C100479,70538.76,997291.35,13,682,0,0,1,1,17.573322995952285,1.7664233694900016,0,0.7,-0.11270309,1.2474438,0.49938253,-0.4317524,-1.2417166,-4.694113,-0.23427565
473,TRANSFER,1339000.95,C101765,401794.25,0.0,C101163,222334.32,1561335.27,10,67,0,1,1,1,16.508981626530737,2.0,406,31.7,0.9739849,0.45036972,1.7631322,0.2815396,-1.0550681,-3.2361975,0.020494245
473,TRANSFER,26797.56,C101992,68466.06,41668.5,C101833,38959.33,65756.89,17,497,0,0,1,1,0.46100374312209846,0.39139918377076177,0,0.0,-2.4048355,-1.5622406,-4.014444,-0.41962254,-0.65570605,-3.0350525,-0.120689884
473,TRANSFER,303680.51,C101616,412467.35,108786.85,C101964,74060.29,377740.79,17,586,0,1,1,1,1.1301921050076515,0.7362534513337844,0,0.0,-2.6324522,-1.3125136,-4.015815,0.2991896,-0.6647574,-3.069403,-0.08520533
473,TRANSFER,2495.11,C101394,198897.29,196402.19,C101792,62959.88,65454.99,17,494,0,0,1,1,1.2949640981193267,0.012544715918452182,0,0.0,-2.4048355,-1.5622406,-4.014444,-0.41962254,-0.65570605,-3.0350525,-0.120689884
473,TRANSFER,28256.25,C100514,114518.08,86261.83,C100979,1559065.07,1587321.32,17,719,0,1,1,1,0.9229490076491466,0.24674051468554134,0,0.0,-2.6324522,-1.3125136,-4.015815,0.2991896,-0.6647574,-3.069403,-0.08520533
474,TRANSFER,16817.71,C100287,1518018.67,1501200.96,C100835,86765.08,103582.79,18,559,0,2,1,1,0.31307697686258323,0.011078724084467287,0,0.0,-2.6809976,-1.1438808,-3.698245,-0.6368506,-0.73324513,-3.2178664,-0.07220097
474,TRANSFER,6979.57,C100742,36394.49,29414.92,C100235,28205.35,35184.93,18,555,0,1,1,1,1.4838221863769523,0.19177545831800363,0,0.0,-2.6337564,-1.3125136,-4.015815,0.2978854,-0.6647574,-3.0667942,-0.08520533
474,TRANSFER,35901.84,C100771,197215.05,161313.21,C100864,26814.87,62716.71,18,683,0,0,1,1,0.7246750821145901,0.1820441188438712,0,0.0,-2.412985,-1.5622406,-4.014444,-0.41750395,-0.65570605,-3.0290215,-0.120689884
474,TRANSFER,14897.44,C100074,105640.39,90742.95,C101537,66044.34,80941.77,18,453,0,1,1,1,1.0123159086167872,0.14102030482848463,21,0.0,-2.6481798,-1.3268023,-4.015815,0.29668936,-0.6642246,-3.0760257,-0.046598848
474,TRANSFER,2481.68,C100962,142247.34,139765.65,C100206,57103.04,59584.72,18,527,0,1,1,1,0.03455721628745825,0.017446231331988353,0,0.0,-2.6337564,-1.3125136,-4.015815,0.2978854,-0.6647574,-3.0667942,-0.08520533
474,TRANSFER,8936.71,C100146,31849.73,22913.02,C100231,27090.18,36026.89,18,706,0,0,1,1,1.113174716379737,0.28058981975671377,0,0.0,-2.412985,-1.5622406,-4.014444,-0.41750395,-0.65570605,-3.0290215,-0.120689884
474,TRANSFER,1801547.06,C100375,5286.44,0.0,C101940,58536.93,1860083.99,10,-67,1,5,0,1,7.67015142560935,2.0,541,100.0,4.943134,0.2060443,1.9347798,0.0063028913,4.027283,-1.3747028,-0.08098213
474,TRANSFER,1106622.98,C100666,61116.75,0.0,MULE143536,0.0,1106622.98,2,194,1,0,1,1,11.20053706916539,2.0,280,99.8,0.21421519,-0.44572335,2.3067822,-0.23999539,-0.50054365,5.0864897,-0.26998433
474,TRANSFER,2069.18,C100858,65675.02,63605.85,C101975,140831.68,142900.86,18,631,0,1,1,1,0.949574419602521,0.03150634746666236,0,0.0,-2.6337564,-1.3125136,-4.015815,0.2978854,-0.6647574,-3.0667942,-0.08520533
474,TRANSFER,3284.92,C101591,497220.01,493935.1,C100542,67194.83,70479.74,18,719,0,0,1,1,0.9929760273728291,0.006606572410470769,0,0.0,-2.412985,-1.5622406,-4.014444,-0.41750395,-0.65570605,-3.0290215,-0.120689884
474,TRANSFER,1373060.22,C101656,74651.0,0.0,MULE781973,0.0,1373060.22,2,388,1,3,1,1,17.45765077914541,2.0,86,99.9,0.4796927,0.68585545,2.249052,-0.51364166,-0.72865087,5.1570797,-0.050678268
474,TRANSFER,4554.92,C101066,134294.49,129739.57,C100951,244222.33,248777.25,18,561,0,0,1,1,0.0909867646316053,0.033917400483072686,0,0.0,-2.412985,-1.5622406,-4.014444,-0.41750395,-0.65570605,-3.0290215,-0.120689884
474,TRANSFER,23569.16,C100372,86014.1,62444.93,C100623,127230.05,150799.22,18,680,0,1,1,1,0.7306447266898665,0.27401507427270644,0,0.0,-2.6337564,-1.3125136,-4.015815,0.2978854,-0.6647574,-3.0667942,-0.08520533
475,TRANSFER,2687.7,C100462,81999.39,79311.69,C100036,56666.2,59353.9,19,586,0,1,1,1,0.9698642742121002,0.0327770730977389,0,0.0,-2.6337564,-1.3125136,-4.015815,0.2978854,-0.6647574,-3.0667942,-0.08520533
475,TRANSFER,9420.41,C101321,67793.07,58372.66,C100941,450535.4,459955.81,19,627,0,1,1,1,1.2501906662887223,0.13895830355521588,0,0.0,-2.6337564,-1.3125136,-4.015815,0.2978854,-0.6647574,-3.0667942,-0.08520533
475,TRANSFER,13026.37,C100994,55134.15,42107.77,C100538,206349.82,219376.19,19,563,0,0,1,1,0.09872628997482646,0.23626681466931113,0,0.0,-2.412985,-1.5622406,-4.014444,-0.41750395,-0.65570605,-3.0290215,-0.120689884
475,TRANSFER,8436.86,C101113,251559.62,243122.76,C101516,168679.08,177115.94,19,530,0,0,1,1,0.8786402033003586,0.0335382125318841,0,0.0,-2.412985,-1.5622406,-4.014444,-0.41750395,-0.65570605,-3.0290215,-0.120689884
475,TRANSFER,7533.12,C100897,108482.18,100949.06,C101815,41010.79,48543.91,19,707,0,0,1,1,0.1349415576451444,0.06944108239712735,0,0.0,-2.412985,-1.5622406,-4.014444,-0.41750395,-0.65570605,-3.0290215,-0.120689884
475,TRANSFER,16925.63,C100171,27089.46,10163.83,C100169,47126.46,64052.09,19,596,0,1,1,1,0.27104332991533064,0.6248049979586157,0,0.0,-2.6337564,-1.3125136,-4.015815,0.2978854,-0.6647574,-3.0667942,-0.08520533
475,TRANSFER,106542.91,C100838,414823.07,308280.17,C100014,665479.14,772022.05,19,688,0,0,1,1,1.293118704362975,0.256839403845114,0,0.0,-2.412985,-1.5622406,-4.014444,-0.41750395,-0.65570605,-3.0290215,-0.120689884
475,TRANSFER,3710.84,C101173,103484.35,99773.51,C101934,158860.89,162571.73,19,651,0,0,1,1,0.03035473401632007,0.03585894872026543,0,0.0,-2.412985,-1.5622406,-4.014444,-0.41750395,-0.65570605,-3.0290215,-0.120689884
475,TRANSFER,30035.65,C100372,86014.1,55978.44,C101471,68607.56,98643.22,19,680,0,2,1,1,0.931106127040696,0.34919449253087576,0,0.0,-2.6809976,-1.1438808,-3.698245,-0.6368506,-0.73324513,-3.2178664,-0.07220097
475,TRANSFER,32412.67,C100048,111603.53,79190.87,C101371,15622.59,48035.26,19,674,0,2,1,1,0.6215530220214455,0.2904269246680638,0,0.0,-2.6809976,-1.1438808,-3.698245,-0.6368506,-0.73324513,-3.2178664,-0.07220097
475,TRANSFER,25034.28,C101181,30041.13,5006.86,C101393,28099.02,53133.29,19,716,0,0,1,1,0.8283951125739004,0.8333334997718128,0,0.0,-2.412985,-1.5622406,-4.014444,-0.41750395,-0.65570605,-3.0290215,-0.120689884
475,TRANSFER,30055.77,C101594,62823.62,32767.84,C101274,9895.36,39951.13,19,709,0,1,1,1,1.6334632307770611,0.4784151247572171,0,0.0,-2.6337564,-1.3125136,-4.015815,0.2978854,-0.6647574,-3.0667942,-0.08520533
475,TRANSFER,2033541.22,C100929,67916.39,0.0,MULE822231,0.0,2033541.22,1,-471,1,0,1,1,23.34910455776494,2.0,946,100.0,4.1515317,0.2705714,2.3982809,-0.22786142,-0.3881144,4.1833878,0.053323425
475,TRANSFER,5651.62,C101312,80096.75,74445.12,C100901,18255.09,23906.71,19,622,0,1,1,1,0.7606317997359096,0.07055991660086083,0,0.0,-2.6337564,-1.3125136,-4.015815,0.2978854,-0.6647574,-3.0667942,-0.08520533
475,TRANSFER,29991.25,C100311,138011.16,108019.91,C100243,305930.23,335921.48,19,476,0,0,1,1,1.4014150945600352,0.2173103247592441,0,0.0,-2.412985,-1.5622406,-4.014444,-0.41750395,-0.65570605,-3.0290215,-0.120689884
475,TRANSFER,175653.35,C101616,412467.35,236814.0,C100537,14096.61,189749.97,19,586,0,1,1,1,0.6537200210449652,0.4258600104953762,0,0.0,-2.6337564,-1.3125136,-4.015815,0.2978854,-0.6647574,-3.0667942,-0.08520533
476,TRANSFER,15632.67,C101903,74811.61,59178.95,C101363,32403.15,48035.82,20,718,0,0,1,1,1.4120987027005247,0.2089604808665393,0,0.0,-2.44557,-1.9975752,-5.029045,-0.41750395,-0.60858834,-1.5936172,-0.120689884
476,TRANSFER,13894.24,C100321,446562.54,432668.31,C101014,322770.5,336664.74,20,532,0,0,1,1,0.19739542224863604,0.031113760684001842,0,0.0,-2.44557,-1.9975752,-5.029045,-0.41750395,-0.60858834,-1.5936172,-0.120689884
476,TRANSFER,20415.75,C101409,94050.69,73634.93,C100059,26596.26,47012.01,20,528,0,1,1,1,0.18691711088260313,0.2170717726791797,0,0.0,-2.6663413,-1.7478483,-5.0304165,0.2978854,-0.61763954,-1.6313902,-0.08520533
476,TRANSFER,179010.22,C101769,242925.06,63914.84,C100067,94958.52,273968.74,20,490,0,0,1,1,0.8261986933849645,0.7368948267420413,0,0.0,-2.44557,-1.9975752,-5.029045,-0.41750395,-0.60858834,-1.5936172,-0.120689884
476,TRANSFER,6457.57,C101684,27995.34,21537.77,C100884,98488.78,104946.35,20,452,0,0,1,1,0.08903953232408156,0.2306658893944492,24,0.0,-2.466271,-1.9800578,-5.029045,-0.4155612,-0.60805565,-1.6028489,-0.028248306
476,TRANSFER,15967.57,C101004,71794.84,55827.27,C101541,150603.16,166570.72,20,560,0,1,1,1,1.1593858987925756,0.22240553777959532,0,0.0,-2.6663413,-1.7478483,-5.0304165,0.2978854,-0.61763954,-1.6313902,-0.08520533
476,TRANSFER,7069.4,C101958,46409.78,39340.39,C101976,143667.24,150736.64,20,649,0,0,1,1,0.16865685659443444,0.15232565205006357,0,0.0,-2.44557,-1.9975752,-5.029045,-0.41750395,-0.60858834,-1.5936172,-0.120689884
476,TRANSFER,25711.17,C100108,37881.42,12170.25,C100029,55620.12,81331.29,20,458,0,2,1,1,0.8627430811853002,0.6787277245678752,18,0.0,-2.728006,-1.5871696,-4.712847,-0.6380466,-0.6855947,-1.7853594,-0.046263974
476,TRANSFER,5815.15,C100182,10562.0,4746.85,C100606,29988.94,35804.09,20,682,0,0,1,1,0.08380527830651123,0.5505728081802689,0,0.0,-2.44557,-1.9975752,-5.029045,-0.41750395,-0.60858834,-1.5936172,-0.120689884
477,TRANSFER,44442.39,C101460,111545.15,67102.76,C101029,136974.07,181416.46,21,696,0,1,1,1,1.2314294775210817,0.3984251220245793,0,0.0,-2.6663413,-1.7478483,-5.0304165,0.2978854,-0.61763954,-1.6313902,-0.08520533
477,TRANSFER,5282.8,C101538,278093.02,272810.22,C100060,17389.02,22671.83,21,642,0,0,1,1,1.0078539025660984,0.018996521379788675,0,0.0,-2.44557,-1.9975752,-5.029045,-0.41750395,-0.60858834,-1.5936172,-0.120689884
477,TRANSFER,1475087.9,C100602,88840.44,0.0,MULE379875,0.0,1475087.9,2,167,1,1,1,1,9.878335836470043,2.0,310,100.0,0.96449465,0.32297155,2.309963,0.21662578,-0.4755715,4.697188,-0.28470337
477,TRANSFER,4120.62,C100975,144581.47,140460.85,C100394,34031.55,38152.17,21,464,0,0,1,1,0.8869393235983531,0.028500332718985357,13,0.0,-2.466271,-2.005529,-5.029045,-0.4155612,-0.60805565,-1.5965139,-0.09161406
477,TRANSFER,5354.86,C100335,109271.79,103916.93,C100471,58695.64,64050.5,21,582,0,0,1,1,0.03701498463758771,0.04900496276303335,0,0.0,-2.44557,-1.9975752,-5.029045,-0.41750395,-0.60858834,-1.5936172,-0.120689884
477,TRANSFER,3978.88,C101722,303194.72,299215.84,C101864,12595.44,16574.32,21,644,0,1,1,1,0.027613793110182066,0.013123183675494086,0,0.0,-2.6663413,-1.7478483,-5.0304165,0.2978854,-0.61763954,-1.6313902,-0.08520533
477,TRANSFER,6140.61,C101025,100296.29,94155.68,C101199,59759.17,65899.78,21,545,0,0,1,1,0.04375634690021948,0.06122469734423876,0,0.0,-2.44557,-1.9975752,-5.029045,-0.41750395,-0.60858834,-1.5936172,-0.120689884
477,TRANSFER,6059.4,C100977,84960.92,78901.52,C100435,31269.11,37328.51,21,536,0,1,1,1,0.09171083273137268,0.07131984917300802,0,0.0,-2.6663413,-1.7478483,-5.0304165,0.2978854,-0.61763954,-1.6313902,-0.08520533
477,TRANSFER,24741.32,C101484,281872.72,257131.41,C100592,173475.2,198216.51,21,580,0,0,1,1,0.8690237708091408,0.08777479424046429,0,0.0,-2.44557,-1.9975752,-5.029045,-0.41750395,-0.60858834,-1.5936172,-0.120689884
477,TRANSFER,7019.77,C100492,247495.22,240475.45,C101095,25323.16,32342.93,21,591,0,0,1,1,0.6962360017498068,0.028363254853972536,0,0.0,-2.44557,-1.9975752,-5.029045,-0.41750395,-0.60858834,-1.5936172,-0.120689884
477,TRANSFER,17916.42,C101334,105603.5,87687.08,C100644,560436.06,578352.48,21,552,0,0,1,1,0.9758609172616141,0.16965744506574118,0,0.0,-2.44557,-1.9975752,-5.029045,-0.41750395,-0.60858834,-1.5936172,-0.120689884
477,TRANSFER,16879.51,C100222,109446.62,92567.1,C100940,708703.38,725582.89,21,617,0,0,1,1,1.007869106771092,0.15422595965046704,0,0.0,-2.44557,-1.9975752,-5.029045,-0.41750395,-0.60858834,-1.5936172,-0.120689884
477,TRANSFER,18516.6,C101771,22219.92,3703.32,C100064,68130.02,86646.61,21,615,0,0,1,1,1.2308449877446839,0.8333333333333334,0,0.0,-2.44557,-1.9975752,-5.029045,-0.41750395,-0.60858834,-1.5936172,-0.120689884
477,TRANSFER,37989.05,C100137,272546.6,234557.54,C101741,39769.91,77758.96,21,549,0,3,1,1,1.361512484304718,0.13938552159520612,0,0.0,-2.6139798,-1.5831007,-4.6312284,-0.64815307,-0.74706364,-1.889063,-0.07069887
477,TRANSFER,14123.62,C101383,44236.64,30113.02,C100823,28639.94,42763.56,21,558,0,1,1,1,0.25491667045694855,0.31927424867711474,0,0.0,-2.6663413,-1.7478483,-5.0304165,0.2978854,-0.61763954,-1.6313902,-0.08520533
477,TRANSFER,17512.29,C100944,84244.5,66732.21,C100451,60852.29,78364.59,21,698,0,0,1,1,0.17682842718291258,0.20787457934939374,0,0.0,-2.44557,-1.9975752,-5.029045,-0.41750395,-0.60858834,-1.5936172,-0.120689884
477,TRANSFER,36511.22,C100137,272546.6,236035.38,C100140,88083.6,124594.81,21,549,0,3,1,1,1.3085476432602579,0.133963219500812,0,0.0,-2.6139798,-1.5831007,-4.6312284,-0.64815307,-0.74706364,-1.889063,-0.07069887
477,TRANSFER,31872.92,C100675,153059.93,121187.01,C101592,856996.16,888869.08,21,600,0,0,1,1,1.6114651613722382,0.20823817180629836,0,0.0,-2.44557,-1.9975752,-5.029045,-0.41750395,-0.60858834,-1.5936172,-0.120689884
477,TRANSFER,25532.94,C100311,138011.16,112478.22,C101684,27995.34,53528.28,21,476,0,1,1,1,1.1930895686073673,0.18500634296530802,1,0.0,-2.6807644,-1.7478483,-5.0304165,0.29668936,-0.61710685,-1.6313902,-0.0701188
478,TRANSFER,15362.54,C100339,271773.5,256410.96,C101316,81302.72,96665.26,22,496,0,1,1,1,0.14235661862025692,0.05652699766533529,0,0.0,-2.6663413,-1.7478483,-5.0304165,0.2978854,-0.61763954,-1.6313902,-0.08520533
478,TRANSFER,11659.86,C100818,243639.9,231980.04,C101490,23043.94,34703.8,22,460,0,2,1,1,0.1888420118596556,0.04785693968845005,18,0.0,-2.728006,-1.5871696,-4.712847,-0.6380466,-0.6855947,-1.7853594,-0.046263974
478,TRANSFER,23690.62,C101103,349120.81,325430.19,C100237,88589.54,112280.16,22,713,0,2,1,1,0.23303722026497042,0.06785794292812279,0,0.0,-2.7135828,-1.5792158,-4.712847,-0.6368506,-0.6861274,-1.7824625,-0.07220097
478,TRANSFER,25964.67,C100357,145624.74,119660.07,C100133,145642.03,171606.7,22,484,0,2,1,1,1.41323894298748,0.1782984814256149,0,0.0,-2.7135828,-1.5792158,-4.712847,-0.6368506,-0.6861274,-1.7824625,-0.07220097
478,TRANSFER,20824.66,C101992,68466.06,47641.4,C100341,78583.26,99407.92,22,497,0,1,1,1,0.3582507589961563,0.30416033871380943,0,0.0,-2.6663413,-1.7478483,-5.0304165,0.2978854,-0.61763954,-1.6313902,-0.08520533
478,TRANSFER,26073.46,C101145,154321.08,128247.62,C100023,90784.28,116857.74,22,489,0,0,1,1,1.048083020313511,0.16895591969677767,0,0.0,-2.44557,-1.9975752,-5.029045,-0.41750395,-0.60858834,-1.5936172,-0.120689884
478,TRANSFER,60088.6,C100955,72106.32,12017.72,C100363,175676.79,235765.39,22,569,0,1,1,1,1.2719939693718614,0.8333333333333333,0,0.0,-2.6663413,-1.7478483,-5.0304165,0.2978854,-0.61763954,-1.6313902,-0.08520533
478,TRANSFER,23023.03,C100674,74047.3,51024.27,C101972,130811.77,153834.8,22,481,0,1,1,1,0.2970835661445755,0.310923288222528,0,0.0,-2.6663413,-1.7478483,-5.0304165,0.2978854,-0.61763954,-1.6313902,-0.08520533
478,TRANSFER,25370.62,C101889,41314.55,15943.94,C100831,320234.22,345604.84,22,579,0,1,1,1,1.0476167332718391,0.6140843843149689,0,0.0,-2.6663413,-1.7478483,-5.0304165,0.2978854,-0.61763954,-1.6313902,-0.08520533
478,TRANSFER,14204.02,C101584,143029.02,128825.0,C101628,430339.22,444543.24,22,512,0,0,1,1,1.2445454072033604,0.09930865778147681,0,0.0,-2.44557,-1.9975752,-5.029045,-0.41750395,-0.60858834,-1.5936172,-0.120689884
478,TRANSFER,1082122.37,C101620,146375.24,0.0,C100972,95140.25,1177262.62,10,-327,0,0,1,1,6.018908500442574,2.0,805,0.9,-0.86026084,-1.3334659,1.7377236,-0.398689,-1.039959,-3.7551768,0.8751409
478,TRANSFER,2694.33,C100824,99808.43,97114.1,C101831,1292561.14,1295255.47,22,469,0,1,1,1,1.2772054337629193,0.026995014348988357,9,0.0,-2.6807644,-1.7542627,-5.0304165,0.29668936,-0.61710685,-1.6344881,-0.060606603
479,TRANSFER,10405.32,C100091,210088.64,199683.32,C101968,47020.3,57425.62,23,470,0,1,1,1,0.08663729841468537,0.04952823722405932,9,0.1,-2.5783384,-1.5735953,-5.0304165,0.24463908,-0.58604866,2.3450067,-0.03697897
479,TRANSFER,31289.51,C101532,473733.15,442443.63,C100784,156642.63,187932.14,23,485,0,0,1,1,0.2139819372695919,0.06604880827951347,0,0.0,-2.3431442,-1.7738352,-5.029045,-0.35394764,-0.57753015,2.5014837,-0.08444215
479,TRANSFER,11270.96,C100447,56971.24,45700.28,C101268,67802.15,79073.11,23,461,0,0,1,1,0.18623493956536838,0.19783596074089313,18,0.0,-2.3638449,-1.7817888,-5.029045,-0.35200483,-0.57699746,2.4985867,-0.05536632
479,TRANSFER,18631.17,C101980,146223.76,127592.59,C100312,510191.57,528822.74,23,545,0,0,1,1,1.0974937013848671,0.12741547611687729,0,0.0,-2.3431442,-1.7738352,-5.029045,-0.35394764,-0.57753015,2.5014837,-0.08444215
479,TRANSFER,15543.74,C101980,146223.76,130680.01,C101594,62823.62,78367.36,23,545,0,0,1,1,0.9156245552997485,0.10630105531412952,0,0.0,-2.3431442,-1.7738352,-5.029045,-0.35394764,-0.57753015,2.5014837,-0.08444215
479,TRANSFER,13285.07,C100222,109446.62,96161.54,C101732,3000691.36,3013976.43,23,617,0,1,1,1,0.7932464647546897,0.12138401350356914,0,0.1,-2.563915,-1.567181,-5.0304165,0.24583514,-0.58658135,2.3481047,-0.06157772
479,TRANSFER,6174.09,C101903,74811.61,68637.52,C100365,583102.95,589277.04,23,718,0,1,1,1,0.5577054002519264,0.0825285005896812,0,0.1,-2.563915,-1.567181,-5.0304165,0.24583514,-0.58658135,2.3481047,-0.06157772
479,TRANSFER,16985.94,C100029,55620.12,38634.18,C101203,371533.39,388519.33,23,616,0,0,1,1,0.312771976754078,0.3053920056267408,0,0.0,-2.3431442,-1.7738352,-5.029045,-0.35394764,-0.57753015,2.5014837,-0.08444215
479,TRANSFER,25403.32,C100157,37371.2,11967.88,C100823,28639.94,54043.26,23,714,0,1,1,1,0.37641114663836506,0.6797566040159267,0,0.1,-2.563915,-1.567181,-5.0304165,0.24583514,-0.58658135,2.3481047,-0.06157772
480,TRANSFER,87361.35,C100642,104833.62,17472.27,C101363,32403.15,119764.5,0,648,0,0,1,1,0.653899120836249,0.8333333333333335,0,0.0,-2.9275367,-1.8225812,-5.6584744,-0.4786451,-0.53900033,2.4156675,-0.16548668
480,TRANSFER,2778.2,C101619,71779.3,69001.1,C101124,132081.33,134859.53,0,571,0,1,1,1,0.4636990796265096,0.03870475192708761,0,0.0,-3.154489,-1.6310449,-5.658995,0.23644252,-0.54399574,2.3775933,-0.13000211
480,TRANSFER,168794.76,C100676,646245.95,477451.19,C100066,314098.16,482892.92,0,476,0,1,1,1,1.135663051553262,0.2611927548636862,4,0.0,-3.1689122,-1.6310449,-5.658995,0.23524648,-0.54346305,2.3953512,-0.09096184
480,TRANSFER,10150.66,C101972,130811.77,120661.11,C100657,31550.87,41701.53,0,526,0,1,1,1,0.11433969048211941,0.07759745166661991,0,0.0,-3.154489,-1.6310449,-5.658995,0.23644252,-0.54399574,2.3775933,-0.13000211
480,TRANSFER,15404.33,C100677,181750.74,166346.4,C101481,286993.69,302398.02,0,514,0,1,1,1,0.7016829347956972,0.084755253266094,0,0.0,-3.154489,-1.6310449,-5.658995,0.23644252,-0.54399574,2.3775933,-0.13000211
480,TRANSFER,12356.37,C101864,14827.64,2471.27,C100599,343158.57,355514.93,0,462,0,1,1,1,0.7497830883800224,0.8333335581387193,18,0.0,-3.1689122,-1.6378384,-5.658995,0.23524648,-0.54346305,2.394972,-0.08378953
480,TRANSFER,9965.08,C100357,145624.74,135659.65,C101902,15886.47,25851.55,0,484,0,2,1,1,0.5423923787972533,0.0684298560807731,0,0.0,-3.1631603,-1.496302,-5.413605,-0.23514885,-0.57324165,2.6896653,-0.11812753
480,TRANSFER,1120.0,C101448,51742.83,50622.83,C101665,0.0,1120.0,3,719,0,2,1,1,0.01558725475725672,0.02164551107853977,0,0.0,-3.2061844,-1.5210766,-5.413605,-0.23514885,-0.57324165,2.6205006,-0.11812753
480,TRANSFER,1695.33,C101448,51742.83,50047.5,C101665,0.0,1695.33,3,719,0,2,1,1,0.02359423268537503,0.032764539550697164,0,0.0,-3.2061844,-1.5210766,-5.413605,-0.23514885,-0.57324165,2.6205006,-0.11812753
480,TRANSFER,15913.75,C100210,254860.64,238946.89,C100139,447278.99,463192.74,0,591,0,0,1,1,0.11083828884481027,0.0624409873568551,0,0.0,-2.9275367,-1.8225812,-5.6584744,-0.4786451,-0.53900033,2.4156675,-0.16548668
480,TRANSFER,3580.6,C101591,497220.01,493639.41,C101137,354627.14,358207.74,0,719,0,1,1,1,1.0823551147702688,0.007201238743388465,0,0.0,-3.154489,-1.6310449,-5.658995,0.23644252,-0.54399574,2.3775933,-0.13000211
480,TRANSFER,10015.18,C100868,106671.32,96656.14,C101716,248445.06,258460.24,0,524,0,1,1,1,1.3036923431867269,0.09388821662654967,0,0.0,-3.154489,-1.6310449,-5.658995,0.23644252,-0.54399574,2.3775933,-0.13000211
480,TRANSFER,2083501.24,C100440,107380.71,0.0,MULE355638,0.0,2083501.24,1,-158,1,1,1,1,17.302087724568008,2.0,638,100.0,3.7999196,0.79518706,2.4045799,0.1036431,-0.37727353,3.4744725,0.04613045
480,TRANSFER,8602.34,C100260,10322.81,1720.47,C100208,205461.49,214063.84,0,505,0,1,1,1,0.8281796383687913,0.8333331718785874,0,0.0,-3.154489,-1.6310449,-5.658995,0.23644252,-0.54399574,2.3775933,-0.13000211
480,TRANSFER,6775.14,C101213,28847.68,22072.55,C100529,51514.57,58289.71,0,692,0,1,1,1,1.0732604879540684,0.2348590943881796,0,0.0,-3.154489,-1.6310449,-5.658995,0.23644252,-0.54399574,2.3775933,-0.13000211
480,TRANSFER,4873.36,C101961,493020.13,488146.77,C101548,39614.97,44488.33,0,700,0,0,1,1,0.09046587781149887,0.009884707952999809,0,0.0,-2.9275367,-1.8225812,-5.6584744,-0.4786451,-0.53900033,2.4156675,-0.16548668
480,TRANSFER,1304341.76,C101368,142019.87,0.0,C101177,12639.88,1316981.64,16,419,1,4,0,1,13.841644674670963,2.0,61,99.9,1.44358,-0.34917763,1.8806897,-0.2478244,4.8512115,-0.23508,-0.23382312
481,TRANSFER,13786.41,C100961,95518.95,81732.55,C101007,352354.36,366140.77,1,535,0,1,1,1,0.15285131866531415,0.1443316745001908,0,0.0,-3.154489,-1.6310449,-5.658995,0.23644252,-0.54399574,2.3775933,-0.13000211
481,TRANSFER,4690.73,C100305,54618.82,49928.09,C100682,326035.57,330726.3,1,542,0,0,1,1,1.1248738546498955,0.08588120358513786,0,0.0,-2.9275367,-1.8225812,-5.6584744,-0.4786451,-0.53900033,2.4156675,-0.16548668
481,TRANSFER,14137.36,C100471,58695.64,44558.29,C101753,245078.08,259215.43,1,622,0,0,1,1,1.522607028953038,0.2408587758818202,0,0.0,-2.9275367,-1.8225812,-5.6584744,-0.4786451,-0.53900033,2.4156675,-0.16548668
481,TRANSFER,7593.26,C101659,99227.37,91634.11,C100236,94191.13,101784.39,1,573,0,1,1,1,0.5278234214799237,0.07652384619283974,0,0.0,-3.154489,-1.6310449,-5.658995,0.23644252,-0.54399574,2.3775933,-0.13000211
481,TRANSFER,17599.68,C100939,40099.95,22500.28,C100372,86014.1,103613.77,1,492,0,0,1,1,0.5253487782314433,0.4388953103432798,0,0.0,-2.9275367,-1.8225812,-5.6584744,-0.4786451,-0.53900033,2.4156675,-0.16548668
481,TRANSFER,9125.57,C100781,44654.8,35529.23,C101776,33265.72,42391.29,1,554,0,0,1,1,0.7843259398657976,0.2043580981215905,0,0.0,-2.9275367,-1.8225812,-5.6584744,-0.4786451,-0.53900033,2.4156675,-0.16548668
481,TRANSFER,18846.52,C101889,41314.55,22468.04,C100470,56770.29,75616.81,1,579,0,2,1,1,0.7782202293811653,0.4561714940620193,0,0.0,-3.1631603,-1.496302,-5.413605,-0.23514885,-0.57324165,2.6896653,-0.11812753
481,TRANSFER,23415.91,C101912,55776.12,32360.21,C100857,114851.84,138267.75,1,484,0,0,1,1,0.2840912393941094,0.41981962890211794,0,0.0,-2.9275367,-1.8225812,-5.6584744,-0.4786451,-0.53900033,2.4156675,-0.16548668
481,TRANSFER,676.29,C100504,425606.39,424930.1,C100817,251662.34,252338.63,1,710,0,1,1,1,0.0074886966954815035,0.0015890033981867612,0,0.0,-3.154489,-1.6310449,-5.658995,0.23644252,-0.54399574,2.3775933,-0.13000211
481,TRANSFER,21711.89,C100268,26054.27,4342.38,C101423,30511.87,52223.76,1,675,0,1,1,1,1.357599047852816,0.8333332693642923,0,0.0,-3.154489,-1.6310449,-5.658995,0.23644252,-0.54399574,2.3775933,-0.13000211
481,TRANSFER,5565.98,C100539,210551.59,204985.61,C101335,70428.69,75994.67,1,694,0,0,1,1,0.9795383666201993,0.026435231384384226,0,0.0,-2.9275367,-1.8225812,-5.6584744,-0.4786451,-0.53900033,2.4156675,-0.16548668
481,TRANSFER,10848.67,C100053,3044740.12,3033891.45,C100402,138331.44,149180.1,1,660,0,0,1,1,1.0524051188604306,0.0035630857059813694,0,0.0,-2.9275367,-1.8225812,-5.6584744,-0.4786451,-0.53900033,2.4156675,-0.16548668
482,TRANSFER,9699.65,C100836,191989.51,182289.86,C100839,108064.06,117763.7,2,548,0,0,1,1,1.0258882960732822,0.0505217706946593,0,0.0,-2.9705603,-1.8473557,-5.6584744,-0.4786451,-0.53900033,2.3465033,-0.16548668
482,TRANSFER,4551.97,C100389,93527.03,88975.06,C100985,57728.88,62280.85,2,713,0,0,1,1,0.06355763891603852,0.048670101039239674,0,0.0,-2.9705603,-1.8473557,-5.6584744,-0.4786451,-0.53900033,2.3465033,-0.16548668
482,TRANSFER,34417.81,C101830,41301.37,6883.56,C101565,738158.43,772576.24,2,492,0,0,1,1,0.4972389621209509,0.8333333736871197,0,0.0,-2.9705603,-1.8473557,-5.6584744,-0.4786451,-0.53900033,2.3465033,-0.16548668
482,TRANSFER,1159.22,C101703,38660.39,37501.17,C101983,19123.92,20283.14,2,476,0,1,1,1,0.839619487821783,0.02998469492935793,6,0.0,-3.2119353,-1.6558194,-5.658995,0.23524648,-0.54346305,2.3261864,-0.09096184
482,TRANSFER,13243.07,C100987,662121.66,648878.59,C100148,63751.45,76994.53,2,613,0,0,1,1,0.19518906381044315,0.02000096175678651,0,0.0,-2.9705603,-1.8473557,-5.6584744,-0.4786451,-0.53900033,2.3465033,-0.16548668
482,TRANSFER,28762.39,C100674,74047.3,45284.92,C101557,161409.75,190172.14,2,481,0,2,1,1,0.3711428683384019,0.38843266398639786,1,0.0,-3.2206073,-1.5210766,-5.413605,-0.23634487,-0.5727089,2.6205006,-0.10304099
482,TRANSFER,143361.86,C100905,172034.23,28672.37,C100899,260473.73,403835.59,2,695,0,1,1,1,1.3223790625803171,0.8333333430213277,0,0.0,-3.1975121,-1.6558194,-5.658995,0.23644252,-0.54399574,2.3084285,-0.13000211
482,TRANSFER,8823.83,C100260,10588.6,1764.77,C100967,43567.32,52391.15,2,505,0,2,1,1,0.8495033140317275,0.8333330185293617,0,0.0,-3.2061844,-1.5210766,-5.413605,-0.23514885,-0.57324165,2.6205006,-0.11812753
482,TRANSFER,2108.46,C100824,99808.43,97699.97,C100027,4349.14,6457.6,2,469,0,2,1,1,0.9994828283364565,0.02112506929524891,13,0.0,-3.2206073,-1.52787,-5.413605,-0.23634487,-0.5727089,2.6378794,-0.071914956
482,TRANSFER,34820.03,C100215,100375.94,65555.91,C101669,116337.18,151157.21,2,483,0,0,1,1,0.4807940676334848,0.34689617850652255,0,0.0,-2.9705603,-1.8473557,-5.6584744,-0.4786451,-0.53900033,2.3465033,-0.16548668
482,TRANSFER,19331.55,C101618,149917.98,130586.43,C101254,63294.6,82626.15,2,578,0,2,1,1,0.33201820673907323,0.1289475084976465,0,0.0,-3.2061844,-1.5210766,-5.413605,-0.23514885,-0.57324165,2.6205006,-0.11812753
482,TRANSFER,58607.28,C100642,70328.73,11721.46,C101567,23661.1,82268.38,2,648,0,1,1,1,0.438675099075322,0.8333334044280339,0,0.0,-3.1975121,-1.6558194,-5.658995,0.23644252,-0.54399574,2.3084285,-0.13000211
482,TRANSFER,39398.59,C100035,238996.42,199597.82,C100185,100790.72,140189.31,2,509,0,0,1,1,0.9566508736732519,0.16485012620691136,0,0.0,-2.9705603,-1.8473557,-5.6584744,-0.4786451,-0.53900033,2.3465033,-0.16548668
482,TRANSFER,83598.09,C100524,957095.7,873497.61,C100705,79901.05,163499.14,2,547,0,0,1,1,1.429412436681866,0.08734559145966281,0,0.0,-2.9705603,-1.8473557,-5.6584744,-0.4786451,-0.53900033,2.3465033,-0.16548668
482,TRANSFER,1047316.89,C101448,51742.83,0.0,C101665,6202.55,1053519.44,3,719,1,5,0,1,14.575709978578404,2.0,0,100.0,0.119714655,-0.23052275,2.0597467,-0.14259148,3.3671489,3.3089375,-0.18713433
482,TRANSFER,11585.34,C100286,227973.8,216388.45,C100927,137610.66,149196.0,2,484,0,1,1,1,0.700190115761012,0.05081873443351824,0,0.0,-3.1975121,-1.6558194,-5.658995,0.23644252,-0.54399574,2.3084285,-0.13000211
483,TRANSFER,8851.55,C100554,157447.15,148595.6,C100809,18934.63,27786.18,3,572,0,0,1,1,0.062150321064821115,0.056219182119206346,0,0.0,-2.9705603,-1.8473557,-5.6584744,-0.4786451,-0.53900033,2.3465033,-0.16548668
483,TRANSFER,2303.81,C100335,109271.79,106967.98,C100857,114851.84,117155.65,3,582,0,1,1,1,0.015924877916121235,0.021083300639625286,0,0.0,-3.1975121,-1.6558194,-5.658995,0.23644252,-0.54399574,2.3084285,-0.13000211
483,TRANSFER,14788.9,C101065,99206.56,84417.67,C101174,250739.35,265528.25,3,536,0,0,1,1,1.168320300279717,0.14907179525224945,0,0.0,-2.9705603,-1.8473557,-5.6584744,-0.4786451,-0.53900033,2.3465033,-0.16548668
483,TRANSFER,13137.3,C101688,2307746.1,2294608.8,C100174,147568.96,160706.26,3,699,0,0,1,1,1.0791641499678668,0.005692697303225861,0,0.0,-2.9705603,-1.8473557,-5.6584744,-0.4786451,-0.53900033,2.3465033,-0.16548668
483,TRANSFER,1110.75,C100390,9386.1,8275.35,C101894,209607.64,210718.39,3,601,0,1,1,1,0.0295230105983683,0.11833988557547863,0,0.0,-3.1975121,-1.6558194,-5.658995,0.23644252,-0.54399574,2.3084285,-0.13000211
483,TRANSFER,1106.69,C100390,9386.1,8279.42,C101189,19255.25,20361.93,3,601,0,1,1,1,0.029415098446192407,0.11790733105336615,0,0.0,-3.1975121,-1.6558194,-5.658995,0.23644252,-0.54399574,2.3084285,-0.13000211
483,TRANSFER,5198.32,C100096,280684.72,275486.4,C100074,105640.39,110838.71,3,471,0,0,1,1,1.3498026027356822,0.01852013889462882,12,0.0,-2.991261,-1.8541491,-5.6584744,-0.47670233,-0.53846765,2.3638818,-0.11613525
483,TRANSFER,31804.22,C100434,73781.05,41976.82,C100063,155690.46,187494.68,3,572,0,1,1,1,0.31850748597325035,0.4310621765344895,0,0.0,-3.1975121,-1.6558194,-5.658995,0.23644252,-0.54399574,2.3084285,-0.13000211
483,TRANSFER,1114.34,C100794,369699.14,368584.8,C101956,39662.38,40776.73,3,558,0,0,1,1,0.023581265784149652,0.0030141806659328444,0,0.0,-2.9705603,-1.8473557,-5.6584744,-0.4786451,-0.53900033,2.3465033,-0.16548668
483,TRANSFER,4269.07,C100866,182073.63,177804.56,C100705,79901.05,84170.13,3,679,0,0,1,1,1.0628958718025627,0.023446942865916386,0,0.0,-2.9705603,-1.8473557,-5.6584744,-0.4786451,-0.53900033,2.3465033,-0.16548668
483,TRANSFER,4744.58,C101483,475464.56,470719.98,C100250,0.0,4744.58,12,508,0,0,1,1,0.07136232781576826,0.009978829967894978,0,0.0,-2.3502975,-1.4680284,-3.8880417,-0.65513396,-0.71785885,-2.8872056,-0.18109499
483,TRANSFER,1304869.18,C100650,27754.02,0.0,C101076,97663.13,1402532.3,8,326,0,0,1,1,7.295619775932848,2.0,157,2.2,0.9466791,0.47423264,1.6088324,-1.1307485,-0.90624636,-4.669931,-0.15991059
483,TRANSFER,79322.6,C101838,95187.12,15864.52,C101469,303665.03,382987.63,3,680,0,0,1,1,0.8226843559199268,0.8333333333333335,0,0.0,-2.9705603,-1.8473557,-5.6584744,-0.4786451,-0.53900033,2.3465033,-0.16548668
483,TRANSFER,6762.1,C100625,81948.01,75185.91,C101330,100991.28,107753.37,3,621,0,1,1,1,0.9187982051372233,0.08251695190645875,0,0.0,-3.1975121,-1.6558194,-5.658995,0.23644252,-0.54399574,2.3084285,-0.13000211
484,TRANSFER,6697.17,C100850,81948.28,75251.12,C100269,57149.3,63846.47,4,695,0,0,1,1,0.6507103999284888,0.08172435101749542,0,0.0,-3.013765,-1.8913609,-5.6584744,-0.4786451,-0.54374427,2.2253532,-0.16548668
484,TRANSFER,31461.62,C100386,37753.95,6292.32,C101064,69697.59,101159.21,4,716,0,2,1,1,0.24804828729545297,0.8333332008968598,0,0.0,-3.2493896,-1.5650817,-5.413605,-0.23514885,-0.5779855,2.499351,-0.11812753
484,TRANSFER,72478.95,C100057,86974.74,14495.79,C100842,198089.68,270568.63,4,582,0,0,1,1,1.4288155007699936,0.8333333333333333,0,0.0,-3.013765,-1.8913609,-5.6584744,-0.4786451,-0.54374427,2.2253532,-0.16548668
484,TRANSFER,7593.43,C100366,378237.13,370643.7,C101601,1796528.31,1804121.74,4,646,0,1,1,1,0.09474153509729544,0.020075845012889136,0,0.0,-3.2407174,-1.6998246,-5.658995,0.23644252,-0.5487397,2.1872785,-0.13000211
484,TRANSFER,29492.39,C100011,832858.81,803366.42,C100635,420378.19,449870.58,4,604,0,0,1,1,0.41861452712265956,0.03541103203314857,0,0.0,-3.013765,-1.8913609,-5.6584744,-0.4786451,-0.54374427,2.2253532,-0.16548668
484,TRANSFER,17731.31,C100125,124469.74,106738.43,C101863,708766.32,726497.63,4,607,0,0,1,1,0.24507288407203778,0.14245478459262467,0,0.0,-3.013765,-1.8913609,-5.6584744,-0.4786451,-0.54374427,2.2253532,-0.16548668
484,TRANSFER,880066.58,C101450,14800.66,0.0,C101167,46930.75,926997.34,13,601,0,0,1,1,6.339131637469084,2.0,0,0.5,-0.6822045,0.031519886,1.7378148,-0.5615476,-1.1126543,-4.6463933,-0.18016724
484,TRANSFER,16101.14,C101986,25622.7,9521.55,C101115,242456.27,258557.42,4,703,0,0,1,1,1.0238636498402773,0.628393572886542,0,0.0,-3.013765,-1.8913609,-5.6584744,-0.4786451,-0.54374427,2.2253532,-0.16548668
484,TRANSFER,7586.12,C101017,351030.05,343443.93,C100628,37043.5,44629.63,4,703,0,0,1,1,0.7983398149149924,0.021611027318031606,0,0.0,-3.013765,-1.8913609,-5.6584744,-0.4786451,-0.54374427,2.2253532,-0.16548668
484,TRANSFER,11928.35,C100554,157447.15,145518.79,C100929,67916.39,79844.75,4,572,0,1,1,1,0.08375378123306755,0.07576097757247433,0,0.0,-3.2407174,-1.6998246,-5.658995,0.23644252,-0.5487397,2.1872785,-0.13000211
484,TRANSFER,37974.81,C101460,111545.15,73570.34,C100757,146950.35,184925.16,4,696,0,2,1,1,1.0522228988419016,0.34044339892859526,0,0.0,-3.2493896,-1.5650817,-5.413605,-0.23514885,-0.5779855,2.499351,-0.11812753
484,TRANSFER,1631.77,C100858,65675.02,64043.25,C101183,194444.24,196076.01,4,631,0,2,1,1,0.7488411112976182,0.024846128710733547,0,0.0,-3.2493896,-1.5650817,-5.413605,-0.23514885,-0.5779855,2.499351,-0.11812753
484,TRANSFER,14717.12,C101146,269072.98,254355.86,C100422,634040.86,648757.98,4,644,0,0,1,1,0.7509349426079294,0.05469564428208288,0,0.0,-3.013765,-1.8913609,-5.6584744,-0.4786451,-0.54374427,2.2253532,-0.16548668
484,TRANSFER,40988.6,C100434,73781.05,32792.45,C100752,14144.96,55133.56,4,572,0,2,1,1,0.41048565063262576,0.5555437337907226,0,0.0,-3.2493896,-1.5650817,-5.413605,-0.23514885,-0.5779855,2.499351,-0.11812753
484,TRANSFER,1429.7,C101483,475464.56,474034.86,C100271,0.0,1429.7,12,508,0,1,1,1,0.021503846510798404,0.0030069538726503614,0,0.0,-2.5863402,-1.2650838,-3.8894126,0.24856035,-0.7431547,-2.7366734,-0.1278737
484,TRANSFER,11201.03,C101275,25377.45,14176.42,C100419,6047.98,17249.01,4,617,0,0,1,1,0.8250921882071149,0.44137728573989904,0,0.0,-3.013765,-1.8913609,-5.6584744,-0.4786451,-0.54374427,2.2253532,-0.16548668
484,TRANSFER,3195.25,C100583,148415.39,145220.14,C101858,60487.51,63682.76,4,616,0,0,1,1,0.6749931311091374,0.02152910153050839,0,0.0,-3.013765,-1.8913609,-5.6584744,-0.4786451,-0.54374427,2.2253532,-0.16548668
485,TRANSFER,55777.03,C100183,66932.44,11155.41,C100950,24255.26,80032.3,5,484,0,0,1,1,1.4478182199850536,0.8333332835318717,1,0.0,-2.3880923,-1.6530298,-3.7581031,-0.61087686,-0.6987975,-2.6518826,-0.1919473
485,TRANSFER,1393.03,C100462,81999.39,80606.36,C100600,51403.45,52796.48,5,586,0,2,1,1,0.5026788815365115,0.016988297108063852,0,0.0,-2.5982978,-1.2960657,-3.47151,-0.35090783,-0.76111835,-2.3594697,-0.14507683
485,TRANSFER,13166.53,C100475,103133.23,89966.7,C101000,441894.85,455061.38,5,646,0,0,1,1,1.36222909896404,0.12766525396324735,0,0.0,-2.3673913,-1.6530298,-3.7581031,-0.6128197,-0.6993303,-2.6518826,-0.21017267
485,TRANSFER,1153.18,C100629,93814.94,92661.76,C100355,7160.03,8313.21,5,567,0,0,1,1,0.9055012589711509,0.012292072030318412,0,0.0,-2.3673913,-1.6530298,-3.7581031,-0.6128197,-0.6993303,-2.6518826,-0.21017267
485,TRANSFER,18265.04,C100454,60316.39,42051.36,C100764,51513.3,69778.34,5,605,0,1,1,1,1.4666073547808969,0.30282051031237117,0,0.0,-2.5943441,-1.4646981,-3.7594745,0.19323318,-0.7246261,-2.5989926,-0.15695137
485,TRANSFER,16711.3,C101864,20053.56,3342.26,C101460,111545.15,128256.45,5,462,0,1,1,1,1.0140397321256216,0.8333333333333333,23,0.0,-2.608767,-1.5007596,-3.7594745,0.19203712,-0.7240934,-2.5605788,-0.02000361
485,TRANSFER,19359.61,C100792,38447.33,19087.72,C100665,113840.75,133200.36,5,717,0,0,1,1,0.17010456589270603,0.5035358762233945,0,0.0,-2.3673913,-1.6530298,-3.7581031,-0.6128197,-0.6993303,-2.6518826,-0.21017267
485,TRANSFER,1321322.12,C101483,475464.56,0.0,C100121,104095.12,1425417.24,12,508,0,2,1,1,19.873755375115586,2.0,0,0.7,0.96619105,-0.7863658,1.7041554,-1.0684072,-1.3424056,-4.3377824,-0.14684583
485,TRANSFER,7332.7,C101025,100296.29,92963.59,C101816,91549.21,98881.92,5,545,0,1,1,1,0.05225086187125373,0.07311038125139026,0,0.0,-2.5943441,-1.4646981,-3.7594745,0.19323318,-0.7246261,-2.5989926,-0.15695137
485,TRANSFER,40584.08,C100417,48700.9,8116.82,C101300,191052.68,231636.76,5,716,0,0,1,1,0.843482611176553,0.8333332648883286,0,0.0,-2.3673913,-1.6530298,-3.7581031,-0.6128197,-0.6993303,-2.6518826,-0.21017267
485,TRANSFER,8509.33,C101490,23043.94,14534.61,C100661,42612.34,51121.67,5,503,0,0,1,1,1.1771959467930557,0.3692654120779693,0,0.0,-2.3673913,-1.6530298,-3.7581031,-0.6128197,-0.6993303,-2.6518826,-0.21017267
485,TRANSFER,7100.17,C100366,378237.13,371136.95,C101678,43289.91,50390.08,5,646,0,2,1,1,0.08858723992342908,0.018771742478058673,0,0.0,-2.5982978,-1.2960657,-3.47151,-0.35090783,-0.76111835,-2.3594697,-0.14507683
485,TRANSFER,1123801.16,C101208,336064.84,0.0,C100643,31313.23,1155114.39,18,-211,0,0,1,1,6.65796320856696,2.0,696,3.3,-0.6932773,0.2977059,1.7925155,-0.20198356,-1.0194705,-4.595793,1.0058187
486,TRANSFER,25148.2,C100449,263794.32,238646.13,C101584,143029.02,168177.22,6,541,0,0,1,1,0.42657572394823423,0.09533260610008586,0,0.0,-2.3673913,-1.6530298,-3.7581031,-0.6128197,-0.6993303,-2.6518826,-0.21017267
486,TRANSFER,1458192.58,C101529,86284.33,0.0,C101271,66736.52,1524929.1,16,-472,0,5,1,1,12.841237194313145,2.0,958,56.5,0.8001306,0.48024136,1.8272117,-1.7645714,-1.3788182,-1.0241828,1.2843868
486,TRANSFER,36452.92,C101664,80610.88,44157.96,C100356,118195.74,154648.66,6,536,0,1,1,1,0.2932343387863987,0.4522084363798038,0,0.0,-2.5943441,-1.4646981,-3.7594745,0.19323318,-0.7246261,-2.5989926,-0.15695137
486,TRANSFER,13765.79,C100492,247495.22,233729.43,C101091,44441.36,58207.15,6,591,0,1,1,1,1.365320885232347,0.055620427739978176,0,0.0,-2.5943441,-1.4646981,-3.7594745,0.19323318,-0.7246261,-2.5989926,-0.15695137
486,TRANSFER,8808.66,C101025,100296.29,91487.63,C101876,25647.12,34455.78,6,545,0,2,1,1,0.06276815864972492,0.08782637922100608,0,0.0,-2.5982978,-1.2960657,-3.47151,-0.35090783,-0.76111835,-2.3594697,-0.14507683
486,TRANSFER,1245975.03,C100570,1509954.67,263979.64,C100084,336680.16,1582655.19,10,-224,0,4,1,1,20.918985560276294,0.8251737980981907,710,0.1,-0.5234427,0.17656747,-3.3409398,-0.5222855,-1.3464574,-1.7314777,0.47874555
486,TRANSFER,7442.54,C100699,35088.24,27645.69,C101392,37994.07,45436.61,6,612,0,1,1,1,0.6455349051815118,0.21210924229884429,0,0.0,-2.5943441,-1.4646981,-3.7594745,0.19323318,-0.7246261,-2.5989926,-0.15695137
486,TRANSFER,23031.12,C100374,64496.31,41465.19,C100990,212963.26,235994.37,6,691,0,0,1,1,0.3387149766255802,0.3570920568944177,0,0.0,-2.3673913,-1.6530298,-3.7581031,-0.6128197,-0.6993303,-2.6518826,-0.21017267
486,TRANSFER,3679.0,C101520,41239.78,37560.78,C101604,107383.59,111062.59,6,553,0,0,1,1,0.9838378887603728,0.08920998123656335,0,0.0,-2.3673913,-1.6530298,-3.7581031,-0.6128197,-0.6993303,-2.6518826,-0.21017267
486,TRANSFER,21213.89,C101996,332366.15,311152.26,C100694,529116.36,550330.25,6,519,0,1,1,1,1.1305675906149506,0.06382686684549554,0,0.0,-2.5943441,-1.4646981,-3.7594745,0.19323318,-0.7246261,-2.5989926,-0.15695137
486,TRANSFER,17665.66,C100460,21779.06,4113.41,C101483,475464.56,493130.22,6,497,0,1,1,1,0.948437027641938,0.8111305079282576,0,0.0,-2.5943441,-1.4646981,-3.7594745,0.19323318,-0.7246261,-2.5989926,-0.15695137
486,TRANSFER,50320.79,C101439,994519.88,944199.09,C100902,336201.76,386522.55,6,647,0,0,1,1,1.1437441280900578,0.05059807351462899,0,0.0,-2.3673913,-1.6530298,-3.7581031,-0.6128197,-0.6993303,-2.6518826,-0.21017267
486,TRANSFER,81099.59,C100771,197215.05,116115.45,C100676,646245.95,727345.54,6,683,0,1,1,1,1.6369871862475458,0.41122414339067936,0,0.0,-2.5943441,-1.4646981,-3.7594745,0.19323318,-0.7246261,-2.5989926,-0.15695137
486,TRANSFER,4966.48,C100897,108482.18,103515.7,C101608,253677.77,258644.24,6,707,0,1,1,1,0.08896506987987138,0.04578152835792938,0,0.0,-2.5943441,-1.4646981,-3.7594745,0.19323318,-0.7246261,-2.5989926,-0.15695137
486,TRANSFER,4619.77,C101170,353999.71,349379.94,C101749,469402.7,474022.47,6,462,0,1,1,1,0.07309618277845727,0.01305020843096171,24,0.0,-2.608767,-1.5007596,-3.7594745,0.19203712,-0.7240934,-2.5605788,-0.02000361
486,TRANSFER,9415.62,C100366,378237.13,368821.51,C101487,135758.71,145174.32,6,646,0,2,1,1,0.11747659393617864,0.024893431271541217,0,0.0,-2.5982978,-1.2960657,-3.47151,-0.35090783,-0.76111835,-2.3594697,-0.14507683
486,TRANSFER,18680.05,C101377,70610.55,51930.5,C100792,38447.33,57127.38,6,617,0,1,1,1,0.3679780742387868,0.2645504106680942,0,0.0,-2.5943441,-1.4646981,-3.7594745,0.19323318,-0.7246261,-2.5989926,-0.15695137
486,TRANSFER,33263.16,C100613,61656.18,28393.02,C100897,108482.18,141745.34,6,473,0,0,1,1,1.6096991440652755,0.5394943377938757,13,0.0,-2.3880923,-1.6598232,-3.7581031,-0.61087686,-0.6987975,-2.634504,-0.16082121
486,TRANSFER,2270.92,C100610,13337.81,11066.9,C100776,192354.33,194625.25,6,534,0,0,1,1,0.04348051292706986,0.17026183458903674,0,0.0,-2.3673913,-1.6530298,-3.7581031,-0.6128197,-0.6993303,-2.6518826,-0.21017267
486,TRANSFER,16186.06,C100157,37371.2,21185.14,C101698,27599.27,43785.32,6,714,0,1,1,1,0.23983532090125917,0.4331158753264546,0,0.0,-2.5943441,-1.4646981,-3.7594745,0.19323318,-0.7246261,-2.5989926,-0.15695137
486,TRANSFER,58759.93,C101055,70511.91,11751.99,C101923,219476.34,278236.27,6,645,0,0,1,1,0.9995266446419563,0.8333334042433398,0,0.0,-2.3673913,-1.6530298,-3.7581031,-0.6128197,-0.6993303,-2.6518826,-0.21017267
486,TRANSFER,4082.3,C100333,94814.33,90732.03,C100466,58185.45,62267.75,6,670,0,1,1,1,0.8799710290507057,0.04305572796854653,0,0.0,-2.5943441,-1.4646981,-3.7594745,0.19323318,-0.7246261,-2.5989926,-0.15695137
487,TRANSFER,7868.64,C100525,223881.24,216012.6,C101937,173454.88,181323.52,7,661,0,0,1,1,0.9350966809899576,0.03514649105927768,0,0.0,-2.3673913,-1.6530298,-3.7581031,-0.6128197,-0.6993303,-2.6518826,-0.21017267
487,TRANSFER,6736.08,C101874,21280.53,14544.45,C101689,498921.51,505657.59,7,537,0,0,1,1,0.12098568032817335,0.31653722910096693,0,0.0,-2.3673913,-1.6530298,-3.7581031,-0.6128197,-0.6993303,-2.6518826,-0.21017267
487,TRANSFER,6772.9,C100486,112254.74,105481.84,C101163,222334.32,229107.22,7,664,0,0,1,1,1.0543898088780632,0.060335091417965954,0,0.0,-2.3673913,-1.6530298,-3.7581031,-0.6128197,-0.6993303,-2.6518826,-0.21017267
487,TRANSFER,857835.78,C100091,210088.64,0.0,C101644,71055.03,928890.8,8,470,0,2,1,1,7.142555391151295,2.0,17,0.2,-1.2984947,0.002588675,1.5717037,-0.77674925,-1.2111269,-4.705358,-0.0979365
487,TRANSFER,36806.05,C101103,349120.81,312314.76,C100360,649526.02,686332.08,7,713,0,2,1,1,0.36204960363779065,0.10542496736301683,0,0.0,-2.5982978,-1.2960657,-3.47151,-0.35090783,-0.76111835,-2.3594697,-0.14507683
487,TRANSFER,2200.09,C101989,33200.66,31000.57,C101384,90384.28,92584.37,7,643,0,0,1,1,0.7356371527421186,0.06626645373917266,0,0.0,-2.3673913,-1.6530298,-3.7581031,-0.6128197,-0.6993303,-2.6518826,-0.21017267
488,TRANSFER,3643.34,C100024,19927.0,16283.66,C100033,61310.32,64953.66,8,673,0,0,1,1,0.4009628528805441,0.1828343453605661,0,0.0,-2.3673913,-1.6530298,-3.7581031,-0.6128197,-0.6993303,-2.6518826,-0.21017267
488,TRANSFER,1196732.13,C100123,107066.51,0.0,C100840,73691.66,1270423.79,1,-493,1,0,1,1,11.102931783700372,2.0,981,99.9,0.22371325,-0.08397074,2.3067822,-0.17402333,-0.4862081,4.710856,1.0032493
488,TRANSFER,4520.01,C100478,246367.37,241847.36,C101220,547097.18,551617.19,8,568,0,0,1,1,0.02797230840422898,0.018346626016261813,0,0.0,-2.3673913,-1.6530298,-3.7581031,-0.6128197,-0.6993303,-2.6518826,-0.21017267
488,TRANSFER,5911.33,C101535,19873.36,13962.03,C100050,247766.18,253677.51,8,581,0,0,1,1,1.2058321812339459,0.2974499531030485,0,0.0,-2.3673913,-1.6530298,-3.7581031,-0.6128197,-0.6993303,-2.6518826,-0.21017267
488,TRANSFER,5316.23,C101213,28847.68,23531.46,C101453,234560.88,239877.11,8,692,0,2,1,1,0.8421522808201831,0.18428622336354256,0,0.0,-2.5982978,-1.2960657,-3.47151,-0.35090783,-0.76111835,-2.3594697,-0.14507683
488,TRANSFER,42425.4,C101857,99947.73,57522.34,C100131,1632158.85,1674584.24,8,572,0,0,1,1,1.1710669285237494,0.42447587353909894,0,0.0,-2.3673913,-1.6530298,-3.7581031,-0.6128197,-0.6993303,-2.6518826,-0.21017267
488,TRANSFER,16177.97,C101105,104150.26,87972.29,C101805,4229.44,20407.41,8,620,0,0,1,1,0.624501140020772,0.15533297756529846,0,0.0,-2.3673913,-1.6530298,-3.7581031,-0.6128197,-0.6993303,-2.6518826,-0.21017267
488,TRANSFER,3915.42,C101466,506333.03,502417.61,C100310,266116.32,270031.74,8,687,0,0,1,1,1.032863701149007,0.007732894691859229,0,0.0,-2.3673913,-1.6530298,-3.7581031,-0.6128197,-0.6993303,-2.6518826,-0.21017267
488,TRANSFER,16677.05,C100979,1559065.07,1542388.02,C100022,115371.87,132048.92,8,697,0,0,1,1,0.8083534654348948,0.01069682742619588,0,0.0,-2.3673913,-1.6530298,-3.7581031,-0.6128197,-0.6993303,-2.6518826,-0.21017267
488,TRANSFER,8991.64,C101128,41300.37,32308.73,C101012,59552.67,68544.31,8,712,0,0,1,1,0.8974869664132303,0.21771330377911866,0,0.0,-2.3673913,-1.6530298,-3.7581031,-0.6128197,-0.6993303,-2.6518826,-0.21017267
488,TRANSFER,2116667.11,C100244,178216.84,0.0,MULE156947,0.0,2116667.11,16,-400,1,3,0,1,8.370220215306976,2.0,888,100.0,3.8440893,0.32202622,1.993464,-0.26043934,4.018139,-0.10898475,0.17262408
488,TRANSFER,10759.76,C100266,204872.29,194112.53,C101268,67802.15,78561.92,8,583,0,0,1,1,0.6843159905927548,0.052519352421940516,0,0.0,-2.3673913,-1.6530298,-3.7581031,-0.6128197,-0.6993303,-2.6518826,-0.21017267
489,TRANSFER,19818.23,C100809,23781.88,3963.65,C101175,11925.72,31743.95,9,544,0,1,1,1,0.14448145725260628,0.8333331931705987,0,0.0,-2.5943441,-1.4526827,-3.7594745,0.19323318,-0.7246261,-2.6110082,-0.15695137
489,TRANSFER,86788.36,C100330,104146.04,17357.67,C100511,765374.98,852163.35,9,631,0,0,1,1,0.9485432142672796,0.8333332693206579,0,0.0,-2.3673913,-1.6410142,-3.7581031,-0.6128197,-0.6993303,-2.6638985,-0.21017267
489,TRANSFER,20021.05,C100216,100060.8,80039.74,C101419,431090.46,451111.52,9,533,0,1,1,1,0.8451689394395605,0.20008884598164314,0,0.0,-2.5943441,-1.4526827,-3.7594745,0.19323318,-0.7246261,-2.6110082,-0.15695137
489,TRANSFER,47544.5,C101198,337630.74,290086.23,C100468,218455.39,265999.89,9,469,0,1,1,1,0.4941349411841615,0.14081804281209703,20,0.0,-2.608767,-1.4594762,-3.7594745,0.19203712,-0.7240934,-2.5936294,-0.110738836
489,TRANSFER,9260.29,C101065,99206.56,89946.28,C101417,306599.94,315860.22,9,536,0,1,1,1,0.7315611569134459,0.09334352486367838,0,0.0,-2.5943441,-1.4526827,-3.7594745,0.19323318,-0.7246261,-2.6110082,-0.15695137
489,TRANSFER,23131.55,C101618,149917.98,126786.43,C100207,166906.13,190037.68,9,578,0,3,1,1,0.39728297783132804,0.15429470167620987,0,0.0,-2.475803,-1.2796365,-3.3898907,0.0047643343,-0.84333175,-2.1111095,-0.14329872
489,TRANSFER,7518.38,C100055,198735.44,191217.06,C101111,424462.48,431980.86,9,473,0,0,1,1,0.06806107096858247,0.03783109846940234,16,0.0,-2.3880923,-1.6478076,-3.7581031,-0.61087686,-0.6987975,-2.6465197,-0.16082121
489,TRANSFER,10773.0,C101970,15116.68,4343.68,C100012,217631.13,228404.13,9,615,0,1,1,1,0.05421299332198817,0.7126564827726722,0,0.0,-2.5943441,-1.4526827,-3.7594745,0.19323318,-0.7246261,-2.6110082,-0.15695137
489,TRANSFER,24075.36,C101632,45100.31,21024.95,C100873,10157.27,34232.63,9,474,0,0,1,1,1.489848802535447,0.5338180602306282,15,0.0,-2.3880923,-1.6478076,-3.7581031,-0.61087686,-0.6987975,-2.6465197,-0.16082121
489,TRANSFER,6764.17,C101538,278093.02,271328.85,C101214,334493.41,341257.58,9,642,0,1,1,1,1.290470040910223,0.024323408045264852,0,0.0,-2.5943441,-1.4526827,-3.7594745,0.19323318,-0.7246261,-2.6110082,-0.15695137
490,TRANSFER,16189.68,C100401,320048.89,303859.21,C101459,249360.21,265549.9,10,487,0,0,1,1,0.15747763632322492,0.05058502155717522,3,0.0,-2.5804498,-1.6295782,-3.8895862,-0.6055461,-0.7091306,-2.3464909,-0.1919473
490,TRANSFER,40422.02,C100349,242643.46,202221.44,C101654,208553.17,248975.19,10,467,0,0,1,1,0.6622275340300281,0.16659018957279953,23,0.0,-2.5804498,-1.6656394,-3.8895862,-0.6055461,-0.7091306,-2.3080773,-0.07008602
490,TRANSFER,36546.85,C100859,43856.22,7309.37,C101268,67802.15,104349.0,10,537,0,1,1,1,1.3771409762247675,0.8333333333333333,0,0.0,-2.7867017,-1.4412465,-3.890957,0.19856392,-0.7349593,-2.2936003,-0.15695137
490,TRANSFER,6609.32,C100329,327619.72,321010.4,C101332,10273.39,16882.71,10,666,0,0,1,1,0.12926549291562972,0.020173755108514227,0,0.0,-2.559749,-1.6295782,-3.8895862,-0.60748893,-0.70966333,-2.3464909,-0.21017267
490,TRANSFER,2654.8,C100503,176547.3,173892.5,C101411,8717.29,11372.09,10,658,0,0,1,1,0.906746044976886,0.015037329939342037,0,0.0,-2.559749,-1.6295782,-3.8895862,-0.60748893,-0.70966333,-2.3464909,-0.21017267
490,TRANSFER,2292.11,C100384,224323.73,222031.62,C100222,109446.62,111738.73,10,602,0,0,1,1,0.8137052341597796,0.010217866830227903,0,0.0,-2.559749,-1.6295782,-3.8895862,-0.60748893,-0.70966333,-2.3464909,-0.21017267
490,TRANSFER,28321.28,C101464,178036.37,149715.09,C100101,12614.69,40935.96,10,522,0,0,1,1,0.7944132220360633,0.1590758113075435,0,0.0,-2.559749,-1.6295782,-3.8895862,-0.60748893,-0.70966333,-2.3464909,-0.21017267
490,TRANSFER,8082.09,C100021,38254.5,30172.4,C100783,354751.62,362833.71,10,607,0,0,1,1,0.11353905718185918,0.21127161510410541,0,0.0,-2.559749,-1.6295782,-3.8895862,-0.60748893,-0.70966333,-2.3464909,-0.21017267
491,TRANSFER,40865.48,C100991,695844.58,654979.1,C100473,198988.61,239854.1,11,577,0,0,1,1,0.4336001622430634,0.058727884321524794,0,0.0,-2.3507016,-1.4610878,-3.8880417,-0.61479807,-0.71769863,-2.7883985,-0.18055879
491,TRANSFER,11219.57,C101688,2307746.1,2296526.53,C100411,653967.61,665187.19,11,699,0,1,1,1,0.9216321254789781,0.004861700340431731,0,0.0,-2.5867443,-1.2727561,-3.8894126,0.2230149,-0.7429945,-2.703748,-0.1273375
491,TRANSFER,14150.29,C100295,300526.4,286376.11,C100489,98449.57,112599.86,11,510,0,1,1,1,0.9599740846229776,0.047085014827316335,0,0.0,-2.5867443,-1.2727561,-3.8894126,0.2230149,-0.7429945,-2.703748,-0.1273375
491,TRANSFER,3332.02,C100305,54618.82,51286.8,C101628,430339.22,433671.23,11,542,0,1,1,1,0.7990445370274019,0.061004979602268965,0,0.0,-2.5867443,-1.2727561,-3.8894126,0.2230149,-0.7429945,-2.703748,-0.1273375
491,TRANSFER,309394.04,C101616,412467.35,103073.32,C100500,191701.0,501095.04,11,586,0,2,1,1,1.1514558551828746,0.7501055295649461,0,0.0,-2.5936542,-1.1041232,-3.5718427,-0.53343344,-0.79624003,-2.6765323,-0.11546296
491,TRANSFER,1315421.33,C100396,58087.63,0.0,C100907,101118.13,1416539.46,14,-262,0,1,1,1,15.719441725344911,2.0,753,97.7,1.3835481,1.9029706,1.9232494,0.43278927,-0.99588424,-1.331497,0.38544002
491,TRANSFER,71212.76,C100837,130197.36,58984.61,C101849,37306.89,108519.65,11,570,0,0,1,1,0.648374618039266,0.5469600919711428,0,0.0,-2.3507016,-1.4610878,-3.8880417,-0.61479807,-0.71769863,-2.7883985,-0.18055879
491,TRANSFER,20468.35,C101972,130811.77,110343.42,C100804,35361.12,55829.47,11,526,0,1,1,1,0.2305608505929357,0.1564717762017898,0,0.0,-2.5867443,-1.2727561,-3.8894126,0.2230149,-0.7429945,-2.703748,-0.1273375
491,TRANSFER,44576.76,C101244,176689.12,132112.36,C100110,157715.16,202291.92,11,537,0,0,1,1,1.0345841261350444,0.2522892184872504,0,0.0,-2.3507016,-1.4610878,-3.8880417,-0.61479807,-0.71769863,-2.7883985,-0.18055879
491,TRANSFER,11659.91,C101360,92306.1,80646.19,C101785,22953.19,34613.1,11,658,0,0,1,1,0.12293481765014129,0.12631787064993538,0,0.0,-2.3507016,-1.4610878,-3.8880417,-0.61479807,-0.71769863,-2.7883985,-0.18055879
491,TRANSFER,4232.36,C100581,315400.51,311168.15,C100540,175657.15,179889.51,11,527,0,0,1,1,1.1087077037432402,0.013419001763820862,0,0.0,-2.3507016,-1.4610878,-3.8880417,-0.61479807,-0.71769863,-2.7883985,-0.18055879
491,TRANSFER,6111.38,C101040,447596.32,441484.93,C100487,273088.31,279199.69,11,488,0,0,1,1,0.13060459056650472,0.013653776241949443,3,0.0,-2.3714025,-1.4610878,-3.8880417,-0.6128553,-0.7171659,-2.7883985,-0.16233341
492,TRANSFER,1491647.28,C101019,8487.3,0.0,C101592,856996.16,2348643.44,14,295,0,1,1,1,17.67637605920209,2.0,197,55.2,0.1669796,0.68765736,1.9252979,0.23895863,-1.1224475,-1.3669002,-0.3551602
492,TRANSFER,22213.13,C100200,51666.13,29453.0,C101835,138436.95,160650.08,12,600,0,0,1,1,0.36849505256026505,0.4299360141740827,0,0.0,-2.3502975,-1.4680284,-3.8880417,-0.65513396,-0.71785885,-2.8872056,-0.18109499
492,TRANSFER,40818.72,C101708,83245.76,42427.04,C100245,46881.46,87700.19,12,476,0,1,1,1,1.0957017234920206,0.4903399284239822,16,0.0,-2.6007633,-1.2730377,-3.8894126,0.2473643,-0.74262196,-2.7395701,-0.101936735
492,TRANSFER,9604.15,C101693,20196.33,10592.18,C100723,122464.44,132068.59,12,547,0,0,1,1,1.1461034439285152,0.47553936779603023,0,0.0,-2.3502975,-1.4680284,-3.8880417,-0.65513396,-0.71785885,-2.8872056,-0.18109499
492,TRANSFER,5472.23,C100385,47244.82,41772.59,C100676,646245.95,651718.18,12,609,0,0,1,1,0.9494435456299855,0.11582708961532713,0,0.0,-2.3502975,-1.4680284,-3.8880417,-0.65513396,-0.71785885,-2.8872056,-0.18109499
492,TRANSFER,6272.77,C100435,31269.11,24996.35,C100901,18255.09,24527.86,12,473,0,0,1,1,0.8785934234627333,0.20060596544001413,19,0.0,-2.3709981,-1.4759823,-3.8880417,-0.6531912,-0.7173261,-2.8901024,-0.15201911
493,TRANSFER,12392.27,C101581,1161768.67,1149376.39,C101168,32818.55,45210.83,13,549,0,0,1,1,1.1296755808695906,0.010666727654137894,0,0.0,-2.3502975,-1.4680284,-3.8880417,-0.65513396,-0.7234573,-2.881607,-0.18109499
493,TRANSFER,7140.13,C100715,107051.64,99911.5,C100321,446562.54,453702.68,13,687,0,0,1,1,1.8255808233981776,0.06669799734034901,0,0.0,-2.3502975,-1.4680284,-3.8880417,-0.65513396,-0.7234573,-2.881607,-0.18109499
493,TRANSFER,1577.12,C101550,40488.99,38911.87,C100699,35088.24,36665.36,13,620,0,0,1,1,0.5904192920160409,0.038951823693305264,0,0.0,-2.3502975,-1.4680284,-3.8880417,-0.65513396,-0.7234573,-2.881607,-0.18109499
493,TRANSFER,6516.38,C100263,78121.78,71605.4,C101719,138278.52,144794.9,13,564,0,0,1,1,0.0458807710721287,0.08341310195441015,0,0.0,-2.3502975,-1.4680284,-3.8880417,-0.65513396,-0.7234573,-2.881607,-0.18109499
493,TRANSFER,26866.17,C100339,271773.5,244907.33,C101570,235826.01,262692.18,13,496,0,1,1,1,0.24895473772416457,0.098855002419294,0,0.0,-2.5863402,-1.2650838,-3.8894126,0.24856035,-0.74875313,-2.7310748,-0.1278737
493,TRANSFER,7705.41,C100055,198735.44,191030.03,C101649,105027.98,112733.39,13,473,0,1,1,1,0.06975418332832671,0.03877219885894534,20,0.0,-2.6007633,-1.2730377,-3.8894126,0.2473643,-0.7482204,-2.7339716,-0.101936735
493,TRANSFER,4231.95,C100333,94814.33,90582.39,C101411,8717.29,12949.24,13,670,0,2,1,1,0.9122292326362916,0.04463407588283332,0,0.0,-2.5951092,-1.0964509,-3.5718427,-0.5404966,-0.8045183,-2.7364674,-0.11599915
493,TRANSFER,26251.52,C100797,72473.38,46221.86,C101641,727763.4,754014.92,13,715,0,1,1,1,0.7725930504280694,0.3622229293017657,0,0.0,-2.5863402,-1.2650838,-3.8894126,0.24856035,-0.74875313,-2.7310748,-0.1278737
493,TRANSFER,14896.26,C100295,300526.4,285630.14,C100286,227973.8,242870.05,13,510,0,1,1,1,1.0105816600087967,0.049567226040707235,0,0.0,-2.5863402,-1.2650838,-3.8894126,0.24856035,-0.74875313,-2.7310748,-0.1278737
493,TRANSFER,21844.19,C101146,269072.98,247228.79,C100386,14320.28,36164.47,13,644,0,1,1,1,1.1145907326954392,0.08118314220922516,0,0.0,-2.5863402,-1.2650838,-3.8894126,0.24856035,-0.74875313,-2.7310748,-0.1278737
493,TRANSFER,200346.22,C101616,412467.35,212121.14,C101698,27599.27,227945.48,13,586,0,3,1,1,0.7456182028676324,0.48572625202940306,0,0.0,-2.4726143,-1.100336,-3.4902234,-0.18067527,-0.8867318,-2.4719443,-0.11422103
493,TRANSFER,23934.98,C100308,464740.69,440805.7,C100048,111603.53,135538.52,13,691,0,0,1,1,0.9241752952916611,0.051501795549685994,0,0.0,-2.3502975,-1.4680284,-3.8880417,-0.65513396,-0.7234573,-2.881607,-0.18109499
493,TRANSFER,12185.34,C101189,19255.25,7069.91,C100922,21428.07,33613.41,13,545,0,1,1,1,0.9655122537615372,0.6328320847561055,0,0.0,-2.5863402,-1.2650838,-3.8894126,0.24856035,-0.74875313,-2.7310748,-0.1278737
494,TRANSFER,2725.49,C101327,106613.37,103887.87,C100533,117549.85,120275.34,14,707,0,0,1,1,1.0204281058867928,0.02556424208333345,0,0.0,-2.3154733,-1.8254687,-4.3030157,-0.5675392,-0.721397,-1.2288578,-0.12701531
494,TRANSFER,2696.2,C100760,42900.63,40204.43,MULE77408,0.0,2696.2,4,643,0,0,1,1,0.026971276320969326,0.06284756191226096,0,0.0,-3.013765,-1.8913609,-5.6584744,-0.4786451,-0.54374427,2.2253532,-0.16548668
494,TRANSFER,30330.39,C100939,40099.95,9769.57,C101624,91432.41,121762.8,14,492,0,1,1,1,0.9053592639061157,0.7563697710346272,2,0.0,-2.5659394,-1.6225241,-4.3043866,0.3349591,-0.7461602,-1.0783259,-0.058707535
494,TRANSFER,3247.24,C101538,278093.02,274845.78,C100979,1559065.07,1562312.31,14,642,0,2,1,1,0.6195092576983299,0.011676812312657108,0,0.0,-2.5602853,-1.4538914,-3.986817,-0.50354797,-0.80678326,-1.1343645,-0.061919503
494,TRANSFER,44517.65,C100797,72473.38,27955.72,C100982,78061.57,122579.23,14,715,0,2,1,1,1.310172782809877,0.6142620918190927,0,0.0,-2.5602853,-1.4538914,-3.986817,-0.50354797,-0.80678326,-1.1343645,-0.061919503
494,TRANSFER,10107.45,C101970,15116.68,5009.23,C100488,515701.55,525809.0,14,615,0,2,1,1,0.050863744486431765,0.6686289582104007,0,0.0,-2.5602853,-1.4538914,-3.986817,-0.50354797,-0.80678326,-1.1343645,-0.061919503
494,TRANSFER,14995.76,C101146,269072.98,254077.22,C101275,25377.45,40373.21,14,644,0,2,1,1,0.7651524330142231,0.05573119976595198,0,0.0,-2.5602853,-1.4538914,-3.986817,-0.50354797,-0.80678326,-1.1343645,-0.061919503
494,TRANSFER,25159.69,C100507,151835.85,126676.16,C100331,15321.17,40480.87,14,570,0,0,1,1,0.3419361482776266,0.16570322489715042,0,0.0,-2.3154733,-1.8254687,-4.3030157,-0.5675392,-0.721397,-1.2288578,-0.12701531
494,TRANSFER,2725.84,C101588,37813.11,35087.27,C101640,15260.04,17985.88,14,528,0,0,1,1,0.04104661621146439,0.07208716765164251,0,0.0,-2.3154733,-1.8254687,-4.3030157,-0.5675392,-0.721397,-1.2288578,-0.12701531
494,TRANSFER,29530.52,C101460,111545.15,82014.63,C100231,27090.18,56620.7,14,696,0,2,1,1,0.8182447616909408,0.2647405109052254,0,0.0,-2.5602853,-1.4538914,-3.986817,-0.50354797,-0.80678326,-1.1343645,-0.061919503
495,TRANSFER,9230.38,C100475,103133.23,93902.85,C100386,14320.28,23550.66,15,646,0,1,1,1,0.9549890692912781,0.08949957254320455,0,0.0,-2.5383062,-1.4947108,-4.3043866,0.3252477,-0.76045364,-1.4195604,-0.08099857
495,TRANSFER,50491.46,C100446,62860.61,12369.15,C100301,33927.29,84418.75,15,492,0,0,1,1,1.3559473222275569,0.8032289218956036,3,0.0,-2.322964,-1.6976554,-4.3030157,-0.5765039,-0.73462504,-1.5700923,-0.11599442
495,TRANSFER,11612.85,C100329,327619.72,316006.87,C101978,241156.24,252769.09,15,666,0,1,1,1,0.22712484482598372,0.03544612638091505,0,0.0,-2.5383062,-1.4947108,-4.3043866,0.3252477,-0.76045364,-1.4195604,-0.08099857
495,TRANSFER,9534.87,C101771,19679.27,10144.41,C101172,318697.75,328232.62,15,615,0,1,1,1,0.633806797592277,0.4845133991250692,0,0.0,-2.5383062,-1.4947108,-4.3043866,0.3252477,-0.76045364,-1.4195604,-0.08099857
495,TRANSFER,50918.27,C100804,61101.92,10183.65,C101662,58961.08,109879.35,15,715,0,0,1,1,0.41238821627856553,0.8333333878869927,0,0.0,-2.3022633,-1.6976554,-4.3030157,-0.5784466,-0.73515767,-1.5700923,-0.1342198
495,TRANSFER,6312.8,C101448,51742.83,45430.03,C101502,211718.32,218031.12,15,719,0,4,1,1,0.0878564480639377,0.12200337708625524,0,0.0,-2.447824,-1.3304935,-3.8733068,-0.35930562,-0.8903026,-1.460483,-0.06734588
495,TRANSFER,23187.47,C100674,74047.3,50859.83,C101272,79779.91,102967.38,15,481,0,2,1,1,0.2992054598143841,0.3131440309099724,14,0.0,-2.5614984,-1.3340319,-3.986817,-0.40435106,-0.8105276,-1.3671955,-0.043186985
495,TRANSFER,7700.92,C100112,294632.96,286932.04,C101281,248283.0,255983.92,15,702,0,0,1,1,0.15436875403775782,0.026137333718535764,0,0.0,-2.3022633,-1.6976554,-4.3030157,-0.5784466,-0.73515767,-1.5700923,-0.1342198
495,TRANSFER,9035.93,C101134,52480.24,43444.31,C100615,43705.31,52741.24,15,502,0,0,1,1,0.08310403566856783,0.172177756809039,0,0.0,-2.3022633,-1.6976554,-4.3030157,-0.5784466,-0.73515767,-1.5700923,-0.1342198
495,TRANSFER,2749.3,C100333,94814.33,92065.03,C101357,52612.14,55361.44,15,670,0,3,1,1,0.5926326703498286,0.028996671705637748,0,0.0,-2.4473045,-1.3299627,-3.9051976,-0.40404123,-0.8932738,-1.460483,-0.06734588
495,TRANSFER,21200.63,C101033,151532.35,130331.72,C101401,265647.49,286848.11,15,554,0,0,1,1,1.0257204334952794,0.13990827701147643,0,0.0,-2.3022633,-1.6976554,-4.3030157,-0.5784466,-0.73515767,-1.5700923,-0.1342198
496,TRANSFER,12197.95,C100168,40698.56,28500.61,C101820,311940.58,324138.53,16,639,0,0,1,1,1.1046430950363098,0.2997145353545679,0,0.0,-2.4084365,-1.8530564,-4.405692,-0.42836732,-0.6958916,-0.017503984,-0.10854335
496,TRANSFER,1719.35,C101026,238680.24,236960.89,C100165,440935.42,442654.77,16,591,0,0,1,1,0.02547760709501224,0.0072035707689920205,0,0.0,-2.4084365,-1.8530564,-4.405692,-0.42836732,-0.6958916,-0.017503984,-0.10854335
496,TRANSFER,1239408.67,C100760,42900.63,0.0,MULE77408,0.0,1239408.67,4,643,1,3,0,1,12.39835090615499,2.0,0,100.0,0.6614135,-0.16521713,2.0593605,-0.09594373,3.6119275,3.6464617,-0.18952651
496,TRANSFER,16013.06,C101771,19679.27,3666.22,C101232,27164.17,43177.22,16,615,0,2,1,1,1.0644283853112821,0.81370193101675,0,0.0,-2.6832945,-1.4346969,-4.0894923,-0.64429116,-0.7734308,-0.20292611,-0.06005444
496,TRANSFER,18207.45,C101986,25622.7,7415.24,C101239,24787.33,42994.78,16,703,0,1,1,1,1.157802876770487,0.7105984146869768,0,0.0,-2.6360533,-1.6033297,-4.407063,0.29044488,-0.70494294,-0.051854037,-0.073058784
496,TRANSFER,10623.18,C101981,72637.19,62014.01,C101376,209034.44,219657.63,16,638,0,0,1,1,1.3865382819995307,0.14624987558026406,0,0.0,-2.4084365,-1.8530564,-4.405692,-0.42836732,-0.6958916,-0.017503984,-0.10854335
496,TRANSFER,1921.31,C101327,106613.37,104692.05,C101717,168371.9,170293.21,16,707,0,1,1,1,0.7193417418964495,0.018021285698032057,0,0.0,-2.6360533,-1.6033297,-4.407063,0.29044488,-0.70494294,-0.051854037,-0.073058784
496,TRANSFER,37324.51,C100372,86014.1,48689.58,C100041,217955.24,255279.75,16,680,0,2,1,1,1.1570610241427013,0.43393478511081324,0,0.0,-2.6832945,-1.4346969,-4.0894923,-0.64429116,-0.7734308,-0.20292611,-0.06005444
496,TRANSFER,7269.73,C100294,399485.73,392216.0,C101800,67310.61,74580.34,16,698,0,0,1,1,0.7179711532563823,0.01819772135540361,0,0.0,-2.4084365,-1.8530564,-4.405692,-0.42836732,-0.6958916,-0.017503984,-0.10854335
496,TRANSFER,51644.97,C101055,61973.97,10328.99,C100506,612951.16,664596.14,16,645,0,1,1,1,0.878498724840797,0.8333332526542999,0,0.0,-2.6360533,-1.6033297,-4.407063,0.29044488,-0.70494294,-0.051854037,-0.073058784
496,TRANSFER,18778.65,C101990,138708.48,119929.83,C101795,80380.0,99158.66,16,512,0,1,1,1,0.1780973096787081,0.13538213381042025,0,0.0,-2.6360533,-1.6033297,-4.407063,0.29044488,-0.70494294,-0.051854037,-0.073058784
496,TRANSFER,5318.02,C101574,47570.07,42252.04,C101396,33367.74,38685.76,16,629,0,0,1,1,0.10601865162511816,0.11179340286865251,0,0.0,-2.4084365,-1.8530564,-4.405692,-0.42836732,-0.6958916,-0.017503984,-0.10854335
496,TRANSFER,16072.93,C100713,25128.35,9055.41,C100937,543590.98,559663.92,16,527,0,1,1,1,1.1150006009668858,0.6396333225221712,0,0.0,-2.6360533,-1.6033297,-4.407063,0.29044488,-0.70494294,-0.051854037,-0.073058784
497,TRANSFER,22239.37,C101912,55776.12,33536.74,C100971,92599.27,114838.65,17,484,0,1,1,1,0.26981698283962374,0.3987256553521471,13,0.0,-2.6468754,-1.3204675,-4.015815,0.29799357,-0.6642246,-3.0722997,-0.059268337
497,TRANSFER,13989.38,C101123,190105.45,176116.07,C101043,54682.75,68672.12,17,561,0,0,1,1,0.15199440251316557,0.07358747474099242,0,0.0,-2.4048355,-1.5622406,-4.014444,-0.41962254,-0.65570605,-3.0350525,-0.120689884
497,TRANSFER,20710.29,C101622,34196.88,13486.59,C100777,56581.62,77291.91,17,707,0,0,1,1,0.17340762991260664,0.6056192845663114,0,0.0,-2.4048355,-1.5622406,-4.014444,-0.41962254,-0.65570605,-3.0350525,-0.120689884
497,TRANSFER,32702.37,C101532,473733.15,441030.77,C101204,165174.62,197876.99,17,485,0,1,1,1,0.2236441697523222,0.06903120459271216,12,0.0,-2.6468754,-1.3204675,-4.015815,0.29799357,-0.6642246,-3.0722997,-0.059268337
497,TRANSFER,23654.27,C100991,695844.58,672190.31,C100966,535998.94,559653.21,17,577,0,1,1,1,0.25098188764064994,0.03399361104458125,0,0.0,-2.6324522,-1.3125136,-4.015815,0.2991896,-0.6647574,-3.069403,-0.08520533
497,TRANSFER,6863.94,C100748,80811.06,73947.12,C100628,37043.5,43907.44,17,718,0,0,1,1,0.05088448671300586,0.08493812604363808,0,0.0,-2.4048355,-1.5622406,-4.014444,-0.41962254,-0.65570605,-3.0350525,-0.120689884
497,TRANSFER,50772.38,C100215,100375.94,49603.56,C100801,316084.67,366857.05,17,483,0,1,1,1,0.7010637010833417,0.5058222119762963,14,0.0,-2.6468754,-1.3204675,-4.015815,0.29799357,-0.6642246,-3.0722997,-0.059268337
498,TRANSFER,33970.96,C101464,178036.37,144065.4,C100052,396622.21,430593.17,18,522,0,1,1,1,0.9528870089649277,0.1908091026569459,0,0.0,-2.6337564,-1.3125136,-4.015815,0.2978854,-0.6647574,-3.0667942,-0.08520533
498,TRANSFER,778.84,C101394,198897.29,198118.45,C101106,245247.61,246026.46,18,494,0,0,1,1,0.4042185868275372,0.003915789903422013,4,0.0,-2.433686,-1.5622406,-4.014444,-0.4155612,-0.65517336,-3.0321195,-0.09936658
498,TRANSFER,860713.2,C100794,369699.14,0.0,C101891,18102.03,878815.23,19,558,0,1,1,1,18.214105868160487,2.0,0,0.4,-0.1364658,-1.0142411,1.7582452,0.20040348,-1.1868775,-5.0650287,-0.11025727
498,TRANSFER,15319.01,C101638,131242.98,115923.98,C100364,2060142.29,2075461.3,18,610,0,0,1,1,0.10915746231664483,0.1167225096534687,0,0.0,-2.412985,-1.5622406,-4.014444,-0.41750395,-0.65570605,-3.0290215,-0.120689884
498,TRANSFER,18622.6,C101903,74811.61,56189.01,C100977,84960.92,103583.52,18,718,0,2,1,1,1.6821790072272227,0.24892660377179424,0,0.0,-2.6809976,-1.1438808,-3.698245,-0.6368506,-0.73324513,-3.2178664,-0.07220097
498,TRANSFER,11327.47,C100202,110079.71,98752.24,C100595,36781.77,48109.24,18,710,0,0,1,1,0.8434933023383743,0.1029024331550292,0,0.0,-2.412985,-1.5622406,-4.014444,-0.41750395,-0.65570605,-3.0290215,-0.120689884
498,TRANSFER,9657.23,C101025,100296.29,90639.06,C100386,14320.28,23977.51,18,545,0,3,1,1,0.0688148418439221,0.09628701121447264,0,0.0,-2.5813951,-1.1477658,-3.6166258,-0.64815307,-0.7941816,-3.3244667,-0.07069887
498,TRANSFER,34112.1,C101911,1806564.41,1772452.3,C101802,75751.44,109863.54,18,695,0,0,1,1,0.3634808572596847,0.018882304893850975,0,0.0,-2.412985,-1.5622406,-4.014444,-0.41750395,-0.65570605,-3.0290215,-0.120689884
498,TRANSFER,19258.46,C100029,55620.12,36361.66,C101931,244336.62,263595.08,18,616,0,1,1,1,0.35461720713951306,0.3462498822368596,0,0.0,-2.6337564,-1.3125136,-4.015815,0.2978854,-0.6647574,-3.0667942,-0.08520533
498,TRANSFER,23480.97,C100196,79509.48,56028.51,C100475,103133.23,126614.2,18,713,0,0,1,1,0.8982759625345923,0.29532289734507133,0,0.0,-2.412985,-1.5622406,-4.014444,-0.41750395,-0.65570605,-3.0290215,-0.120689884
498,TRANSFER,5881.94,C101693,20196.33,14314.4,C100651,10123.58,16005.52,18,547,0,1,1,1,0.7019165351416722,0.29123806156861165,0,0.0,-2.6337564,-1.3125136,-4.015815,0.2978854,-0.6647574,-3.0667942,-0.08520533
498,TRANSFER,1774646.36,C101126,93786.88,0.0,MULE776028,0.0,1774646.36,10,-365,1,1,1,1,12.292665957795851,2.0,863,99.5,5.5477567,0.4044351,2.0934136,0.14970073,-0.7810823,-2.4478629,0.3178681
498,TRANSFER,3004.62,C100335,109271.79,106267.17,C101452,1013621.71,1016626.33,18,582,0,2,1,1,0.02076916355269583,0.027496758312461067,0,0.0,-2.6809976,-1.1438808,-3.698245,-0.6368506,-0.73324513,-3.2178664,-0.07220097
499,TRANSFER,15308.88,C100222,109446.62,94137.74,C101746,13358.26,28667.14,19,617,0,2,1,1,0.9140873882752424,0.13987531090498728,0,0.0,-2.6809976,-1.1438808,-3.698245,-0.6368506,-0.73324513,-3.2178664,-0.07220097
499,TRANSFER,20102.95,C100222,109446.62,89343.66,C101427,185371.12,205474.08,19,617,0,2,1,1,1.20033948023159,0.18367812546426743,0,0.0,-2.6809976,-1.1438808,-3.698245,-0.6368506,-0.73324513,-3.2178664,-0.07220097
499,TRANSFER,4706.98,C101310,53776.77,49069.79,C100117,112312.56,117019.55,19,620,0,0,1,1,1.1962300929261507,0.0875281278514868,0,0.0,-2.412985,-1.5622406,-4.014444,-0.41750395,-0.65570605,-3.0290215,-0.120689884
499,TRANSFER,7029.96,C100924,43848.86,36818.9,C101214,334493.41,341523.37,19,551,0,0,1,1,0.62330894346139,0.16032252605883027,0,0.0,-2.412985,-1.5622406,-4.014444,-0.41750395,-0.65570605,-3.0290215,-0.120689884
499,TRANSFER,9671.33,C100066,314098.16,304426.83,C101249,123377.19,133048.52,19,482,0,0,1,1,1.0399607213431565,0.030790788459251085,17,0.0,-2.433686,-1.5701944,-4.014444,-0.4155612,-0.65517336,-3.0319183,-0.09161406
499,TRANSFER,13809.04,C100087,56298.8,42489.76,C100750,157912.32,171721.36,19,544,0,0,1,1,1.1682913729364435,0.2452812493339112,0,0.0,-2.412985,-1.5622406,-4.014444,-0.41750395,-0.65570605,-3.0290215,-0.120689884
499,TRANSFER,43414.55,C101210,103719.69,60305.15,C101287,357864.39,401278.94,19,584,0,0,1,1,0.21857610957928286,0.4185757786202408,0,0.0,-2.412985,-1.5622406,-4.014444,-0.41750395,-0.65570605,-3.0290215,-0.120689884
499,TRANSFER,6717.07,C100625,81948.01,75230.93,C101487,135758.71,142475.78,19,621,0,1,1,1,0.9126797680869978,0.08196745717193132,0,0.0,-2.6337564,-1.3125136,-4.015815,0.2978854,-0.6647574,-3.0667942,-0.08520533
500,TRANSFER,2004.22,C101981,72637.19,70632.97,C100862,38557.99,40562.22,20,638,0,1,1,1,0.26159095068982163,0.027592201735777498,0,0.0,-2.6663413,-1.7478483,-5.0304165,0.2978854,-0.61763954,-1.6313902,-0.08520533
500,TRANSFER,17561.24,C100200,51666.13,34104.89,C101782,31751.4,49312.64,20,600,0,1,1,1,0.2913245479958668,0.33989849830053076,0,0.0,-2.6663413,-1.7478483,-5.0304165,0.2978854,-0.61763954,-1.6313902,-0.08520533
500,TRANSFER,4891.33,C101468,543231.65,538340.33,C101068,1193085.77,1197977.09,20,526,0,0,1,1,0.05835301379439404,0.00900413295138455,0,0.0,-2.44557,-1.9975752,-5.029045,-0.41750395,-0.60858834,-1.5936172,-0.120689884
500,TRANSFER,9891.84,C100061,779830.55,769938.71,C101011,64608.91,74500.75,20,715,0,0,1,1,0.18159656019055698,0.012684601802276149,0,0.0,-2.44557,-1.9975752,-5.029045,-0.41750395,-0.60858834,-1.5936172,-0.120689884
500,TRANSFER,1206.73,C100390,9386.1,8179.37,C100882,243497.14,244703.87,20,601,0,2,1,1,0.03207409640276298,0.12856564494305409,0,0.0,-2.7135828,-1.5792158,-4.712847,-0.6368506,-0.6861274,-1.7824625,-0.07220097
500,TRANSFER,36488.71,C101135,43786.45,7297.74,C101600,315493.93,351982.63,20,618,0,0,1,1,0.7994358001317934,0.8333333713968591,0,0.0,-2.44557,-1.9975752,-5.029045,-0.41750395,-0.60858834,-1.5936172,-0.120689884
500,TRANSFER,72214.05,C100330,86656.86,14442.81,C100240,431598.42,503812.48,20,631,0,1,1,1,0.7892550003509462,0.8333333333333334,0,0.0,-2.6663413,-1.7478483,-5.0304165,0.2978854,-0.61763954,-1.6313902,-0.08520533
500,TRANSFER,9170.37,C101609,94212.48,85042.11,C101757,21456.3,30626.67,20,584,0,0,1,1,1.01645892451891,0.09733710438362307,0,0.0,-2.44557,-1.9975752,-5.029045,-0.41750395,-0.60858834,-1.5936172,-0.120689884
500,TRANSFER,11368.99,C100878,36404.84,25035.85,C101413,64236.37,75605.36,20,545,0,0,1,1,0.14026807563697555,0.31229336538767927,0,0.0,-2.44557,-1.9975752,-5.029045,-0.41750395,-0.60858834,-1.5936172,-0.120689884
501,TRANSFER,14215.74,C100202,110079.71,95863.97,C101919,158610.66,172826.39,21,710,0,1,1,1,1.0585666064693813,0.12914042015554,0,0.0,-2.6663413,-1.7478483,-5.0304165,0.2978854,-0.61763954,-1.6313902,-0.08520533
501,TRANSFER,3436.99,C100389,93527.03,90090.04,C101585,1131216.8,1134653.8,21,713,0,1,1,1,0.04798954504929409,0.036748627642725316,0,0.0,-2.6663413,-1.7478483,-5.0304165,0.2978854,-0.61763954,-1.6313902,-0.08520533
501,TRANSFER,39452.21,C101439,994519.88,955067.66,C101716,248445.06,287897.27,21,647,0,1,1,1,0.8967115486000092,0.03966960419132094,0,0.0,-2.6663413,-1.7478483,-5.0304165,0.2978854,-0.61763954,-1.6313902,-0.08520533
501,TRANSFER,21079.3,C101422,354043.34,332964.04,C100363,175676.79,196756.09,21,680,0,0,1,1,1.182659153195621,0.05953875590485616,0,0.0,-2.44557,-1.9975752,-5.029045,-0.41750395,-0.60858834,-1.5936172,-0.120689884
501,TRANSFER,6776.06,C101699,22649.15,15873.09,C101017,351030.05,357806.11,21,700,0,0,1,1,0.4429951561726336,0.2991750242282823,0,0.0,-2.44557,-1.9975752,-5.029045,-0.41750395,-0.60858834,-1.5936172,-0.120689884
501,TRANSFER,27752.33,C100266,204872.29,177119.96,C100069,78025.8,105778.14,21,583,0,1,1,1,1.7650359483117681,0.13546160879052996,0,0.0,-2.6663413,-1.7478483,-5.0304165,0.2978854,-0.61763954,-1.6313902,-0.08520533
501,TRANSFER,22918.5,C100036,56666.2,33747.7,C100532,132404.69,155323.19,21,586,0,0,1,1,1.9458353054680753,0.4044474483907515,0,0.0,-2.44557,-1.9975752,-5.029045,-0.41750395,-0.60858834,-1.5936172,-0.120689884
501,TRANSFER,22836.34,C101058,44080.94,21244.6,C100410,33481.86,56318.2,21,624,0,0,1,1,1.5826826765013864,0.5180547420268261,0,0.0,-2.44557,-1.9975752,-5.029045,-0.41750395,-0.60858834,-1.5936172,-0.120689884
501,TRANSFER,10611.55,C101523,14724.62,4113.07,C100608,266360.88,276972.43,21,658,0,0,1,1,1.0293737294614584,0.7206671547381188,0,0.0,-2.44557,-1.9975752,-5.029045,-0.41750395,-0.60858834,-1.5936172,-0.120689884
502,TRANSFER,76219.42,C101239,91463.3,15243.88,C100527,63215.12,139434.53,22,599,0,0,1,1,1.2882133947135124,0.8333333697778235,0,0.0,-2.44557,-1.9975752,-5.029045,-0.41750395,-0.60858834,-1.5936172,-0.120689884
502,TRANSFER,14565.75,C100222,109446.62,94880.87,C100019,174891.94,189457.68,22,617,0,3,1,1,0.869715379294247,0.1330854255709313,0,0.0,-2.6139798,-1.5831007,-4.6312284,-0.64815307,-0.74706364,-1.889063,-0.07069887
502,TRANSFER,45989.69,C101625,1117417.46,1071427.77,C101693,20196.33,66186.02,22,572,0,0,1,1,1.1049335085141658,0.04115712492983598,0,0.0,-2.44557,-1.9975752,-5.029045,-0.41750395,-0.60858834,-1.5936172,-0.120689884
502,TRANSFER,4874.68,C100955,29093.17,24218.49,C101278,39356.7,44231.38,22,569,0,1,1,1,0.1031903482959767,0.1675541029045649,0,0.0,-2.6663413,-1.7478483,-5.0304165,0.2978854,-0.61763954,-1.6313902,-0.08520533
502,TRANSFER,21072.29,C100268,25286.75,4214.46,C101787,103896.14,124968.43,22,675,0,1,1,1,1.317606198266407,0.8333332674226621,0,0.0,-2.6663413,-1.7478483,-5.0304165,0.2978854,-0.61763954,-1.6313902,-0.08520533
502,TRANSFER,7860.35,C100036,56666.2,48805.84,C100745,397166.72,405027.07,22,586,0,1,1,1,0.6673624601669388,0.13871320116753905,0,0.0,-2.6663413,-1.7478483,-5.0304165,0.2978854,-0.61763954,-1.6313902,-0.08520533
502,TRANSFER,3639.64,C101066,134294.49,130654.85,C100035,238996.42,242636.05,22,561,0,0,1,1,0.07270359699484862,0.02710193098763769,0,0.0,-2.44557,-1.9975752,-5.029045,-0.41750395,-0.60858834,-1.5936172,-0.120689884
502,TRANSFER,12609.09,C100870,15130.91,2521.82,C101718,170477.42,183086.51,22,712,0,0,1,1,0.7476539700207663,0.8333332231835362,0,0.0,-2.44557,-1.9975752,-5.029045,-0.41750395,-0.60858834,-1.5936172,-0.120689884
502,TRANSFER,20127.99,C100675,153059.93,132931.94,C100477,127268.78,147396.78,22,600,0,0,1,1,1.017652435153378,0.131503980172995,0,0.0,-2.44557,-1.9975752,-5.029045,-0.41750395,-0.60858834,-1.5936172,-0.120689884
502,TRANSFER,13896.57,C101771,19679.27,5782.7,C101976,143667.24,157563.82,22,615,0,2,1,1,0.9237399701534376,0.7061527180632208,0,0.0,-2.7135828,-1.5792158,-4.712847,-0.6368506,-0.6861274,-1.7824625,-0.07220097
502,TRANSFER,105137.8,C101110,130894.11,25756.31,C101383,44236.64,149374.44,22,535,0,0,1,1,1.6066839423414803,0.8032278916140688,0,0.0,-2.44557,-1.9975752,-5.029045,-0.41750395,-0.60858834,-1.5936172,-0.120689884
502,TRANSFER,4683.43,C101989,33200.66,28517.23,C101561,113101.92,117785.35,22,643,0,1,1,1,1.5659837144239648,0.14106436438311767,0,0.0,-2.6663413,-1.7478483,-5.0304165,0.2978854,-0.61763954,-1.6313902,-0.08520533
503,TRANSFER,72299.89,C100330,86759.86,14459.98,C100273,293628.89,365928.77,23,631,0,2,1,1,0.7901931785756839,0.8333334101737832,0,0.0,-2.6111565,-1.3985485,-4.712847,-0.6889008,-0.6550691,2.1970322,-0.04857337
503,TRANSFER,1961816.6,C100809,18934.63,0.0,MULE731792,0.0,1961816.6,2,544,1,1,1,1,14.302292446416931,2.0,0,100.0,4.4612193,0.3366076,2.4107864,0.14273101,-0.344365,3.5618436,-0.1901073
503,TRANSFER,30008.61,C100171,36010.33,6001.72,C101065,99206.56,129215.17,23,596,0,0,1,1,0.48055130476859587,0.8333333796163489,0,0.0,-2.3431442,-1.7738352,-5.029045,-0.35394764,-0.57753015,2.5014837,-0.08444215
503,TRANSFER,77875.17,C100324,93450.2,15575.03,C100897,108482.18,186357.35,23,528,0,0,1,1,0.931438147917531,0.8333333690029556,0,0.0,-2.3431442,-1.7738352,-5.029045,-0.35394764,-0.57753015,2.5014837,-0.08444215
503,TRANSFER,10883.79,C101031,196070.78,185186.99,C100885,142082.09,152965.88,23,687,0,0,1,1,0.6645197169533431,0.055509495091517466,0,0.0,-2.3431442,-1.7738352,-5.029045,-0.35394764,-0.57753015,2.5014837,-0.08444215
503,TRANSFER,3391.67,C100384,224323.73,220932.06,C101563,80511.12,83902.79,23,602,0,1,1,1,1.204052000795206,0.01511953282873818,0,0.1,-2.563915,-1.567181,-5.0304165,0.24583514,-0.58658135,2.3481047,-0.06157772
504,TRANSFER,13719.52,C100514,114518.08,100798.57,C100144,41631.91,55351.42,0,719,0,0,1,1,0.4481280201520945,0.11980221813009789,0,0.0,-2.9275367,-1.8225812,-5.6584744,-0.4786451,-0.53900033,2.4156675,-0.16548668
504,TRANSFER,10831.45,C101360,92306.1,81474.65,C101348,188558.85,199390.3,0,658,0,1,1,1,0.11420005219908413,0.11734273249546888,0,0.0,-3.154489,-1.6310449,-5.658995,0.23644252,-0.54399574,2.3775933,-0.13000211
504,TRANSFER,1230402.15,C100085,250819.18,0.0,C100227,197825.06,1428227.2,9,113,0,2,1,1,9.839801083458518,2.0,391,0.2,-1.2534848,-0.32833138,1.5655137,-0.8550086,-1.2271435,-4.3863235,0.039607763
504,TRANSFER,17733.23,C100797,72473.38,54740.15,C101401,265647.49,283380.71,0,715,0,2,1,1,0.5218962658026107,0.24468611785458327,0,0.0,-3.1631603,-1.496302,-5.413605,-0.23514885,-0.57324165,2.6896653,-0.11812753
504,TRANSFER,221253.69,C101616,412467.35,191213.66,C100891,163724.46,384978.15,0,586,0,2,1,1,0.8234284565769808,0.5364150398813385,0,0.0,-3.1631603,-1.496302,-5.413605,-0.23514885,-0.57324165,2.6896653,-0.11812753
504,TRANSFER,41302.2,C100792,49562.64,8260.44,C101887,60094.51,101396.71,0,717,0,1,1,1,0.3629046660244562,0.8333333333333333,0,0.0,-3.154489,-1.6310449,-5.658995,0.23644252,-0.54399574,2.3775933,-0.13000211
504,TRANSFER,1127600.1,C101649,105027.98,0.0,C101635,20975.37,1148575.47,17,622,0,0,1,1,6.8036325698861715,2.0,0,0.8,-0.6286424,0.21105865,1.7925155,-0.34445435,-1.0353864,-4.7174783,-0.13149923
504,TRANSFER,28763.49,C100491,42526.37,13762.88,C100825,85860.57,114624.07,0,490,0,0,1,1,1.5103062745821616,0.6763683333423474,14,0.0,-2.9482374,-1.8293746,-5.6584744,-0.47670233,-0.53846765,2.433046,-0.11613525
504,TRANSFER,62673.97,C100955,75208.76,12534.79,C101259,65846.68,128520.65,0,569,0,1,1,1,1.326722737367703,0.8333333776544116,0,0.0,-3.154489,-1.6310449,-5.658995,0.23644252,-0.54399574,2.3775933,-0.13000211
504,TRANSFER,30530.53,C100353,125124.88,94594.35,C100317,160488.69,191019.22,0,717,0,0,1,1,0.3357600397698018,0.2440004737666881,0,0.0,-2.9275367,-1.8225812,-5.6584744,-0.4786451,-0.53900033,2.4156675,-0.16548668
504,TRANSFER,10534.26,C100956,186739.13,176204.86,C100829,1968362.24,1978896.51,0,507,0,0,1,1,0.1588777410263642,0.05641163691830416,0,0.0,-2.9275367,-1.8225812,-5.6584744,-0.4786451,-0.53900033,2.4156675,-0.16548668
504,TRANSFER,15295.65,C101759,18354.78,3059.13,C101261,26619.02,41914.67,0,564,0,0,1,1,0.1610429224114175,0.8333333333333334,0,0.0,-2.9275367,-1.8225812,-5.6584744,-0.4786451,-0.53900033,2.4156675,-0.16548668
505,TRANSFER,85694.07,C100524,957095.7,871401.63,C100802,281850.82,367544.89,1,547,0,1,1,1,1.4652508138390052,0.08953552920570013,0,0.0,-3.154489,-1.6310449,-5.658995,0.23644252,-0.54399574,2.3775933,-0.13000211
505,TRANSFER,4158.28,C100731,20695.64,16537.36,C101416,113341.16,117499.44,1,505,0,0,1,1,0.3086000886631831,0.20092541230906605,0,0.0,-2.9275367,-1.8225812,-5.6584744,-0.4786451,-0.53900033,2.4156675,-0.16548668
505,TRANSFER,1656541.36,C101661,159999.97,0.0,MULE903223,0.0,1656541.36,23,78,1,4,0,1,20.03715555560266,2.0,427,100.0,4.3970947,-0.13106576,2.053095,-0.20808111,3.8449008,1.0678269,-0.197305
505,TRANSFER,10177.63,C100362,64684.83,54507.2,C100622,624576.48,634754.11,1,569,0,0,1,1,0.10290887935307329,0.15734183733651305,0,0.0,-2.9275367,-1.8225812,-5.6584744,-0.4786451,-0.53900033,2.4156675,-0.16548668
505,TRANSFER,10988.21,C100826,900387.76,889399.55,C100900,50385.64,61373.84,1,549,0,0,1,1,0.8175917525636025,0.012203864255107154,0,0.0,-2.9275367,-1.8225812,-5.6584744,-0.4786451,-0.53900033,2.4156675,-0.16548668
505,TRANSFER,17518.33,C101174,250739.35,233221.02,C100574,90412.52,107930.85,1,645,0,0,1,1,1.2101170382128845,0.06986669623256182,0,0.0,-2.9275367,-1.8225812,-5.6584744,-0.4786451,-0.53900033,2.4156675,-0.16548668
505,TRANSFER,9979.59,C100892,88184.09,78204.49,C101528,15546.25,25525.84,1,623,0,0,1,1,1.0607024530744908,0.11316769272098856,0,0.0,-2.9275367,-1.8225812,-5.6584744,-0.4786451,-0.53900033,2.4156675,-0.16548668
505,TRANSFER,6169.1,C101538,278093.02,271923.92,C100469,100645.05,106814.16,1,642,0,2,1,1,1.176942437783092,0.022183584471124087,0,0.0,-3.1631603,-1.496302,-5.413605,-0.23514885,-0.57324165,2.6896653,-0.11812753
505,TRANSFER,17409.67,C100878,36404.84,18995.17,C100454,60316.39,77726.06,1,545,0,1,1,1,0.2147966449416161,0.4782240493297045,0,0.0,-3.154489,-1.6310449,-5.658995,0.23644252,-0.54399574,2.3775933,-0.13000211
506,TRANSFER,5067.91,C101583,91674.69,86606.78,C100029,55620.12,60688.03,2,531,0,0,1,1,0.7956247506461442,0.05528145227434093,0,0.0,-2.9705603,-1.8473557,-5.6584744,-0.4786451,-0.53900033,2.3465033,-0.16548668
506,TRANSFER,29382.23,C101105,104150.26,74768.03,C100326,6881.77,36264.0,2,620,0,1,1,1,1.1342112843176573,0.2821138420585796,0,0.0,-3.1975121,-1.6558194,-5.658995,0.23644252,-0.54399574,2.3084285,-0.13000211
506,TRANSFER,13993.64,C101409,94050.69,80057.05,C101251,93556.47,107550.11,2,528,0,0,1,1,0.12811925888254072,0.14878827576916234,0,0.0,-2.9705603,-1.8473557,-5.6584744,-0.4786451,-0.53900033,2.3465033,-0.16548668
506,TRANSFER,26253.75,C101488,109909.3,83655.55,C101361,6561.3,32815.05,2,498,0,0,1,1,1.4727266738857585,0.23886741158391508,8,0.0,-2.991261,-1.8537701,-5.6584744,-0.47670233,-0.53846765,2.364261,-0.1168933
506,TRANSFER,15094.06,C101759,18112.87,3018.81,C101255,148806.81,163900.86,2,564,0,1,1,1,0.1589204468887089,0.833333425348937,0,0.0,-3.1975121,-1.6558194,-5.658995,0.23644252,-0.54399574,2.3084285,-0.13000211
506,TRANSFER,3858.05,C100742,36394.49,32536.44,C100325,183513.48,187371.52,2,555,0,0,1,1,0.8202024173626171,0.10600643119329328,0,0.0,-2.9705603,-1.8473557,-5.6584744,-0.4786451,-0.53900033,2.3465033,-0.16548668
506,TRANSFER,5731.64,C100536,34947.02,29215.39,C100380,71079.57,76811.21,2,635,0,0,1,1,0.06565418425432455,0.1640094062383574,0,0.0,-2.9705603,-1.8473557,-5.6584744,-0.4786451,-0.53900033,2.3465033,-0.16548668
506,TRANSFER,10687.08,C101450,14800.66,4113.58,C101617,42547.95,53235.03,2,601,0,1,1,1,0.07697918371149044,0.7220677996792035,0,0.0,-3.1975121,-1.6558194,-5.658995,0.23644252,-0.54399574,2.3084285,-0.13000211
506,TRANSFER,6136.85,C100359,650569.22,644432.37,C101286,19328.72,25465.57,2,552,0,0,1,1,0.5545256668824979,0.009433046955403148,0,0.0,-2.9705603,-1.8473557,-5.6584744,-0.4786451,-0.53900033,2.3465033,-0.16548668
506,TRANSFER,11995.0,C101113,251559.62,239564.62,C101294,49040.77,61035.77,2,530,0,0,1,1,1.2491957006028074,0.047682533468606764,0,0.0,-2.9705603,-1.8473557,-5.6584744,-0.4786451,-0.53900033,2.3465033,-0.16548668
507,TRANSFER,13996.44,C100199,37195.07,23198.63,C100811,63747.54,77743.98,3,519,0,0,1,1,1.330902672225306,0.37629825673133566,0,0.0,-2.9705603,-1.8473557,-5.6584744,-0.4786451,-0.53900033,2.3465033,-0.16548668
507,TRANSFER,819.99,C101158,17182.0,16362.01,C101133,46708.29,47528.28,3,545,0,0,1,1,0.7713671905468739,0.047723780700733326,0,0.0,-2.9705603,-1.8473557,-5.6584744,-0.4786451,-0.53900033,2.3465033,-0.16548668
507,TRANSFER,18010.38,C100856,91746.0,73735.62,C101306,176587.58,194597.96,3,669,0,0,1,1,0.9841822286897945,0.19630697796089203,0,0.0,-2.9705603,-1.8473557,-5.6584744,-0.4786451,-0.53900033,2.3465033,-0.16548668
507,TRANSFER,12074.35,C100511,765374.98,753300.64,C101044,125620.45,137694.8,3,515,0,0,1,1,1.2626269492035873,0.01577573126312543,0,0.0,-2.9705603,-1.8473557,-5.6584744,-0.4786451,-0.53900033,2.3465033,-0.16548668
507,TRANSFER,10056.52,C101084,56106.9,46050.38,C101431,531875.36,541931.88,3,540,0,0,1,1,0.11673628423861836,0.1792385606761379,0,0.0,-2.9705603,-1.8473557,-5.6584744,-0.4786451,-0.53900033,2.3465033,-0.16548668
507,TRANSFER,10951.62,C100047,179424.09,168472.47,C100950,24255.26,35206.88,3,555,0,0,1,1,0.712606715574224,0.06103762320878986,0,0.0,-2.9705603,-1.8473557,-5.6584744,-0.4786451,-0.53900033,2.3465033,-0.16548668
507,TRANSFER,2467.33,C100462,81999.39,79532.07,C101321,67793.07,70260.4,3,586,0,1,1,1,0.8903431259782495,0.030089614081275484,0,0.0,-3.1975121,-1.6558194,-5.658995,0.23644252,-0.54399574,2.3084285,-0.13000211
507,TRANSFER,1338.96,C101026,238680.24,237341.28,C101050,326123.19,327462.15,3,591,0,1,1,1,0.01984092639424061,0.0056098485572161315,0,0.0,-3.1975121,-1.6558194,-5.658995,0.23644252,-0.54399574,2.3084285,-0.13000211
507,TRANSFER,3333.62,C100087,56298.8,52965.18,C101523,14724.62,18058.23,3,544,0,1,1,1,0.2820354989665021,0.05921298500145651,0,0.0,-3.1975121,-1.6558194,-5.658995,0.23644252,-0.54399574,2.3084285,-0.13000211
507,TRANSFER,11940.01,C100266,204872.29,192932.28,C101930,27791.39,39731.4,3,583,0,2,1,1,0.7593793700637745,0.05828025839902507,0,0.0,-3.2061844,-1.5210766,-5.413605,-0.23514885,-0.57324165,2.6205006,-0.11812753
507,TRANSFER,35001.42,C101103,349120.81,314119.39,C101293,191902.79,226904.2,3,713,0,1,1,1,0.3442980226826795,0.10025589709189778,0,0.0,-3.1975121,-1.6558194,-5.658995,0.23644252,-0.54399574,2.3084285,-0.13000211
507,TRANSFER,19417.44,C101594,62823.62,43406.18,C100003,133549.21,152966.65,3,709,0,0,1,1,1.0552940176152443,0.3090786554483807,0,0.0,-2.9705603,-1.8473557,-5.6584744,-0.4786451,-0.53900033,2.3465033,-0.16548668
507,TRANSFER,27909.56,C101145,154321.08,126411.53,C101758,158964.78,186874.33,3,489,0,0,1,1,1.121889305846679,0.18085384057706183,18,0.0,-2.991261,-1.8541491,-5.6584744,-0.47670233,-0.53846765,2.3638818,-0.11613525
508,TRANSFER,5323.21,C100071,18246.03,12922.83,C101157,71957.24,77280.44,4,608,0,0,1,1,0.05488202599166976,0.2917462045168182,0,0.0,-3.013765,-1.8913609,-5.6584744,-0.4786451,-0.54374427,2.2253532,-0.16548668
508,TRANSFER,21582.02,C101542,82056.23,60474.21,C100726,33330.59,54912.62,4,610,0,0,1,1,1.3014987665262208,0.2630150081230883,0,0.0,-3.013765,-1.8913609,-5.6584744,-0.4786451,-0.54374427,2.2253532,-0.16548668
508,TRANSFER,20801.22,C101483,475464.56,454663.35,C100606,29988.94,50790.15,4,508,0,2,1,1,0.31286720439067633,0.04374925441340991,0,0.0,-3.2493896,-1.5650817,-5.413605,-0.23514885,-0.5779855,2.499351,-0.11812753
508,TRANSFER,10468.61,C101523,14724.62,4256.0,C101380,129447.65,139916.26,4,658,0,1,1,1,1.0155078304279317,0.7109596037113352,0,0.0,-3.2407174,-1.6998246,-5.658995,0.23644252,-0.5487397,2.1872785,-0.13000211
508,TRANSFER,20462.7,C100029,55620.12,35157.42,C101616,412467.35,432930.05,4,616,0,1,1,1,0.37679157754741105,0.36790104012720576,0,0.0,-3.2407174,-1.6998246,-5.658995,0.23644252,-0.5487397,2.1872785,-0.13000211
508,TRANSFER,10139.0,C100892,88184.09,78045.09,C100898,35053.82,45192.82,4,623,0,1,1,1,1.0776456920296587,0.11497538841757057,0,0.0,-3.2407174,-1.6998246,-5.658995,0.23644252,-0.5487397,2.1872785,-0.13000211
508,TRANSFER,20521.17,C101059,67579.0,47057.83,C100835,86765.08,107286.25,4,597,0,0,1,1,1.033529757425207,0.30366193640036104,0,0.0,-3.013765,-1.8913609,-5.6584744,-0.4786451,-0.54374427,2.2253532,-0.16548668
509,TRANSFER,4590.13,C101719,138278.52,133688.39,C101362,127849.56,132439.69,5,696,0,0,1,1,1.2435908120152503,0.03319481579640859,0,0.0,-2.3673913,-1.6530298,-3.7581031,-0.6128197,-0.6993303,-2.6518826,-0.21017267
509,TRANSFER,3112.95,C100610,13337.81,10224.86,C101994,203266.82,206379.77,5,534,0,1,1,1,0.05960256755690297,0.2333928883377406,0,0.0,-2.5943441,-1.4646981,-3.7594745,0.19323318,-0.7246261,-2.5989926,-0.15695137
509,TRANSFER,14786.07,C101606,17743.29,2957.21,C101376,209034.44,223820.52,5,704,0,0,1,1,0.6483440812197163,0.8333330515366654,0,0.0,-2.3673913,-1.6530298,-3.7581031,-0.6128197,-0.6993303,-2.6518826,-0.21017267
509,TRANSFER,9103.5,C101436,45177.34,36073.84,C100712,90244.44,99347.94,5,554,0,0,1,1,1.199452504534098,0.2015058876861719,0,0.0,-2.3673913,-1.6530298,-3.7581031,-0.6128197,-0.6993303,-2.6518826,-0.21017267
509,TRANSFER,52613.31,C100417,63135.97,10522.66,C100065,80222.13,132835.44,5,716,0,1,1,1,1.0934931160553951,0.833333359731386,0,0.0,-2.5943441,-1.4646981,-3.7594745,0.19323318,-0.7246261,-2.5989926,-0.15695137
509,TRANSFER,1426984.71,C100645,81821.41,0.0,C101001,225309.57,1652294.28,14,152,0,3,1,1,15.27236022083645,2.0,357,31.4,0.17272945,1.9517016,1.8022822,-1.4391043,-1.4752349,-1.5881771,-0.23980726
510,TRANSFER,8710.28,C100260,10452.34,1742.06,C101270,361399.97,370110.25,6,505,0,0,1,1,0.8385714282963607,0.833333014425478,5,0.0,-2.3880923,-1.6530298,-3.7581031,-0.61087686,-0.6987975,-2.634125,-0.16799358
510,TRANSFER,31107.34,C100011,832858.81,801751.47,C101516,168679.08,199786.41,6,604,0,0,1,1,0.44153710242349953,0.03735007617917856,0,0.0,-2.3673913,-1.6530298,-3.7581031,-0.6128197,-0.6993303,-2.6518826,-0.21017267
510,TRANSFER,72426.86,C101838,86912.24,14485.37,C100457,47785.7,120212.56,6,680,0,0,1,1,0.7511660569674053,0.833333256627605,0,0.0,-2.3673913,-1.6530298,-3.7581031,-0.6128197,-0.6993303,-2.6518826,-0.21017267
510,TRANSFER,1039392.04,C101904,14159.3,0.0,C100197,100396.89,1139788.93,12,230,0,7,1,1,18.367408773900692,2.0,280,0.1,-0.6991802,-0.36634743,1.595231,-0.957582,-1.6858356,-4.2893105,-0.16503572
510,TRANSFER,8809.44,C101619,71779.3,62969.86,C100428,96741.32,105550.77,6,571,0,0,1,1,1.4703510258530557,0.12272953344487895,0,0.0,-2.3673913,-1.6530298,-3.7581031,-0.6128197,-0.6993303,-2.6518826,-0.21017267
510,TRANSFER,2864.36,C101066,134294.49,131430.14,C100643,31313.23,34177.58,6,561,0,1,1,1,0.0572169981339266,0.021328946556184104,0,0.0,-2.5943441,-1.4646981,-3.7594745,0.19323318,-0.7246261,-2.5989926,-0.15695137
510,TRANSFER,10479.75,C101903,74811.61,64331.86,C100520,76244.96,86724.71,6,718,0,1,1,1,0.9466355638304796,0.14008186697225203,0,0.0,-2.5943441,-1.4646981,-3.7594745,0.19323318,-0.7246261,-2.5989926,-0.15695137
510,TRANSFER,3145.0,C100715,107051.64,103906.63,C101374,97739.8,100884.8,6,687,0,1,1,1,0.8041102458340771,0.02937834488103125,0,0.0,-2.5943441,-1.4646981,-3.7594745,0.19323318,-0.7246261,-2.5989926,-0.15695137
510,TRANSFER,6002.0,C101700,92914.14,86912.14,C100399,200074.27,206076.27,6,639,0,0,1,1,0.046313262080429095,0.06459727227739502,0,0.0,-2.3673913,-1.6530298,-3.7581031,-0.6128197,-0.6993303,-2.6518826,-0.21017267
510,TRANSFER,15564.74,C100507,151835.85,136271.11,C101431,531875.36,547440.1,6,570,0,1,1,1,0.21153469079081283,0.10251030965348433,0,0.0,-2.5943441,-1.4646981,-3.7594745,0.19323318,-0.7246261,-2.5989926,-0.15695137
510,TRANSFER,8370.67,C101581,1161768.67,1153397.99,C100912,98583.22,106953.89,6,549,0,1,1,1,0.7630677425941862,0.007205109085959428,0,0.0,-2.5943441,-1.4646981,-3.7594745,0.19323318,-0.7246261,-2.5989926,-0.15695137
510,TRANSFER,1466316.92,C101086,24487.55,0.0,C100750,157912.32,1624229.24,11,-420,0,1,1,1,13.627847691038784,2.0,930,26.3,0.7998139,0.2704348,1.8228929,0.18185182,-1.019437,-4.42143,1.3015995
510,TRANSFER,2948.21,C101591,497220.01,494271.81,C100365,583102.95,586051.16,6,719,0,0,1,1,0.891194261553051,0.005929387274659361,0,0.0,-2.3673913,-1.6530298,-3.7581031,-0.6128197,-0.6993303,-2.6518826,-0.21017267
511,TRANSFER,4313.83,C100539,210551.59,206237.77,C101251,93556.47,97870.29,7,694,0,0,1,1,0.7591766395274893,0.020488232836427405,0,0.0,-2.3673913,-1.6530298,-3.7581031,-0.6128197,-0.6993303,-2.6518826,-0.21017267
511,TRANSFER,4830.86,C100702,268996.16,264165.3,C100852,509998.61,514829.47,7,603,0,0,1,1,0.9435223573037184,0.017958843724758006,0,0.0,-2.3673913,-1.6530298,-3.7581031,-0.6128197,-0.6993303,-2.6518826,-0.21017267
511,TRANSFER,10173.35,C101421,85956.62,75783.27,C100705,79901.05,90074.4,7,494,0,0,1,1,0.8720263124651307,0.1183544676372803,17,0.0,-2.3880923,-1.6598232,-3.7581031,-0.61087686,-0.6987975,-2.634504,-0.16082121
511,TRANSFER,4224.33,C101700,92914.14,88689.81,C101463,18818.64,23042.97,7,639,0,1,1,1,0.032596218327927196,0.045464877574069994,0,0.0,-2.5943441,-1.4646981,-3.7594745,0.19323318,-0.7246261,-2.5989926,-0.15695137
511,TRANSFER,22456.01,C100171,27089.46,4633.46,C101381,145781.13,168237.14,7,596,0,1,1,1,0.35960562336598184,0.8289574616843599,0,0.0,-2.5943441,-1.4646981,-3.7594745,0.19323318,-0.7246261,-2.5989926,-0.15695137
511,TRANSFER,6333.08,C100305,54618.82,48285.74,C100465,38991.42,45324.5,7,542,0,1,1,1,1.5187222695414488,0.11595050936655167,0,0.0,-2.5943441,-1.4646981,-3.7594745,0.19323318,-0.7246261,-2.5989926,-0.15695137
511,TRANSFER,13383.06,C100795,222065.57,208682.5,C100461,20418.54,33801.61,7,537,0,0,1,1,0.2841384452688284,0.06026625379161659,0,0.0,-2.3673913,-1.6530298,-3.7581031,-0.6128197,-0.6993303,-2.6518826,-0.21017267
511,TRANSFER,13451.55,C100471,58695.64,45244.09,C101201,398791.89,412243.44,7,622,0,0,1,1,1.4487446440009477,0.2291746030880658,0,0.0,-2.3673913,-1.6530298,-3.7581031,-0.6128197,-0.6993303,-2.6518826,-0.21017267
511,TRANSFER,13986.26,C100826,900387.76,886401.49,C101306,176587.58,190573.84,7,549,0,1,1,1,1.0406654792009082,0.01553359632520993,0,0.0,-2.5943441,-1.4646981,-3.7594745,0.19323318,-0.7246261,-2.5989926,-0.15695137
511,TRANSFER,8543.3,C101224,134067.47,125524.17,C100820,15539.16,24082.46,7,492,0,0,1,1,1.650649716425024,0.06372388469775703,19,0.0,-2.3880923,-1.6598232,-3.7581031,-0.61087686,-0.6987975,-2.634504,-0.16082121
511,TRANSFER,1384491.85,C101791,633155.08,0.0,C101602,18630.81,1403122.66,14,-375,0,2,1,1,15.598591373925208,2.0,886,72.4,0.5672645,1.8382386,1.8776711,-1.2745131,-1.1968791,-1.4576309,0.575755
511,TRANSFER,25081.86,C101004,71794.84,46712.98,C101333,61268.43,86350.29,7,560,0,0,1,1,1.821163445626952,0.34935463328562333,0,0.0,-2.3673913,-1.6530298,-3.7581031,-0.6128197,-0.6993303,-2.6518826,-0.21017267
511,TRANSFER,12985.51,C100401,320048.89,307063.38,C100367,61985.42,74970.93,7,487,0,1,1,1,0.12631055223152035,0.040573519876916306,24,0.0,-2.608767,-1.5007596,-3.7594745,0.19203712,-0.7240934,-2.5605788,-0.02000361
511,TRANSFER,1085908.59,C101231,604311.35,0.0,C100758,242844.82,1328753.41,11,-78,0,1,1,1,16.03503324292173,1.7969356193624364,589,1.3,-0.9304576,1.3083314,0.3578212,0.16496287,-1.2574565,-4.5846157,0.55062383
511,TRANSFER,2849.82,C100503,176547.3,173697.49,C101577,123409.5,126259.32,7,658,0,1,1,1,0.9733550602290303,0.016141963088645368,0,0.0,-2.5943441,-1.4646981,-3.7594745,0.19323318,-0.7246261,-2.5989926,-0.15695137
511,TRANSFER,1503560.9,C100056,54642.56,0.0,C100291,34738.01,1538298.9,23,226,1,0,1,1,7.723355004456368,2.0,285,98.8,0.6861141,0.689132,2.121744,-0.41080555,-0.66815823,2.640344,-0.69347745
511,TRANSFER,9060.63,C100781,44654.8,35594.17,C100173,22927.11,31987.74,7,554,0,0,1,1,0.7787444664307261,0.20290383116708616,0,0.0,-2.3673913,-1.6530298,-3.7581031,-0.6128197,-0.6993303,-2.6518826,-0.21017267
511,TRANSFER,9245.76,C101360,92306.1,83060.33,C101414,26186.46,35432.22,7,658,0,2,1,1,0.09748152598407453,0.10016412783120508,0,0.0,-2.5982978,-1.2960657,-3.47151,-0.35090783,-0.76111835,-2.3594697,-0.14507683
511,TRANSFER,7464.46,C101213,28847.68,21383.23,C100636,66499.43,73963.89,7,692,0,1,1,1,1.182456743611737,0.25875425684145137,0,0.0,-2.5943441,-1.4646981,-3.7594745,0.19323318,-0.7246261,-2.5989926,-0.15695137
511,TRANSFER,25303.57,C101992,68466.06,43162.48,C100026,194499.34,219802.92,7,497,0,1,1,1,0.43530233664378537,0.36957829908716816,14,0.0,-2.608767,-1.4714916,-3.7594745,0.19203712,-0.7240934,-2.5816138,-0.110738836
511,TRANSFER,40571.78,C101135,48686.14,8114.36,C100306,1006971.05,1047542.83,7,618,0,1,1,1,0.8888923014014771,0.8333332648675783,0,0.0,-2.5943441,-1.4646981,-3.7594745,0.19323318,-0.7246261,-2.5989926,-0.15695137
512,TRANSFER,3942.32,C100866,182073.63,178131.31,C101851,40521.33,44463.66,8,679,0,0,1,1,0.9815429714960587,0.02165233922122605,0,0.0,-2.3673913,-1.6530298,-3.7581031,-0.6128197,-0.6993303,-2.6518826,-0.21017267
512,TRANSFER,3508.98,C100769,248668.3,245159.32,MULE304310,0.0,3508.98,1,510,0,0,1,1,0.024367577119417488,0.014111086937900811,2,0.0,-2.9482374,-1.8225812,-5.6584744,-0.47670233,-0.53846765,2.4156675,-0.14726128
512,TRANSFER,2219035.5,C101577,123409.5,0.0,MULE128173,0.0,2219035.5,3,235,1,4,0,1,8.721687036937487,2.0,277,100.0,3.855169,-0.18271226,2.1165247,-0.038732775,2.5833435,2.8825195,-0.15416262
512,TRANSFER,34602.25,C101439,994519.88,959917.62,C100193,103173.43,137775.68,8,647,0,1,1,1,0.7864765290092665,0.0347929193733161,0,0.0,-2.5943441,-1.4646981,-3.7594745,0.19323318,-0.7246261,-2.5989926,-0.15695137
512,TRANSFER,533.67,C100769,248668.3,248134.63,MULE304310,0.0,533.67,1,510,0,0,1,1,0.003705990025967526,0.002146111908916416,2,0.0,-2.9482374,-1.8225812,-5.6584744,-0.47670233,-0.53846765,2.4156675,-0.14726128
512,TRANSFER,1272.71,C100769,248668.3,247395.59,MULE304310,0.0,1272.71,1,510,0,0,1,1,0.008838140734815767,0.005118103111655165,2,0.0,-2.9482374,-1.8225812,-5.6584744,-0.47670233,-0.53846765,2.4156675,-0.14726128
512,TRANSFER,8765.08,C101686,23034.25,14269.17,C101384,90384.28,99149.36,8,570,0,0,1,1,1.0862533651458335,0.38052378523285973,0,0.0,-2.3673913,-1.6530298,-3.7581031,-0.6128197,-0.6993303,-2.6518826,-0.21017267
512,TRANSFER,2818.68,C101327,106613.37,103794.68,C100473,198988.61,201807.3,8,707,0,2,1,1,1.0553186008758004,0.026438335079361996,0,0.0,-2.5982978,-1.2960657,-3.47151,-0.35090783,-0.76111835,-2.3594697,-0.14507683
512,TRANSFER,16060.78,C100044,19272.93,3212.16,C100164,204023.82,220084.6,8,558,0,0,1,1,1.0071642522968156,0.8333335927645666,0,0.0,-2.3673913,-1.6530298,-3.7581031,-0.6128197,-0.6993303,-2.6518826,-0.21017267
512,TRANSFER,17367.54,C101409,94050.69,76683.14,C101750,70373.01,87740.56,8,528,0,1,1,1,0.15900911795736358,0.1846614841422216,0,0.0,-2.5943441,-1.4646981,-3.7594745,0.19323318,-0.7246261,-2.5989926,-0.15695137
512,TRANSFER,33262.65,C100446,62860.61,29597.96,C100909,189596.31,222858.96,8,492,0,1,1,1,0.893267914964084,0.5291493353309807,20,0.0,-2.608767,-1.4714916,-3.7594745,0.19203712,-0.7240934,-2.5816138,-0.110738836
512,TRANSFER,7961.08,C100061,779830.55,771869.47,C100219,16602.78,24563.87,8,715,0,1,1,1,0.1461512462192918,0.010208730601795479,0,0.0,-2.5943441,-1.4646981,-3.7594745,0.19323318,-0.7246261,-2.5989926,-0.15695137
513,TRANSFER,13711.91,C100216,100060.8,86348.89,C100720,121885.89,135597.79,9,533,0,1,1,1,0.5788347979946458,0.13703578224439542,0,0.0,-2.5943441,-1.4526827,-3.7594745,0.19323318,-0.7246261,-2.6110082,-0.15695137
513,TRANSFER,10683.59,C100750,157912.32,147228.74,C101712,82744.42,93428.0,9,592,0,0,1,1,0.704401458306754,0.06765520258330698,0,0.0,-2.3673913,-1.6410142,-3.7581031,-0.6128197,-0.6993303,-2.6638985,-0.21017267
513,TRANSFER,3761.44,C101173,103484.35,99722.92,C100559,590160.14,593921.58,9,651,0,0,1,1,0.03076864287286624,0.03634791154411271,0,0.0,-2.3673913,-1.6410142,-3.7581031,-0.6128197,-0.6993303,-2.6638985,-0.21017267
513,TRANSFER,31641.92,C101928,37970.3,6328.38,C101063,121128.81,152770.73,9,694,0,0,1,1,1.0112014443835722,0.8333334211212446,0,0.0,-2.3673913,-1.6410142,-3.7581031,-0.6128197,-0.6993303,-2.6638985,-0.21017267
513,TRANSFER,8817.62,C100525,223881.24,215063.62,C101033,151532.35,160349.97,9,661,0,0,1,1,1.0478719570638217,0.03938525621887748,0,0.0,-2.3673913,-1.6410142,-3.7581031,-0.6128197,-0.6993303,-2.6638985,-0.21017267
513,TRANSFER,3220.32,C100382,15686.6,12466.28,C101621,46486.04,49706.35,9,639,0,0,1,1,1.2769544520896843,0.20529114020884068,0,0.0,-2.3673913,-1.6410142,-3.7581031,-0.6128197,-0.6993303,-2.6638985,-0.21017267
513,TRANSFER,61504.99,C100838,414823.07,353318.08,C100175,105033.85,166538.85,9,688,0,0,1,1,0.7464903387814144,0.14826800736998547,0,0.0,-2.3673913,-1.6410142,-3.7581031,-0.6128197,-0.6993303,-2.6638985,-0.21017267
513,TRANSFER,14626.09,C100125,124469.74,109843.65,C101374,97739.8,112365.89,9,607,0,0,1,1,0.20215415888601523,0.1175071949214323,0,0.0,-2.3673913,-1.6410142,-3.7581031,-0.6128197,-0.6993303,-2.6638985,-0.21017267
513,TRANSFER,11730.8,C100439,84483.92,72753.13,C100910,55161.05,66891.84,9,500,0,0,1,1,0.5835759104499988,0.13885245855069225,13,0.0,-2.3880923,-1.6478076,-3.7581031,-0.61087686,-0.6987975,-2.6465197,-0.16082121
513,TRANSFER,1825430.26,C100139,447278.99,0.0,C100242,42573.14,1868003.41,4,-17,1,3,0,1,7.047691646093062,2.0,530,100.0,3.66061,0.33113316,2.1216068,0.02570062,2.5806322,2.715197,-0.09813047
513,TRANSFER,6831.65,C101309,57948.97,51117.32,C100896,319531.01,326362.66,9,560,0,0,1,1,0.8692300427071654,0.11789079253695103,0,0.0,-2.3673913,-1.6410142,-3.7581031,-0.6128197,-0.6993303,-2.6638985,-0.21017267
513,TRANSFER,26992.47,C100048,111603.53,84611.06,C100293,59164.32,86156.8,9,674,0,0,1,1,0.5176139855285976,0.24186036051010215,0,0.0,-2.3673913,-1.6410142,-3.7581031,-0.6128197,-0.6993303,-2.6638985,-0.21017267
514,TRANSFER,3191.67,C100152,35735.76,32544.09,C100828,13396.82,16588.49,10,578,0,0,1,1,0.05408878767611563,0.08931305784457921,0,0.0,-2.559749,-1.6295782,-3.8895862,-0.60748893,-0.70966333,-2.3464909,-0.21017267
514,TRANSFER,15540.44,C100766,18648.53,3108.09,C101268,67802.15,83342.59,10,596,0,0,1,1,1.0618637256243002,0.8333332439607841,0,0.0,-2.559749,-1.6295782,-3.8895862,-0.60748893,-0.70966333,-2.3464909,-0.21017267
514,TRANSFER,16806.19,C101853,64987.93,48181.74,C101306,176587.58,193393.76,10,621,0,0,1,1,0.08471864683821748,0.25860479015103266,0,0.0,-2.559749,-1.6295782,-3.8895862,-0.60748893,-0.70966333,-2.3464909,-0.21017267
514,TRANSFER,43431.36,C100968,1129945.77,1086514.41,C101688,2307746.1,2351177.46,10,516,0,0,1,1,0.4852459863666256,0.03843667647873048,0,0.0,-2.559749,-1.6295782,-3.8895862,-0.60748893,-0.70966333,-2.3464909,-0.21017267
514,TRANSFER,1357074.2,C100769,248668.3,0.0,MULE304310,0.0,1357074.2,1,510,1,5,0,1,9.423995071294732,2.0,4,100.0,1.8534285,-0.12724653,2.0540743,-0.049212433,3.1436784,3.4823768,-0.14625797
514,TRANSFER,3528.81,C101989,33200.66,29671.85,C101852,19446.67,22975.48,10,643,0,1,1,1,1.1799170674690196,0.10628734489013168,0,0.0,-2.7867017,-1.4412465,-3.890957,0.19856392,-0.7349593,-2.2936003,-0.15695137
514,TRANSFER,13343.92,C101725,521461.79,508117.87,C101814,391793.75,405137.66,10,547,0,0,1,1,0.24999913818725256,0.025589449228868716,0,0.0,-2.559749,-1.6295782,-3.8895862,-0.60748893,-0.70966333,-2.3464909,-0.21017267
515,TRANSFER,17767.46,C100938,60991.76,43224.3,C100367,61985.42,79752.88,11,568,0,0,1,1,0.15491306624321322,0.2913091866835782,0,0.0,-2.3507016,-1.4610878,-3.8880417,-0.61479807,-0.71769863,-2.7883985,-0.18055879
515,TRANSFER,2094.29,C101820,311940.58,309846.28,C100180,1258425.74,1260520.03,11,645,0,0,1,1,1.2966048597995061,0.006713746573145436,0,0.0,-2.3507016,-1.4610878,-3.8880417,-0.61479807,-0.71769863,-2.7883985,-0.18055879
515,TRANSFER,18887.41,C100353,125124.88,106237.47,C100747,56171.33,75058.73,11,717,0,1,1,1,0.20771462312473948,0.15094847643410328,0,0.0,-2.5867443,-1.2727561,-3.8894126,0.2230149,-0.7429945,-2.703748,-0.1273375
515,TRANSFER,2614.02,C100385,47244.82,44630.8,C101456,131083.41,133697.43,11,609,0,1,1,1,0.4535380305922256,0.05532924032729938,0,0.0,-2.5867443,-1.2727561,-3.8894126,0.2230149,-0.7429945,-2.703748,-0.1273375
515,TRANSFER,1224089.18,C101121,123329.63,0.0,MULE22749,0.0,1224089.18,3,8,1,4,0,1,17.843334690543784,2.0,507,100.0,0.6157441,0.89358467,2.050544,-0.09535316,3.8519423,3.880719,-0.03261004
515,TRANSFER,7741.2,C101795,80380.0,72638.8,C100727,80542.41,88283.61,11,543,0,0,1,1,0.11374771850137455,0.09630753918885294,0,0.0,-2.3507016,-1.4610878,-3.8880417,-0.61479807,-0.71769863,-2.7883985,-0.18055879
515,TRANSFER,32712.16,C100446,62860.61,30148.45,C100773,81103.64,113815.79,11,492,0,2,1,1,0.8784845151294772,0.5203920229218265,23,0.0,-2.6080775,-1.1356338,-3.5718427,-0.53462946,-0.7957074,-2.6612499,-0.0016463418
515,TRANSFER,1446888.35,C100231,27090.18,0.0,C100991,695844.58,2142732.92,16,-253,0,1,1,1,19.011074156080806,2.0,768,41.0,0.48828304,-1.5439745,1.9026701,0.17815012,-1.1775874,-1.2160311,0.9688717
515,TRANSFER,10104.17,C101908,28318.74,18214.57,C101231,604311.35,614415.51,11,679,0,0,1,1,0.19102195792486498,0.3568015384865287,0,0.0,-2.3507016,-1.4610878,-3.8880417,-0.61479807,-0.71769863,-2.7883985,-0.18055879
515,TRANSFER,3508.53,C101399,54545.59,51037.05,C101557,161409.75,164918.28,11,665,0,0,1,1,0.02753077928145037,0.06432289026482252,0,0.0,-2.3507016,-1.4610878,-3.8880417,-0.61479807,-0.71769863,-2.7883985,-0.18055879
515,TRANSFER,22327.25,C101885,105595.6,83268.36,C101582,108460.37,130787.62,11,592,0,0,1,1,1.2152604170442711,0.21144110171257136,0,0.0,-2.3507016,-1.4610878,-3.8880417,-0.61479807,-0.71769863,-2.7883985,-0.18055879
515,TRANSFER,18556.08,C101334,105603.5,87047.42,C100414,373982.23,392538.32,11,552,0,0,1,1,1.010701538007029,0.175714630670385,0,0.0,-2.3507016,-1.4610878,-3.8880417,-0.61479807,-0.71769863,-2.7883985,-0.18055879
516,TRANSFER,17959.96,C101174,250739.35,232779.39,C100874,113592.9,131552.86,12,645,0,1,1,1,1.2406235983465248,0.07162800733111895,0,0.0,-2.5863402,-1.2650838,-3.8894126,0.24856035,-0.7431547,-2.7366734,-0.1278737
516,TRANSFER,1762.44,C100739,524649.19,522886.75,C100909,189596.31,191358.75,12,682,0,0,1,1,0.033419844427935344,0.0033592732698205447,0,0.0,-2.3502975,-1.4680284,-3.8880417,-0.65513396,-0.71785885,-2.8872056,-0.18109499
516,TRANSFER,22818.37,C101375,47576.89,24758.52,C100449,263794.32,286612.69,12,717,0,0,1,1,1.093084233744332,0.47961037386008204,0,0.0,-2.3502975,-1.4680284,-3.8880417,-0.65513396,-0.71785885,-2.8872056,-0.18109499
516,TRANSFER,23265.43,C100979,1559065.07,1535799.63,C101459,249360.21,272625.65,12,697,0,0,1,1,1.1276989015043408,0.014922680552390285,0,0.0,-2.3502975,-1.4680284,-3.8880417,-0.65513396,-0.71785885,-2.8872056,-0.18109499
516,TRANSFER,19354.64,C101907,28073.79,8719.15,C100019,174891.94,194246.58,12,513,0,0,1,1,0.2679336968609293,0.6894202742130648,3,0.0,-2.3709981,-1.4680284,-3.8880417,-0.6531912,-0.7173261,-2.8872056,-0.16286962
516,TRANSFER,10986.84,C101017,351030.05,340043.22,C101663,144018.29,155005.13,12,703,0,0,1,1,1.1562210737637468,0.03129885888686738,0,0.0,-2.3502975,-1.4680284,-3.8880417,-0.65513396,-0.71785885,-2.8872056,-0.18109499
516,TRANSFER,7251.48,C100036,56666.2,49414.72,C100810,46110.82,53362.3,12,586,0,2,1,1,0.615667945148925,0.1279683479746304,0,0.0,-2.5951092,-1.0964509,-3.5718427,-0.5404966,-0.79891986,-2.742066,-0.11599915
516,TRANSFER,19337.71,C100622,624576.48,605238.77,C101763,200462.94,219800.65,12,604,0,0,1,1,0.35313878882756267,0.030961316378740358,0,0.0,-2.3502975,-1.4680284,-3.8880417,-0.65513396,-0.71785885,-2.8872056,-0.18109499
516,TRANSFER,15830.96,C100731,20695.64,4864.69,C100569,173378.58,189209.53,12,505,0,1,1,1,1.1748693353077007,0.7649417945035766,11,0.0,-2.6007633,-1.2730377,-3.8894126,0.2473643,-0.74262196,-2.7395701,-0.101936735
516,TRANSFER,1056534.46,C101134,52480.24,0.0,C101033,151532.35,1208066.81,10,502,0,1,1,1,9.717016117755565,2.0,14,0.6,-1.1512271,-0.5959543,1.7403072,0.23068212,-1.1472838,-4.0683603,-0.18367983
516,TRANSFER,2070553.02,C101919,158610.66,0.0,MULE238782,0.0,2070553.02,23,-354,1,0,1,1,22.246953617885953,2.0,870,99.9,4.5588694,-0.91643727,2.2764845,-0.15369913,-0.6284787,1.7153661,0.122950435
516,TRANSFER,7044.98,C101981,72637.19,65592.21,C101595,1965557.82,1972602.8,12,638,0,2,1,1,0.9195113389701627,0.09698860872784312,0,0.0,-2.5951092,-1.0964509,-3.5718427,-0.5404966,-0.79891986,-2.742066,-0.11599915
516,TRANSFER,8182.17,C100892,88184.09,80001.91,C101772,163478.14,171660.31,12,623,0,2,1,1,0.8696597546064022,0.09278510443323734,0,0.0,-2.5951092,-1.0964509,-3.5718427,-0.5404966,-0.79891986,-2.742066,-0.11599915
516,TRANSFER,19278.5,C101409,94050.69,74772.19,C101866,162892.37,182170.87,12,528,0,2,1,1,0.17650497885947194,0.20497988903643344,0,0.0,-2.5951092,-1.0964509,-3.5718427,-0.5404966,-0.79891986,-2.742066,-0.11599915
516,TRANSFER,32686.22,C100760,42900.63,10214.41,C101727,210839.28,243525.5,12,643,0,4,1,1,0.326974657483864,0.7619053612965592,0,0.0,-2.4731338,-1.1008664,-3.4583325,-0.13593966,-0.8781622,-2.4775429,-0.11422103
516,TRANSFER,2056351.84,C101545,45302.99,0.0,MULE612440,0.0,2056351.84,23,-143,1,8,0,1,20.03870684832517,2.0,659,100.0,3.8961332,-0.36422992,2.053095,-0.27501386,3.7868283,1.1420186,0.0065036137
517,TRANSFER,4877.31,C101538,278093.02,273215.71,C100457,47785.7,52663.01,13,642,0,2,1,1,0.9304944191573895,0.017538412147129763,0,0.0,-2.5951092,-1.0964509,-3.5718427,-0.5404966,-0.8045183,-2.7364674,-0.11599915
517,TRANSFER,4667.93,C100071,18246.03,13578.1,C101462,20372.99,25040.92,13,608,0,1,1,1,0.048126122318543706,0.25583263866167055,0,0.0,-2.5863402,-1.2650838,-3.8894126,0.24856035,-0.74875313,-2.7310748,-0.1278737
517,TRANSFER,6802.62,C100366,378237.13,371434.5,C100366,378237.13,385039.75,13,646,0,0,1,1,0.08487477483608381,0.017985066669684174,0,0.0,-2.3502975,-1.4680284,-3.8880417,-0.65513396,-0.7234573,-2.881607,-0.18109499
517,TRANSFER,16960.17,C100588,143099.49,126139.32,C100148,63751.45,80711.62,13,505,0,0,1,1,1.0006952357818417,0.11852012889773401,12,0.0,-2.3709981,-1.4759823,-3.8880417,-0.6531912,-0.72292453,-2.8845038,-0.15201911
517,TRANSFER,1551502.07,C100480,873123.59,0.0,C101820,67462.38,1618964.46,2,-467,1,2,1,1,16.369955892786727,1.7769558488277704,984,99.6,0.8983395,0.5830298,0.47566673,-0.65516007,-0.7691278,4.351863,0.7026567
517,TRANSFER,10076.97,C101699,22649.15,12572.18,C101930,27791.39,37868.36,13,700,0,1,1,1,0.6587971326843243,0.44491603437656596,0,0.0,-2.5863402,-1.2650838,-3.8894126,0.24856035,-0.74875313,-2.7310748,-0.1278737
517,TRANSFER,29739.48,C101921,67551.81,37812.33,C101649,105027.98,134767.46,13,496,0,0,1,1,0.8027238620816134,0.44024697487750514,21,0.0,-2.3709981,-1.5313448,-3.8880417,-0.6531912,-0.72292453,-2.866325,-0.114835784
517,TRANSFER,5686.95,C101125,192517.05,186830.1,C101898,45991.17,51678.12,13,576,0,0,1,1,0.5364245316348701,0.029539981004279882,0,0.0,-2.3502975,-1.4680284,-3.8880417,-0.65513396,-0.7234573,-2.881607,-0.18109499
517,TRANSFER,16880.54,C100199,37195.07,20314.53,C101279,61104.2,77984.74,13,519,0,1,1,1,1.6051478657863116,0.4538381027378091,0,0.0,-2.5863402,-1.2650838,-3.8894126,0.24856035,-0.74875313,-2.7310748,-0.1278737
517,TRANSFER,13475.54,C100011,832858.81,819383.27,C100803,30385.12,43860.66,13,604,0,1,1,1,0.19127160616085995,0.016179861266041,0,0.0,-2.5863402,-1.2650838,-3.8894126,0.24856035,-0.74875313,-2.7310748,-0.1278737
517,TRANSFER,3621.33,C101850,200652.1,197030.76,C100155,203038.55,206659.88,13,669,0,0,1,1,0.5568191648951112,0.01804780513136917,0,0.0,-2.3502975,-1.4680284,-3.8880417,-0.65513396,-0.7234573,-2.881607,-0.18109499
518,TRANSFER,25941.87,C100011,832858.81,806916.94,C100863,3880356.06,3906297.92,14,604,0,2,1,1,0.36821850120412447,0.03114798053225852,0,0.0,-2.5602853,-1.4538914,-3.986817,-0.50354797,-0.80678326,-1.1343645,-0.061919503
518,TRANSFER,1832.09,C100858,65675.02,63842.93,C101290,76071.4,77903.49,14,631,0,0,1,1,0.8407706426746744,0.027896299079924143,0,0.0,-2.3154733,-1.8254687,-4.3030157,-0.5675392,-0.721397,-1.2288578,-0.12701531
518,TRANSFER,8824.17,C101649,105027.98,96203.81,C101075,35291.18,44115.35,14,622,0,1,1,1,0.05324264374773686,0.08401732566883606,0,0.0,-2.5515163,-1.6225241,-4.3043866,0.33615515,-0.74669296,-1.0783259,-0.07379407
518,TRANSFER,3708.37,C100776,192354.33,188645.96,C100179,63064.25,66772.62,14,559,0,0,1,1,0.7583245725513291,0.019278848570760013,0,0.0,-2.3154733,-1.8254687,-4.3030157,-0.5675392,-0.721397,-1.2288578,-0.12701531
518,TRANSFER,1428743.55,C101265,158604.88,0.0,C100817,251662.34,1680405.89,16,481,0,4,1,1,21.133302971647353,2.0,37,1.8,0.03649863,-1.1471916,1.7776927,-1.224865,-1.6040847,-1.7117487,-0.15143998
518,TRANSFER,14719.78,C101375,47576.89,32857.11,C100032,217810.58,232530.36,14,717,0,1,1,1,0.7051318495661673,0.30938928542828253,0,0.0,-2.5515163,-1.6225241,-4.3043866,0.33615515,-0.74669296,-1.0783259,-0.07379407
518,TRANSFER,22038.04,C100460,26445.65,4407.61,C101926,254763.43,276801.47,14,497,0,0,1,1,1.183182125810988,0.8333332703109964,21,0.0,-2.336174,-1.839757,-4.3030157,-0.56559646,-0.72086424,-1.2380892,-0.08527002
518,TRANSFER,14756.77,C100287,1518018.67,1503261.9,C100999,66108.67,80865.44,14,559,0,0,1,1,0.2747107031728138,0.009721072798136271,0,0.0,-2.3154733,-1.8254687,-4.3030157,-0.5675392,-0.721397,-1.2288578,-0.12701531
518,TRANSFER,17809.1,C101058,44080.94,26271.84,C100821,141308.65,159117.75,14,624,0,1,1,1,1.234267577645141,0.4040090796611868,0,0.0,-2.5515163,-1.6225241,-4.3043866,0.33615515,-0.74669296,-1.0783259,-0.07379407
518,TRANSFER,33233.02,C100996,39879.63,6646.6,C100303,58592.42,91825.44,14,684,0,0,1,1,0.34021423559187774,0.8333332079560417,0,0.0,-2.3154733,-1.8254687,-4.3030157,-0.5675392,-0.721397,-1.2288578,-0.12701531
518,TRANSFER,9971.53,C101581,1161768.67,1151797.14,C100615,43705.31,53676.83,14,549,0,1,1,1,0.9090016554601013,0.008583059827220166,0,0.0,-2.5515163,-1.6225241,-4.3043866,0.33615515,-0.74669296,-1.0783259,-0.07379407
518,TRANSFER,7978.65,C101189,19255.25,11276.6,C101981,72637.19,80615.84,14,545,0,0,1,1,0.6321928106621965,0.4143623167707508,0,0.0,-2.3154733,-1.8254687,-4.3030157,-0.5675392,-0.721397,-1.2288578,-0.12701531
519,TRANSFER,22236.48,C100029,55620.12,33383.64,C101740,14691.27,36927.75,15,616,0,2,1,1,0.4094532187004381,0.39979201770869965,0,0.0,-2.5470753,-1.326078,-3.986817,-0.40315503,-0.81106037,-1.3642987,-0.06912399
519,TRANSFER,1492708.32,C100556,7950.2,0.0,C100469,100645.05,1593353.38,18,-5,0,4,1,1,20.461072726105453,2.0,524,0.1,0.1473417,-1.0783688,1.6767248,-1.2699237,-1.5292779,-5.486886,0.06984863
519,TRANSFER,21630.81,C100622,624576.48,602945.66,C100295,300526.4,322157.21,15,604,0,1,1,1,0.39501461366206914,0.03463276426931735,0,0.0,-2.5383062,-1.4947108,-4.3043866,0.3252477,-0.76045364,-1.4195604,-0.08099857
519,TRANSFER,11253.08,C100429,878935.03,867681.96,C100495,1401101.19,1412354.27,15,646,0,0,1,1,0.6194181972758467,0.012803085115403809,0,0.0,-2.3022633,-1.6976554,-4.3030157,-0.5784466,-0.73515767,-1.5700923,-0.1342198
519,TRANSFER,5659.83,C101760,57933.68,52273.86,C101036,116650.09,122309.92,15,620,0,0,1,1,0.08793951356192782,0.09769498502425532,0,0.0,-2.3022633,-1.6976554,-4.3030157,-0.5784466,-0.73515767,-1.5700923,-0.1342198
519,TRANSFER,14536.58,C101004,71794.84,57258.26,C101585,1131216.8,1145753.38,15,560,0,1,1,1,1.0554834498092183,0.202473882524148,0,0.0,-2.5383062,-1.4947108,-4.3043866,0.3252477,-0.76045364,-1.4195604,-0.08099857
519,TRANSFER,15229.05,C101622,34196.88,18967.83,C101979,250264.85,265493.9,15,707,0,1,1,1,0.12751310900622742,0.4453344866549229,0,0.0,-2.5383062,-1.4947108,-4.3043866,0.3252477,-0.76045364,-1.4195604,-0.08099857
519,TRANSFER,1728.67,C101024,80459.43,78730.77,C100587,536163.48,537892.15,15,643,0,0,1,1,0.9800287277088391,0.021484989391548016,0,0.0,-2.3022633,-1.6976554,-4.3030157,-0.5784466,-0.73515767,-1.5700923,-0.1342198
519,TRANSFER,7329.46,C100087,56298.8,48969.34,C100334,54729.11,62058.57,15,544,0,2,1,1,0.6200970441307103,0.130188565298017,0,0.0,-2.5470753,-1.326078,-3.986817,-0.40315503,-0.81106037,-1.3642987,-0.06912399
519,TRANSFER,18587.57,C101759,22305.09,3717.51,C101837,83645.55,102233.12,15,564,0,2,1,1,0.19570247706549193,0.8333331091692524,0,0.0,-2.5470753,-1.326078,-3.986817,-0.40315503,-0.81106037,-1.3642987,-0.06912399
519,TRANSFER,5037.54,C100994,55134.15,50096.61,C101345,74694.32,79731.86,15,563,0,0,1,1,0.038179295905136065,0.09136877960392968,0,0.0,-2.3022633,-1.6976554,-4.3030157,-0.5784466,-0.73515767,-1.5700923,-0.1342198
519,TRANSFER,4427.32,C100492,247495.22,243067.9,C101445,66522.54,70949.86,15,591,0,0,1,1,0.43911119242752317,0.01788850709924822,0,0.0,-2.3022633,-1.6976554,-4.3030157,-0.5784466,-0.73515767,-1.5700923,-0.1342198
519,TRANSFER,10079.56,C100994,55134.15,45054.59,C100327,576035.56,586115.12,15,563,0,0,1,1,0.07639254553483908,0.18281881556168,0,0.0,-2.3022633,-1.6976554,-4.3030157,-0.5784466,-0.73515767,-1.5700923,-0.1342198
519,TRANSFER,19440.19,C101334,105603.5,86163.31,C100629,93814.94,113255.13,15,552,0,1,1,1,1.0588567160816758,0.1840866069779884,0,0.0,-2.5383062,-1.4947108,-4.3043866,0.3252477,-0.76045364,-1.4195604,-0.08099857
519,TRANSFER,10671.88,C100153,27154.91,16483.03,C100566,125695.03,136366.91,15,673,0,0,1,1,0.1145031698465466,0.39300001362552844,0,0.0,-2.3022633,-1.6976554,-4.3030157,-0.5784466,-0.73515767,-1.5700923,-0.1342198
520,TRANSFER,12382.81,C100781,44654.8,32271.99,C101687,164880.67,177263.47,16,554,0,1,1,1,1.0642797207658916,0.27730076050055086,0,0.0,-2.6360533,-1.6033297,-4.407063,0.29044488,-0.70494294,-0.051854037,-0.073058784
520,TRANSFER,70276.73,C101110,130894.11,60617.38,C100196,79509.48,149786.21,16,535,0,1,1,1,1.0739476535676775,0.5368975731604729,0,0.0,-2.6360533,-1.6033297,-4.407063,0.29044488,-0.70494294,-0.051854037,-0.073058784
520,TRANSFER,8723.86,C100168,40698.56,31974.71,C101268,67802.15,76526.01,16,639,0,1,1,1,0.7900304322499649,0.21435303853502435,0,0.0,-2.6360533,-1.6033297,-4.407063,0.29044488,-0.70494294,-0.051854037,-0.073058784
520,TRANSFER,9339.15,C101911,1806564.41,1797225.25,C100766,11096.44,20435.59,16,695,0,1,1,1,0.09951314190790905,0.005169563813116411,0,0.0,-2.6360533,-1.6033297,-4.407063,0.29044488,-0.70494294,-0.051854037,-0.073058784
520,TRANSFER,21108.98,C101980,146223.76,125114.78,C101511,18534.66,39643.64,16,545,0,0,1,1,1.2434523753827125,0.1443608070261632,0,0.0,-2.4084365,-1.8530564,-4.405692,-0.42836732,-0.6958916,-0.017503984,-0.10854335
520,TRANSFER,2047.86,C101281,248283.0,246235.14,C101079,347192.79,349240.65,16,609,0,0,1,1,1.33283400708533,0.00824808786747381,0,0.0,-2.4084365,-1.8530564,-4.405692,-0.42836732,-0.6958916,-0.017503984,-0.10854335
520,TRANSFER,26206.19,C101928,31447.42,5241.24,C100195,10640.54,36846.72,16,694,0,1,1,1,0.8374882807298143,0.8333335453274068,0,0.0,-2.6360533,-1.6033297,-4.407063,0.29044488,-0.70494294,-0.051854037,-0.073058784
520,TRANSFER,19893.77,C101622,34196.88,14303.11,C100016,95444.51,115338.28,16,707,0,2,1,1,0.1665708932963525,0.5817422525095858,0,0.0,-2.6832945,-1.4346969,-4.0894923,-0.64429116,-0.7734308,-0.20292611,-0.06005444
520,TRANSFER,16571.27,C100675,153059.93,136488.66,C100810,46110.82,62682.08,16,600,0,1,1,1,0.8378279832752359,0.1082665463129377,0,0.0,-2.6360533,-1.6033297,-4.407063,0.29044488,-0.70494294,-0.051854037,-0.073058784
520,TRANSFER,18999.83,C100675,153059.93,134060.1,C101463,18818.64,37818.48,16,600,0,1,1,1,0.9606137158752664,0.12413327250313,0,0.0,-2.6360533,-1.6033297,-4.407063,0.29044488,-0.70494294,-0.051854037,-0.073058784
520,TRANSFER,1916493.39,C101724,87471.34,0.0,MULE189268,0.0,1916493.39,1,27,1,2,0,1,13.132878874754788,2.0,493,100.0,3.8230042,-0.13869521,2.1271884,-0.57742417,2.121934,2.9280064,-0.25232708
520,TRANSFER,838.68,C100390,9386.1,8547.42,C101566,233472.17,234310.85,16,601,0,1,1,1,0.02229156743519201,0.0893534055678077,0,0.0,-2.6360533,-1.6033297,-4.407063,0.29044488,-0.70494294,-0.051854037,-0.073058784
520,TRANSFER,3667.98,C100965,14473.3,10805.32,C100849,318437.3,322105.27,16,502,0,0,1,1,0.05320875742395319,0.2534308001630589,18,0.0,-2.4291375,-1.8610102,-4.405692,-0.4264245,-0.695359,-0.020400742,-0.079467505
520,TRANSFER,16445.11,C101222,19734.14,3289.02,C101341,246949.04,263394.16,16,528,0,0,1,1,0.821802367305805,0.8333329955093053,0,0.0,-2.4084365,-1.8530564,-4.405692,-0.42836732,-0.6958916,-0.017503984,-0.10854335
520,TRANSFER,1111158.89,C100436,30341.68,0.0,C100597,139283.87,1250442.76,17,-217,0,3,1,1,12.690337652618103,2.0,737,0.3,-0.8194565,0.4517984,1.6749877,-1.8002182,-1.4547774,-5.053562,1.0198096
521,TRANSFER,5768.98,C100294,399485.73,393716.75,C100434,73781.05,79550.03,17,698,0,0,1,1,0.5697544783249178,0.014441016453829277,0,0.0,-2.4048355,-1.5622406,-4.014444,-0.41962254,-0.65570605,-3.0350525,-0.120689884
521,TRANSFER,16073.66,C101907,28073.79,12000.13,C101634,80359.07,96432.73,17,513,0,1,1,1,0.22251383367945077,0.5725504108992765,8,0.0,-2.6468754,-1.318928,-4.015815,0.29799357,-0.6642246,-3.072501,-0.060606603
521,TRANSFER,30742.5,C101105,104150.26,73407.76,C100124,95451.99,126194.49,17,620,0,1,1,1,1.1867203547224148,0.29517449116305616,0,0.0,-2.6324522,-1.3125136,-4.015815,0.2991896,-0.6647574,-3.069403,-0.08520533
521,TRANSFER,11006.56,C100878,36404.84,25398.28,C101320,14364.16,25370.72,17,545,0,2,1,1,0.1357964947267004,0.3023378210150079,0,0.0,-2.6796932,-1.1438808,-3.698245,-0.6355463,-0.73324513,-3.2204752,-0.07220097
521,TRANSFER,21771.49,C100137,272546.6,250775.11,C100836,191989.51,213761.0,17,549,0,0,1,1,0.7802815663175394,0.0798817156405547,0,0.0,-2.4048355,-1.5622406,-4.014444,-0.41962254,-0.65570605,-3.0350525,-0.120689884
521,TRANSFER,1261.13,C100629,93814.94,92553.81,C101632,45100.31,46361.45,17,567,0,0,1,1,0.99026587586178,0.013442741635820479,0,0.0,-2.4048355,-1.5622406,-4.014444,-0.41962254,-0.65570605,-3.0350525,-0.120689884
521,TRANSFER,23736.53,C100809,28483.84,4747.31,C101741,39769.91,63506.45,17,544,0,1,1,1,0.1730471613519576,0.8333332163079135,0,0.0,-2.6324522,-1.3125136,-4.015815,0.2991896,-0.6647574,-3.069403,-0.08520533
522,TRANSFER,12400.47,C101759,14880.56,2480.09,C101683,57644.62,70045.09,18,564,0,3,1,1,0.13056051413801376,0.8333335573392399,0,0.0,-2.5813951,-1.1477658,-3.6166258,-0.64815307,-0.7941816,-3.3244667,-0.07069887
522,TRANSFER,21124.41,C101082,130008.15,108883.74,C101398,10615.91,31740.32,18,671,0,0,1,1,0.1609881239840233,0.1624852749616082,0,0.0,-2.412985,-1.5622406,-4.014444,-0.41750395,-0.65570605,-3.0290215,-0.120689884
522,TRANSFER,47379.95,C101857,99947.73,52567.78,C101622,34196.88,81576.84,18,572,0,0,1,1,1.3078272101172603,0.4740472845156163,0,0.0,-2.412985,-1.5622406,-4.014444,-0.41750395,-0.65570605,-3.0290215,-0.120689884
522,TRANSFER,21141.37,C101105,104150.26,83008.89,C101645,16768.05,37909.43,18,620,0,2,1,1,0.8160980436112163,0.20298912359892332,0,0.0,-2.6809976,-1.1438808,-3.698245,-0.6368506,-0.73324513,-3.2178664,-0.07220097
522,TRANSFER,25023.92,C101996,332366.15,307342.23,C100128,163856.58,188880.5,18,519,0,0,1,1,1.3336183482681052,0.07529021833300412,3,0.0,-2.433686,-1.5622406,-4.014444,-0.4155612,-0.65517336,-3.0290215,-0.10246453
522,TRANSFER,4275.94,C101958,46409.78,42133.84,MULE653558,0.0,4275.94,23,649,0,0,1,1,0.10201241963765043,0.09213445959019843,0,0.0,-2.3431442,-1.7738352,-5.029045,-0.35394764,-0.57753015,2.5014837,-0.08444215
522,TRANSFER,1914.46,C100950,24255.26,22340.8,C100363,175676.79,177591.25,18,624,0,0,1,1,0.8797550039716666,0.07892968370571993,0,0.0,-2.412985,-1.5622406,-4.014444,-0.41750395,-0.65570605,-3.0290215,-0.120689884
522,TRANSFER,8654.56,C100836,191989.51,183334.95,C100202,110079.71,118734.27,18,548,0,0,1,1,0.9153538335572917,0.0450782962048291,0,0.0,-2.412985,-1.5622406,-4.014444,-0.41750395,-0.65570605,-3.0290215,-0.120689884
522,TRANSFER,1744.54,C101958,46409.78,44665.24,MULE653558,0.0,1744.54,23,649,0,0,1,1,0.04162002894209617,0.03758992177941804,0,0.0,-2.3431442,-1.7738352,-5.029045,-0.35394764,-0.57753015,2.5014837,-0.08444215
522,TRANSFER,1971.23,C101958,46409.78,44438.55,MULE653558,0.0,1971.23,23,649,0,0,1,1,0.04702824220225861,0.04247445258305469,0,0.0,-2.3431442,-1.7738352,-5.029045,-0.35394764,-0.57753015,2.5014837,-0.08444215
522,TRANSFER,5817.6,C100199,37195.07,31377.47,C100133,145642.03,151459.63,18,519,0,2,1,1,0.5531877667419672,0.15640782501551953,3,0.0,-2.6954207,-1.1438808,-3.698245,-0.6380466,-0.7327125,-3.2178664,-0.05711444
522,TRANSFER,7160.78,C101855,10440.14,3279.36,C100204,361142.34,368303.12,18,524,0,0,1,1,0.12629887734887318,0.685889269684123,0,0.0,-2.412985,-1.5622406,-4.014444,-0.41750395,-0.65570605,-3.0290215,-0.120689884
522,TRANSFER,19250.0,C101570,235826.01,216576.01,C101020,22686.6,41936.6,18,584,0,0,1,1,1.4723116363462738,0.08162797648995546,0,0.0,-2.412985,-1.5622406,-4.014444,-0.41750395,-0.65570605,-3.0290215,-0.120689884
522,TRANSFER,1337472.5,C100343,78723.47,0.0,C100022,115371.87,1452844.36,9,124,0,6,1,1,13.443007689009558,2.0,398,1.4,0.89263266,-0.20215581,1.485055,-0.9348842,-1.3359709,-4.0797744,-0.120714456
522,TRANSFER,18521.46,C101058,44080.94,25559.48,C101247,19538.83,38060.29,18,624,0,2,1,1,1.283638003529172,0.42016935210546774,0,0.0,-2.6809976,-1.1438808,-3.698245,-0.6368506,-0.73324513,-3.2178664,-0.07220097
522,TRANSFER,12183.25,C101059,67579.0,55395.76,C101549,195268.96,207452.21,18,597,0,1,1,1,0.6135981241396399,0.18028159635389693,0,0.0,-2.6337564,-1.3125136,-4.015815,0.2978854,-0.6647574,-3.0667942,-0.08520533
523,TRANSFER,2853.74,C100950,24255.26,21401.52,C101411,8717.29,11571.03,19,624,0,1,1,1,1.3113839124526518,0.117654479894258,0,0.0,-2.6337564,-1.3125136,-4.015815,0.2978854,-0.6647574,-3.0667942,-0.08520533
523,TRANSFER,18800.49,C100439,84483.92,65683.44,C100930,40322.31,59122.8,19,500,0,1,1,1,0.9352740707075475,0.2225333530925175,23,0.0,-2.6481798,-1.2949963,-4.015815,0.29668936,-0.6642246,-3.0760257,0.0040974133
523,TRANSFER,1593.82,C101330,100991.28,99397.46,C100823,28639.94,30233.76,19,617,0,0,1,1,0.6988014645568212,0.01578175858351335,0,0.0,-2.412985,-1.5622406,-4.014444,-0.41750395,-0.65570605,-3.0290215,-0.120689884
523,TRANSFER,1437536.04,C100828,13396.82,0.0,C101499,201516.84,1639052.88,14,-31,0,5,1,1,14.252841484529196,2.0,554,2.3,0.42301768,-0.4560075,1.7850927,-1.3715929,-1.455203,-2.5222702,-0.19409281
523,TRANSFER,2868.33,C101331,94692.01,91823.68,C100311,138011.16,140879.5,19,637,0,0,1,1,0.6705968025389564,0.030291151280873646,0,0.0,-2.412985,-1.5622406,-4.014444,-0.41750395,-0.65570605,-3.0290215,-0.120689884
523,TRANSFER,31844.39,C101460,111545.15,79700.76,C100016,95444.51,127288.9,19,696,0,0,1,1,0.8823584991643688,0.28548430837199107,0,0.0,-2.412985,-1.5622406,-4.014444,-0.41750395,-0.65570605,-3.0290215,-0.120689884
523,TRANSFER,1465.27,C100204,361142.34,359677.07,C100972,95140.25,96605.52,19,634,0,0,1,1,0.04568114848557699,0.004057319892206491,0,0.0,-2.412985,-1.5622406,-4.014444,-0.41750395,-0.65570605,-3.0290215,-0.120689884
523,TRANSFER,11650.83,C101123,190105.45,178454.62,C100577,31053.59,42704.43,19,561,0,0,1,1,0.1265860920664436,0.06128614408476979,0,0.0,-2.412985,-1.5622406,-4.014444,-0.41750395,-0.65570605,-3.0290215,-0.120689884
523,TRANSFER,8710.78,C100685,116938.43,108227.65,C100176,175823.23,184534.01,19,511,0,0,1,1,0.061896776601257454,0.07449031084135473,12,0.0,-2.433686,-1.5701944,-4.014444,-0.4155612,-0.65517336,-3.0319183,-0.09161406
524,TRANSFER,23324.87,C100979,1559065.07,1535740.2,C100432,29086.27,52411.13,20,697,0,1,1,1,1.1305800183676618,0.014960805965590646,0,0.0,-2.6663413,-1.7478483,-5.0304165,0.2978854,-0.61763954,-1.6313902,-0.08520533
524,TRANSFER,27670.22,C100196,79509.48,51839.27,C101671,185727.84,213398.06,20,713,0,0,1,1,1.0585377650090233,0.3480115830212951,0,0.0,-2.44557,-1.9975752,-5.029045,-0.41750395,-0.60858834,-1.5936172,-0.120689884
524,TRANSFER,7434.64,C101903,74811.61,67376.97,C101974,44266.96,51701.6,20,718,0,1,1,1,0.671570851239451,0.09937815801584808,0,0.0,-2.6663413,-1.7478483,-5.0304165,0.2978854,-0.61763954,-1.6313902,-0.08520533
524,TRANSFER,7367.56,C100486,112254.74,104887.18,C100822,222164.78,229532.34,20,664,0,0,1,1,1.1469651375773544,0.0656325069213113,0,0.0,-2.44557,-1.9975752,-5.029045,-0.41750395,-0.60858834,-1.5936172,-0.120689884
524,TRANSFER,12770.82,C100713,25128.35,12357.52,C101721,227679.51,240450.34,20,527,0,0,1,1,0.8859288241061165,0.5082235801395635,0,0.0,-2.44557,-1.9975752,-5.029045,-0.41750395,-0.60858834,-1.5936172,-0.120689884
524,TRANSFER,10377.71,C101490,23043.94,12666.23,C101599,527186.62,537564.33,20,503,0,0,1,1,1.4356709810283255,0.45034442894748034,21,0.0,-2.466271,-2.0118637,-5.029045,-0.4155612,-0.60805565,-1.6028489,-0.07894457
524,TRANSFER,15367.13,C100368,34206.14,18839.01,C100541,161018.42,176385.55,20,593,0,0,1,1,0.1210572962006394,0.44925063161175155,0,0.0,-2.44557,-1.9975752,-5.029045,-0.41750395,-0.60858834,-1.5936172,-0.120689884
524,TRANSFER,1086614.52,C100124,95451.99,0.0,C100156,147125.14,1233739.66,18,1,0,1,1,1,7.984254749310753,2.0,523,2.0,-0.79329884,0.41600803,1.7933145,0.40281597,-1.0592048,-4.743884,0.043843213
524,TRANSFER,13326.58,C101189,19255.25,5928.67,C100764,51513.3,64839.88,20,545,0,1,1,1,1.0559390456674518,0.6921011152802482,0,0.0,-2.6663413,-1.7478483,-5.0304165,0.2978854,-0.61763954,-1.6313902,-0.08520533
524,TRANSFER,1370114.86,C100282,371732.05,0.0,C100061,779830.55,2149945.41,17,180,0,1,1,1,18.1362379300901,2.0,344,0.2,-0.024143238,-1.2085668,1.7854588,0.13978858,-1.1500132,-5.1800265,-0.41590962
525,TRANSFER,3714.87,C100207,166906.13,163191.26,C100544,93463.87,97178.74,21,579,0,0,1,1,0.7999293233464078,0.022257241240929856,0,0.0,-2.44557,-1.9975752,-5.029045,-0.41750395,-0.60858834,-1.5936172,-0.120689884
525,TRANSFER,9694.63,C100368,34206.14,24511.51,C100929,67916.39,77611.02,21,593,0,1,1,1,0.07637116985836684,0.2834178308338795,0,0.0,-2.6663413,-1.7478483,-5.0304165,0.2978854,-0.61763954,-1.6313902,-0.08520533
525,TRANSFER,5492.61,C101310,53776.77,48284.16,C100514,114518.08,120010.69,21,620,0,0,1,1,1.3958897999794144,0.10213722393516754,0,0.0,-2.44557,-1.9975752,-5.029045,-0.41750395,-0.60858834,-1.5936172,-0.120689884
525,TRANSFER,34842.04,C100035,238996.42,204154.38,C100206,57103.04,91945.07,21,509,0,0,1,1,0.8460116975393889,0.14578477786403662,16,0.0,-2.466271,-2.005529,-5.029045,-0.4155612,-0.60805565,-1.5965139,-0.09161406
525,TRANSFER,5469.81,C100966,535998.94,530529.13,C100964,102129.01,107598.82,21,618,0,0,1,1,0.5687615761875159,0.010204889584296568,0,0.0,-2.44557,-1.9975752,-5.029045,-0.41750395,-0.60858834,-1.5936172,-0.120689884
525,TRANSFER,3563.61,C100305,54618.82,51055.21,C101586,28900.75,32464.36,21,542,0,1,1,1,0.8545816359434276,0.0652450931748434,0,0.0,-2.6663413,-1.7478483,-5.0304165,0.2978854,-0.61763954,-1.6313902,-0.08520533
525,TRANSFER,4814.57,C101199,59759.17,54944.6,C100013,97515.31,102329.88,21,542,0,0,1,1,0.9880815267840467,0.08056621268334216,0,0.0,-2.44557,-1.9975752,-5.029045,-0.41750395,-0.60858834,-1.5936172,-0.120689884
525,TRANSFER,1979705.72,C100154,129205.15,0.0,MULE168580,0.0,1979705.72,10,-256,1,1,1,1,14.988546810078843,2.0,781,99.5,5.1799097,1.130322,2.10322,0.14542258,-0.79252064,-2.6054626,0.035091415
525,TRANSFER,16115.26,C100859,33936.68,17821.42,C101499,201516.84,217632.1,21,537,0,0,1,1,0.6072475435917445,0.4748625970483854,0,0.0,-2.44557,-1.9975752,-5.029045,-0.41750395,-0.60858834,-1.5936172,-0.120689884
525,TRANSFER,24098.84,C100677,181750.74,157651.89,C101103,349120.81,373219.65,21,514,0,0,1,1,1.0977267285478782,0.13259280264828632,11,0.0,-2.466271,-2.005529,-5.029045,-0.4155612,-0.60805565,-1.5965139,-0.09161406
525,TRANSFER,2145552.33,C101938,107121.73,0.0,MULE624185,0.0,2145552.33,3,29,1,2,0,1,21.59634092645104,2.0,496,100.0,3.7903585,0.41404983,2.1230388,-0.59117204,2.43671,3.1637044,-0.13226767
525,TRANSFER,1039.33,C100408,5729.4,4690.07,C100884,98488.78,99528.11,21,716,0,0,1,1,0.025295742592034313,0.1814029392257479,0,0.0,-2.44557,-1.9975752,-5.029045,-0.41750395,-0.60858834,-1.5936172,-0.120689884
525,TRANSFER,20308.37,C101377,70610.55,50302.19,C100685,116938.43,137246.8,21,617,0,0,1,1,0.4000543298079368,0.2876109873099699,0,0.0,-2.44557,-1.9975752,-5.029045,-0.41750395,-0.60858834,-1.5936172,-0.120689884
525,TRANSFER,11478.4,C100199,37195.07,25716.67,C100870,10804.77,22283.17,21,519,0,3,1,1,1.091465632180108,0.30860003758562626,6,0.0,-2.628403,-1.5831007,-4.6312284,-0.6493491,-0.746531,-1.8921609,-0.0525144
525,TRANSFER,5086.46,C100776,192354.33,187267.87,C101080,56404.27,61490.74,21,559,0,1,1,1,1.040130193400182,0.026443179105975937,0,0.0,-2.6663413,-1.7478483,-5.0304165,0.2978854,-0.61763954,-1.6313902,-0.08520533
525,TRANSFER,12969.13,C101928,17657.81,4688.68,C101555,72891.93,85861.06,21,694,0,2,1,1,0.41446293361459474,0.7344699031193561,0,0.0,-2.7135828,-1.5792158,-4.712847,-0.6368506,-0.6861274,-1.7824625,-0.07220097
525,TRANSFER,2730.37,C100521,837982.55,835252.17,C101110,130894.11,133624.48,21,588,0,0,1,1,0.5407286271562469,0.0032582659388313037,0,0.0,-2.44557,-1.9975752,-5.029045,-0.41750395,-0.60858834,-1.5936172,-0.120689884
526,TRANSFER,16551.69,C101936,416514.16,399962.47,C101356,46828.42,63380.11,22,606,0,0,1,1,1.2747427780019793,0.039738600963770354,0,0.0,-2.44557,-1.9975752,-5.029045,-0.41750395,-0.60858834,-1.5936172,-0.120689884
526,TRANSFER,31701.87,C100514,114518.08,82816.21,C101928,17657.81,49359.68,22,719,0,1,1,1,1.0354951367262906,0.2768285147637823,0,0.0,-2.6663413,-1.7478483,-5.0304165,0.2978854,-0.61763954,-1.6313902,-0.08520533
526,TRANSFER,4285.07,C101173,103484.35,99199.28,C101865,26607.14,30892.21,22,651,0,1,1,1,0.03505194513676489,0.04140790370717891,0,0.0,-2.6663413,-1.7478483,-5.0304165,0.2978854,-0.61763954,-1.6313902,-0.08520533
526,TRANSFER,5781.11,C100977,84960.92,79179.82,C101980,146223.76,152004.86,22,536,0,0,1,1,0.08749883028215102,0.06804434321097276,0,0.0,-2.44557,-1.9975752,-5.029045,-0.41750395,-0.60858834,-1.5936172,-0.120689884
526,TRANSFER,29233.71,C100449,263794.32,234560.61,C101891,18102.03,47335.74,22,541,0,0,1,1,0.4958760868349517,0.1108200889238252,0,0.0,-2.44557,-1.9975752,-5.029045,-0.41750395,-0.60858834,-1.5936172,-0.120689884
526,TRANSFER,8843.84,C100153,27154.91,18311.08,C101603,567959.26,576803.1,22,673,0,1,1,1,0.09488934598362075,0.3256810646767012,0,0.0,-2.6663413,-1.7478483,-5.0304165,0.2978854,-0.61763954,-1.6313902,-0.08520533
526,TRANSFER,509435.39,C100846,611322.47,101887.08,C101321,67793.07,577228.46,22,554,0,0,1,1,1.5869236846413843,0.8333333306070035,0,0.0,-2.44557,-1.9975752,-5.029045,-0.41750395,-0.60858834,-1.5936172,-0.120689884
526,TRANSFER,1476053.04,C100531,189214.08,0.0,C101726,129852.29,1605905.32,16,404,0,1,1,1,15.291014752669314,2.0,122,84.4,-0.055608384,1.5817965,1.9569793,0.18227343,-0.98066884,-0.83230287,-0.19668534
527,TRANSFER,4132.36,C101584,143029.02,138896.66,C100999,66108.67,70241.03,23,512,0,0,1,1,0.3620742338373839,0.02889175916887356,15,0.0,-2.3638449,-1.7817888,-5.029045,-0.35200483,-0.57699746,2.4985867,-0.05536632
527,TRANSFER,4502.98,C101722,303194.72,298691.74,C101173,103484.35,107987.33,23,644,0,0,1,1,0.0312510953080484,0.014851775782902815,0,0.0,-2.3431442,-1.7738352,-5.029045,-0.35394764,-0.57753015,2.5014837,-0.08444215
527,TRANSFER,21980.27,C101031,196070.78,174090.51,C100686,11994.79,33975.07,23,687,0,1,1,1,1.342025415683145,0.11210375151259153,0,0.1,-2.563915,-1.567181,-5.0304165,0.24583514,-0.58658135,2.3481047,-0.06157772
527,TRANSFER,5617.51,C101583,91674.69,86057.18,C100352,94400.43,100017.94,23,531,0,1,1,1,0.881907925160909,0.061276563902206815,0,0.1,-2.563915,-1.567181,-5.0304165,0.24583514,-0.58658135,2.3481047,-0.06157772
527,TRANSFER,3506.19,C100384,224323.73,220817.53,C100966,535998.94,539505.13,23,602,0,1,1,1,1.2447069097725143,0.015630045024661456,0,0.1,-2.563915,-1.567181,-5.0304165,0.24583514,-0.58658135,2.3481047,-0.06157772
527,TRANSFER,21383.4,C100588,143099.49,121716.09,C101013,113822.67,135206.08,23,505,0,1,1,1,1.2616775954968282,0.14943030195285814,22,0.1,-2.5783384,-1.5496635,-5.0304165,0.24463908,-0.58604866,2.338873,0.027725032
527,TRANSFER,20395.68,C101618,149917.98,129522.3,C101301,1171925.85,1192321.53,23,578,0,1,1,1,0.35029457538707354,0.1360455897284635,0,0.1,-2.563915,-1.567181,-5.0304165,0.24583514,-0.58658135,2.3481047,-0.06157772
527,TRANSFER,17031.43,C101377,70610.55,53579.13,C100102,41915.74,58947.16,23,617,0,1,1,1,0.33550192922035543,0.2412023415764358,0,0.1,-2.563915,-1.567181,-5.0304165,0.24583514,-0.58658135,2.3481047,-0.06157772
527,TRANSFER,5952.67,C101450,14800.66,8847.99,C100697,117566.14,123518.81,23,601,0,1,1,1,0.042877163594160224,0.40218949695486556,0,0.1,-2.563915,-1.567181,-5.0304165,0.24583514,-0.58658135,2.3481047,-0.06157772
527,TRANSFER,154959.14,C100753,185950.96,30991.83,C101085,239711.46,394670.6,23,604,0,0,1,1,1.673040212211084,0.8333333691850798,0,0.0,-2.3431442,-1.7738352,-5.029045,-0.35394764,-0.57753015,2.5014837,-0.08444215
527,TRANSFER,8239.78,C101422,354043.34,345803.57,C100518,192199.29,200439.07,23,680,0,0,1,1,0.462294821807091,0.023273365345609948,0,0.0,-2.3431442,-1.7738352,-5.029045,-0.35394764,-0.57753015,2.5014837,-0.08444215
527,TRANSFER,2991.72,C100950,24255.26,21263.54,C100085,250819.18,253810.9,23,624,0,2,1,1,1.3747900924971608,0.12334314288941862,0,0.0,-2.6111565,-1.3985485,-4.712847,-0.6889008,-0.6550691,2.1970322,-0.04857337
528,TRANSFER,100.0,C100204,361142.34,361042.34,C100756,212460.48,212560.48,0,634,0,1,1,1,0.003117592558748694,0.00027689913068625516,0,0.0,-3.154489,-1.6310449,-5.658995,0.23644252,-0.54399574,2.3775933,-0.13000211
528,TRANSFER,9275.6,C101113,251559.62,242284.02,C100935,3686.97,12962.57,0,530,0,1,1,1,0.9659891321810254,0.03687237244196823,0,0.0,-3.154489,-1.6310449,-5.658995,0.23644252,-0.54399574,2.3775933,-0.13000211
528,TRANSFER,6044.46,C100366,378237.13,372192.67,C101757,21456.3,27500.76,0,646,0,1,1,1,0.07541538135390705,0.015980609835951325,0,0.0,-3.154489,-1.6310449,-5.658995,0.23644252,-0.54399574,2.3775933,-0.13000211
528,TRANSFER,48729.24,C100057,58475.09,9745.85,C100654,96293.14,145022.38,0,582,0,0,1,1,0.9606250290979823,0.8333333048311683,0,0.0,-2.9275367,-1.8225812,-5.6584744,-0.4786451,-0.53900033,2.4156675,-0.16548668
528,TRANSFER,16892.21,C100677,181750.74,164858.53,C100100,134321.37,151213.57,0,514,0,1,1,1,0.7694573855523235,0.09294162983875609,14,0.0,-3.1689122,-1.6378384,-5.658995,0.23524648,-0.54346305,2.394972,-0.08378953
528,TRANSFER,3886.28,C101719,138278.52,134392.24,C101872,54821.29,58707.58,0,696,0,1,1,1,1.0528987416301123,0.028104726605404806,0,0.0,-3.154489,-1.6310449,-5.658995,0.23644252,-0.54399574,2.3775933,-0.13000211
528,TRANSFER,17450.4,C101980,146223.76,128773.36,C100036,56666.2,74116.59,0,545,0,1,1,1,1.0279388834220549,0.11934038626827816,0,0.0,-3.154489,-1.6310449,-5.658995,0.23644252,-0.54399574,2.3775933,-0.13000211
528,TRANSFER,2267.26,C101024,80459.43,78192.18,C101907,28073.79,30341.05,0,643,0,1,1,1,1.2853696386153184,0.028178921973471605,0,0.0,-3.154489,-1.6310449,-5.658995,0.23644252,-0.54399574,2.3775933,-0.13000211
528,TRANSFER,14815.48,C100295,300526.4,285710.92,C100164,204023.82,218839.3,0,510,0,0,1,1,1.0051014397054783,0.04929843101970409,18,0.0,-2.9482374,-1.8293746,-5.6584744,-0.47670233,-0.53846765,2.433046,-0.11613525
528,TRANSFER,22454.72,C100677,181750.74,159296.02,C100191,32296.42,54751.14,0,514,0,1,1,1,1.0228353865189617,0.12354678720977974,14,0.0,-3.1689122,-1.6378384,-5.658995,0.23524648,-0.54346305,2.394972,-0.08378953
528,TRANSFER,19355.32,C100792,38447.33,19092.01,C100474,33218.39,52573.71,0,717,0,1,1,1,0.17006687150797,0.50342429500306,0,0.0,-3.154489,-1.6310449,-5.658995,0.23644252,-0.54399574,2.3775933,-0.13000211
528,TRANSFER,1016542.1,C100694,529116.36,0.0,C100380,71079.57,1087621.67,18,-165,0,0,1,1,16.482470919579388,1.9212070857155126,693,1.8,0.15526427,0.8234787,0.37322608,-0.09284176,-1.1484658,-4.763334,0.596586
528,TRANSFER,7311.01,C101065,99206.56,91895.55,C100113,125278.48,132589.49,0,536,0,0,1,1,0.5775684059360746,0.07369482421323752,0,0.0,-2.9275367,-1.8225812,-5.6584744,-0.4786451,-0.53900033,2.4156675,-0.16548668
529,TRANSFER,9619.11,C100795,222065.57,212446.45,C101379,70705.91,80325.02,1,537,0,1,1,1,0.20422526389852846,0.04331653033831404,0,0.0,-3.154489,-1.6310449,-5.658995,0.23644252,-0.54399574,2.3775933,-0.13000211
529,TRANSFER,16285.8,C100795,222065.57,205779.76,C101430,14384.88,30670.68,1,537,0,1,1,1,0.345767103484486,0.07333779838090164,0,0.0,-3.154489,-1.6310449,-5.658995,0.23644252,-0.54399574,2.3775933,-0.13000211
529,TRANSFER,10625.35,C100266,204872.29,194246.94,C101300,191052.68,201678.03,1,583,0,1,1,1,0.6757675738719756,0.051863285171459744,0,0.0,-3.154489,-1.6310449,-5.658995,0.23644252,-0.54399574,2.3775933,-0.13000211
529,TRANSFER,20864.9,C100944,84244.5,63379.6,C101595,1965557.82,1986422.72,1,698,0,0,1,1,0.2106810388777683,0.2476707678246058,0,0.0,-2.9275367,-1.8225812,-5.6584744,-0.4786451,-0.53900033,2.4156675,-0.16548668
529,TRANSFER,11413.11,C101125,192517.05,181103.94,C101067,166425.78,177838.9,1,576,0,1,1,1,1.0765475670169868,0.059283632280881106,0,0.0,-3.154489,-1.6310449,-5.658995,0.23644252,-0.54399574,2.3775933,-0.13000211
529,TRANSFER,17753.59,C101375,47576.89,29823.3,C101280,799983.39,817736.98,1,717,0,2,1,1,0.8504625580775943,0.3731557485157185,0,0.0,-3.1631603,-1.496302,-5.413605,-0.23514885,-0.57324165,2.6896653,-0.11812753
529,TRANSFER,14931.85,C100870,17918.22,2986.37,C101432,65573.31,80505.16,1,712,0,0,1,1,0.8853816518285283,0.8333333333333333,0,0.0,-2.9275367,-1.8225812,-5.6584744,-0.4786451,-0.53900033,2.4156675,-0.16548668
529,TRANSFER,3289.33,C101574,47570.07,44280.74,MULE127017,0.0,3289.33,23,629,0,0,1,1,0.0655752199784976,0.06914704981514637,0,0.0,-2.3431442,-1.7738352,-5.029045,-0.35394764,-0.57753015,2.5014837,-0.08444215
529,TRANSFER,3912.92,C101327,106613.37,102700.45,C101789,54641.95,58554.87,1,707,0,1,1,1,1.4650039237298798,0.036701963365382784,0,0.0,-3.154489,-1.6310449,-5.658995,0.23644252,-0.54399574,2.3775933,-0.13000211
529,TRANSFER,3593.76,C100367,61985.42,58391.66,C100160,52794.04,56387.8,1,545,0,0,1,1,0.018889566940326744,0.0579775050326351,0,0.0,-2.9275367,-1.8225812,-5.6584744,-0.4786451,-0.53900033,2.4156675,-0.16548668
529,TRANSFER,1307.57,C100390,9386.1,8078.53,C100144,41631.91,42939.48,1,601,0,1,1,1,0.03475435783759481,0.13930919125089228,0,0.0,-3.154489,-1.6310449,-5.658995,0.23644252,-0.54399574,2.3775933,-0.13000211
529,TRANSFER,8539.47,C100956,186739.13,178199.66,C101370,72678.65,81218.12,1,507,0,0,1,1,0.12879231224237925,0.04572940872113948,22,0.0,-2.9482374,-1.8586423,-5.6584744,-0.47670233,-0.53846765,2.4540813,-0.02540003
530,TRANSFER,26558.85,C100216,100060.8,73501.94,C101873,23056.62,49615.47,2,533,0,1,1,1,1.1211557379475288,0.265427120310851,0,0.0,-3.1975121,-1.6558194,-5.658995,0.23644252,-0.54399574,2.3084285,-0.13000211
530,TRANSFER,5249.47,C100776,192354.33,187104.86,C101586,28900.75,34150.21,2,559,0,2,1,1,1.073464107915614,0.02729062558664523,0,0.0,-3.2061844,-1.5210766,-5.413605,-0.23514885,-0.57324165,2.6205006,-0.11812753
530,TRANSFER,207648.47,C101616,412467.35,204818.88,C100567,167279.17,374927.64,2,586,0,0,1,1,0.7727946103980073,0.5034300775564418,0,0.0,-2.9705603,-1.8473557,-5.6584744,-0.4786451,-0.53900033,2.3465033,-0.16548668
530,TRANSFER,24440.93,C100222,109446.62,85005.68,C100214,34902.04,59342.98,2,617,0,0,1,1,1.459358612172675,0.22331370306364876,0,0.0,-2.9705603,-1.8473557,-5.6584744,-0.4786451,-0.53900033,2.3465033,-0.16548668
530,TRANSFER,36880.66,C100417,46235.21,9354.56,C101200,49592.57,86473.23,2,716,0,1,1,1,0.76651227276101,0.7976747591283787,0,0.0,-3.1975121,-1.6558194,-5.658995,0.23644252,-0.54399574,2.3084285,-0.13000211
530,TRANSFER,8505.02,C101404,16013.22,7508.2,C101190,17917.58,26422.6,2,719,0,0,1,1,1.1754981606049468,0.5311249080447281,0,0.0,-2.9705603,-1.8473557,-5.6584744,-0.4786451,-0.53900033,2.3465033,-0.16548668
530,TRANSFER,5007.26,C100521,837982.55,832975.28,C100936,11844.82,16852.08,2,588,0,1,1,1,0.9916490532837634,0.00597537502421739,0,0.0,-3.1975121,-1.6558194,-5.658995,0.23644252,-0.54399574,2.3084285,-0.13000211
530,TRANSFER,1290605.57,C101537,66044.34,0.0,C100278,51233.79,1341839.37,17,-169,0,0,1,1,26.623101660471104,2.0,699,0.3,-0.5921556,-1.2329496,1.7496773,-0.12423535,-1.1834743,-5.1006,0.6395313
530,TRANSFER,18740.57,C100368,34206.14,15465.57,C101464,178036.37,196776.93,2,593,0,2,1,1,0.14763216901651882,0.5478715224810516,0,0.0,-3.2061844,-1.5210766,-5.413605,-0.23514885,-0.57324165,2.6205006,-0.11812753
530,TRANSFER,10870.52,C101460,111545.15,100674.63,C100943,69419.03,80289.55,2,696,0,1,1,1,0.30120519539976287,0.09745399060380483,0,0.0,-3.1975121,-1.6558194,-5.658995,0.23644252,-0.54399574,2.3084285,-0.13000211
530,TRANSFER,5052.87,C100702,268996.16,263943.29,C101276,312797.78,317850.65,2,603,0,1,1,1,0.9868834562684986,0.01878417149151869,0,0.0,-3.1975121,-1.6558194,-5.658995,0.23644252,-0.54399574,2.3084285,-0.13000211
530,TRANSFER,31901.73,C100048,111603.53,79701.81,C101303,318439.55,350341.28,2,674,0,1,1,1,0.6117551157992294,0.2858487540671877,0,0.0,-3.1975121,-1.6558194,-5.658995,0.23644252,-0.54399574,2.3084285,-0.13000211
530,TRANSFER,50099.63,C101914,60119.55,10019.93,C100207,166906.13,217005.75,2,589,0,0,1,1,1.021846905038983,0.833333416500955,0,0.0,-2.9705603,-1.8473557,-5.6584744,-0.4786451,-0.53900033,2.3465033,-0.16548668
530,TRANSFER,1176213.06,C100458,10819.86,0.0,C101101,52749.72,1228962.78,11,329,0,1,1,1,18.936762700468098,2.0,201,0.4,-0.9275417,-0.49445176,1.7191473,0.13969567,-1.3381603,-4.401529,-0.22704366
531,TRANSFER,9963.56,C101113,251559.62,241596.06,C101599,527186.62,537150.18,3,530,0,1,1,1,1.0376353742974662,0.03960715157702973,1,0.0,-3.2119353,-1.6558194,-5.658995,0.23524648,-0.54346305,2.3084285,-0.114915565
531,TRANSFER,1275585.09,C101574,47570.07,0.0,MULE127017,0.0,1275585.09,23,629,1,3,0,1,25.42972972551908,2.0,0,99.9,0.22039662,-0.63237387,1.9436651,-0.25057122,5.0364203,1.3024046,-0.08354728
531,TRANSFER,14644.02,C101980,146223.76,131579.74,C100068,186620.56,201264.57,3,545,0,2,1,1,0.8626253591671389,0.10014801971991419,0,0.0,-3.2061844,-1.5210766,-5.413605,-0.23514885,-0.57324165,2.6205006,-0.11812753
531,TRANSFER,10070.48,C100044,18864.19,8793.71,C100020,100470.17,110540.66,3,558,0,1,1,1,0.6315152476697916,0.5338411031695504,0,0.0,-3.1975121,-1.6558194,-5.658995,0.23644252,-0.54399574,2.3084285,-0.13000211
531,TRANSFER,6763.88,C100385,47244.82,40480.94,C101619,71779.3,78543.18,3,609,0,1,1,1,1.1735475682520191,0.14316659477165963,0,0.0,-3.1975121,-1.6558194,-5.658995,0.23644252,-0.54399574,2.3084285,-0.13000211
531,TRANSFER,1987.7,C101760,57933.68,55945.98,C100557,270352.44,272340.14,3,620,0,1,1,1,0.030883855364391498,0.034309921275499845,0,0.0,-3.1975121,-1.6558194,-5.658995,0.23644252,-0.54399574,2.3084285,-0.13000211
531,TRANSFER,25508.95,C101398,30610.74,5101.79,C101461,18121.07,43630.02,3,636,0,0,1,1,0.36670969590041824,0.8333333333333333,0,0.0,-2.9705603,-1.8473557,-5.6584744,-0.4786451,-0.53900033,2.3465033,-0.16548668
531,TRANSFER,36385.73,C101914,43662.88,7277.15,C101872,54821.29,91207.03,3,589,0,1,1,1,0.7421341352837153,0.8333332569908354,0,0.0,-3.1975121,-1.6558194,-5.658995,0.23644252,-0.54399574,2.3084285,-0.13000211
531,TRANSFER,3175.56,C101874,21280.53,18104.97,C101350,106716.57,109892.13,3,537,0,0,1,1,0.057035736960210415,0.14922372704063291,0,0.0,-2.9705603,-1.8473557,-5.6584744,-0.4786451,-0.53900033,2.3465033,-0.16548668
531,TRANSFER,4183.16,C100445,2245304.17,2241121.01,C100307,100313.04,104496.2,3,640,0,0,1,1,1.391508773521429,0.0018630705166329425,0,0.0,-2.9705603,-1.8473557,-5.6584744,-0.4786451,-0.53900033,2.3465033,-0.16548668
532,TRANSFER,21398.24,C100677,181750.74,160352.5,C100909,189596.31,210994.55,4,514,0,3,1,1,0.9747116455349035,0.11773399106930735,18,0.0,-3.240692,-1.5966557,-5.402201,-0.1666006,-0.63316566,2.4911766,-0.070136845
532,TRANSFER,33456.03,C101439,994519.88,961063.85,C100393,142994.17,176450.2,4,647,0,1,1,1,0.7604240287504392,0.0336403833375357,0,0.0,-3.2407174,-1.6998246,-5.658995,0.23644252,-0.5487397,2.1872785,-0.13000211
532,TRANSFER,5573.94,C100454,60316.39,54742.45,C100986,127088.83,132662.78,4,605,0,0,1,1,0.4475643852467573,0.09241169771599395,0,0.0,-3.013765,-1.8913609,-5.6584744,-0.4786451,-0.54374427,2.2253532,-0.16548668
532,TRANSFER,4525.17,C101855,10440.14,5914.97,C101109,37213.66,41738.83,4,524,0,1,1,1,0.07981307773912905,0.43343958989055703,8,0.0,-3.2551405,-1.706239,-5.658995,0.23524648,-0.5482069,2.2050364,-0.08454759
532,TRANSFER,35467.14,C101105,104150.26,68683.12,C100254,341308.96,376776.11,4,620,0,2,1,1,1.3691006574543236,0.3405381801255225,0,0.0,-3.2493896,-1.5650817,-5.413605,-0.23514885,-0.5779855,2.499351,-0.11812753
532,TRANSFER,26982.99,C101082,130008.15,103025.16,C100430,15888.66,42871.65,4,671,0,1,1,1,0.2056360835440924,0.20754844984718268,0,0.0,-3.2407174,-1.6998246,-5.658995,0.23644252,-0.5487397,2.1872785,-0.13000211
532,TRANSFER,3582.37,C100367,61985.42,58403.05,C100333,0.0,3582.37,13,545,0,1,1,1,0.018829698677713124,0.05779375214364926,0,0.0,-2.5863402,-1.2650838,-3.8894126,0.24856035,-0.74875313,-2.7310748,-0.1278737
532,TRANSFER,4726.17,C101199,59759.17,55033.0,C101071,126664.95,131391.12,4,542,0,1,1,1,0.9699394274963202,0.07908694180324125,0,0.0,-3.2407174,-1.6998246,-5.658995,0.23644252,-0.5487397,2.1872785,-0.13000211
532,TRANSFER,11223.47,C101638,131242.98,120019.51,C100696,178854.43,190077.9,4,610,0,0,1,1,0.0799741956945647,0.08551672630414212,0,0.0,-3.013765,-1.8913609,-5.6584744,-0.4786451,-0.54374427,2.2253532,-0.16548668
532,TRANSFER,75578.69,C100417,90694.43,15115.74,C100790,582747.02,658325.71,4,716,0,2,1,1,1.570796006476018,0.8333333149566077,0,0.0,-3.2493896,-1.5650817,-5.413605,-0.23514885,-0.5779855,2.499351,-0.11812753
532,TRANSFER,1530.55,C101844,109447.35,107916.8,C100997,1618854.9,1620385.45,4,545,0,0,1,1,0.4594011321819415,0.01398434955254741,0,0.0,-3.013765,-1.8913609,-5.6584744,-0.4786451,-0.54374427,2.2253532,-0.16548668
532,TRANSFER,44803.93,C100753,113170.43,68366.51,C101184,225959.19,270763.12,4,604,0,1,1,1,0.4837325281689776,0.3958978507018132,0,0.0,-3.2407174,-1.6998246,-5.658995,0.23644252,-0.5487397,2.1872785,-0.13000211
532,TRANSFER,12374.17,C100329,327619.72,315245.55,C101572,152651.94,165026.11,4,666,0,0,1,1,0.24201478888475636,0.03776991812336571,0,0.0,-3.013765,-1.8913609,-5.6584744,-0.4786451,-0.54374427,2.2253532,-0.16548668
532,TRANSFER,3117.12,C101327,106613.37,103496.24,C100226,118315.0,121432.12,4,707,0,2,1,1,1.1670550460364337,0.029237608753948964,0,0.0,-3.2493896,-1.5650817,-5.413605,-0.23514885,-0.5779855,2.499351,-0.11812753
533,TRANSFER,12497.29,C100868,106671.32,94174.03,C101495,93886.64,106383.93,5,524,0,0,1,1,1.6267926571049198,0.11715698277662637,9,0.0,-2.3880923,-1.6594442,-3.7581031,-0.61087686,-0.6987975,-2.634125,-0.1615793
533,TRANSFER,4783.87,C100367,61985.42,57201.55,C101687,0.0,4783.87,13,545,0,2,1,1,0.025145038232608993,0.07717734267187348,0,0.0,-2.5951092,-1.0964509,-3.5718427,-0.5404966,-0.8045183,-2.7364674,-0.11599915
533,TRANSFER,17822.47,C101377,70610.55,52788.08,C100487,273088.31,290910.78,5,617,0,2,1,1,0.35108461641047806,0.25240520007279366,0,0.0,-2.5982978,-1.2960657,-3.47151,-0.35090783,-0.76111835,-2.3594697,-0.14507683
533,TRANSFER,82079.56,C100176,175823.23,93743.67,C100802,281850.82,363930.39,5,575,0,0,1,1,1.1443537556020973,0.4668300087536783,0,0.0,-2.3673913,-1.6530298,-3.7581031,-0.6128197,-0.6993303,-2.6518826,-0.21017267
533,TRANSFER,927606.63,C101026,238680.24,0.0,C100184,12226.93,939833.56,18,591,0,0,1,1,13.745425456055136,2.0,0,1.2,-0.28342655,-0.035362985,1.7940946,-0.13544515,-1.0038847,-4.57796,-0.19200718
533,TRANSFER,2168.49,C101550,40488.99,38320.5,C100237,88589.54,90758.03,5,620,0,0,1,1,0.8118078082478598,0.05355752267468267,0,0.0,-2.3673913,-1.6530298,-3.7581031,-0.6128197,-0.6993303,-2.6518826,-0.21017267
533,TRANSFER,16912.02,C101804,321097.29,304185.27,C100874,113592.9,130504.92,5,618,0,0,1,1,1.1849343019358725,0.05266945728504903,0,0.0,-2.3673913,-1.6530298,-3.7581031,-0.6128197,-0.6993303,-2.6518826,-0.21017267
533,TRANSFER,119340.89,C100754,360342.98,241002.08,C100295,300526.4,419867.29,5,626,0,0,1,1,1.4728135989712743,0.33118694306185736,0,0.0,-2.3673913,-1.6530298,-3.7581031,-0.6128197,-0.6993303,-2.6518826,-0.21017267
533,TRANSFER,11578.54,C100718,343603.22,332024.69,C100779,29347.34,40925.88,5,596,0,0,1,1,1.293348153084888,0.033697414127841996,0,0.0,-2.3673913,-1.6530298,-3.7581031,-0.6128197,-0.6993303,-2.6518826,-0.21017267
533,TRANSFER,26192.23,C101652,274822.08,248629.85,C100098,11273.69,37465.92,5,707,0,0,1,1,0.281984302841444,0.09530613406317279,0,0.0,-2.3673913,-1.6530298,-3.7581031,-0.6128197,-0.6993303,-2.6518826,-0.21017267
533,TRANSFER,1865.89,C100367,61985.42,60119.53,C101690,0.0,1865.89,13,545,0,2,1,1,0.009807514708351773,0.03010207884370228,0,0.0,-2.5951092,-1.0964509,-3.5718427,-0.5404966,-0.8045183,-2.7364674,-0.11599915
533,TRANSFER,10140.65,C100525,223881.24,213740.59,C100366,378237.13,388377.78,5,661,0,1,1,1,1.2050987410887792,0.045294773246744566,0,0.0,-2.5943441,-1.4646981,-3.7594745,0.19323318,-0.7246261,-2.5989926,-0.15695137
533,TRANSFER,14956.0,C101699,22649.15,7693.15,C100176,175823.23,190779.23,5,700,0,1,1,1,0.9777710875815603,0.6603338315124408,0,0.0,-2.5943441,-1.4646981,-3.7594745,0.19323318,-0.7246261,-2.5989926,-0.15695137
533,TRANSFER,48667.15,C101244,176689.12,128021.97,C100990,212963.26,261630.4,5,537,0,0,1,1,1.129518180644648,0.27543942717016195,0,0.0,-2.3673913,-1.6530298,-3.7581031,-0.6128197,-0.6993303,-2.6518826,-0.21017267
534,TRANSFER,9410.76,C101377,70610.55,61199.79,C101117,82135.27,91546.03,6,617,0,3,1,1,0.18538244501076845,0.13327696781854836,0,0.0,-2.475803,-1.2916518,-3.3898907,0.0047643343,-0.84333175,-2.099094,-0.14329872
534,TRANSFER,65072.38,C100838,414823.07,349750.7,C100244,178216.84,243289.22,6,688,0,1,1,1,0.7897879991771876,0.15686779426226222,0,0.0,-2.5943441,-1.4646981,-3.7594745,0.19323318,-0.7246261,-2.5989926,-0.15695137
534,TRANSFER,14570.91,C100850,81948.28,67377.37,C100352,94400.43,108971.34,6,695,0,0,1,1,1.4157386886434145,0.17780617238092122,0,0.0,-2.3673913,-1.6530298,-3.7581031,-0.6128197,-0.6993303,-2.6518826,-0.21017267
534,TRANSFER,7500.98,C101113,251559.62,244058.64,C101064,69697.59,77198.57,6,530,0,2,1,1,0.7811748200339846,0.02981790161711963,4,0.0,-2.6127212,-1.2960657,-3.47151,-0.35210386,-0.7605856,-2.3417118,-0.10603657
534,TRANSFER,24890.32,C100979,1559065.07,1534174.75,C100828,13396.82,38287.13,6,697,0,2,1,1,1.2064589617338481,0.015964901323842755,0,0.0,-2.5982978,-1.2960657,-3.47151,-0.35090783,-0.76111835,-2.3594697,-0.14507683
534,TRANSFER,19314.72,C100429,878935.03,859620.32,C100227,197825.06,217139.77,6,646,0,1,1,1,1.0631657326960924,0.021975139618681486,0,0.0,-2.5943441,-1.4646981,-3.7594745,0.19323318,-0.7246261,-2.5989926,-0.15695137
534,TRANSFER,40447.69,C101149,131528.54,91080.85,C100360,649526.02,689973.71,6,567,0,0,1,1,1.0926676731309488,0.3075202537791418,0,0.0,-2.3673913,-1.6530298,-3.7581031,-0.6128197,-0.6993303,-2.6518826,-0.21017267
534,TRANSFER,9371.8,C100554,157447.15,148075.35,C101149,131528.54,140900.34,6,572,0,0,1,1,0.06580320722984004,0.05952346549302417,0,0.0,-2.3673913,-1.6530298,-3.7581031,-0.6128197,-0.6993303,-2.6518826,-0.21017267
534,TRANSFER,67611.56,C100771,197215.05,129603.49,C100266,204872.29,272483.85,6,683,0,0,1,1,1.3647326375165043,0.3428316449479895,0,0.0,-2.3673913,-1.6530298,-3.7581031,-0.6128197,-0.6993303,-2.6518826,-0.21017267
534,TRANSFER,8805.05,C101189,19255.25,10450.2,C100718,343603.22,352408.27,6,545,0,2,1,1,0.6976730784683088,0.4572804819464821,0,0.0,-2.5982978,-1.2960657,-3.47151,-0.35090783,-0.76111835,-2.3594697,-0.14507683
534,TRANSFER,960.22,C100503,176547.3,175587.08,C100242,18538.28,19498.5,6,658,0,1,1,1,0.32796281727727344,0.005438882384494127,0,0.0,-2.5943441,-1.4646981,-3.7594745,0.19323318,-0.7246261,-2.5989926,-0.15695137
534,TRANSFER,11553.32,C101686,23034.25,11480.93,C101476,7593.13,19146.45,6,570,0,1,1,1,1.431798994259797,0.5015713556985792,0,0.0,-2.5943441,-1.4646981,-3.7594745,0.19323318,-0.7246261,-2.5989926,-0.15695137
534,TRANSFER,1036257.85,C100367,61985.42,0.0,C101112,686374.66,1722632.51,13,545,0,4,1,1,5.446791668061882,2.0,0,0.1,-0.9132644,-1.0936869,1.6111192,-0.80295956,-1.404026,-4.1193714,-0.11422103
534,TRANSFER,147194.37,C100754,360342.98,213148.61,C101757,21456.3,168650.67,6,626,0,1,1,1,1.8165598549500457,0.4084840781413308,0,0.0,-2.5943441,-1.4646981,-3.7594745,0.19323318,-0.7246261,-2.5989926,-0.15695137
535,TRANSFER,5624.0,C100366,378237.13,372613.13,C101316,81302.72,86926.72,7,646,0,2,1,1,0.07016939556790404,0.014868979150724838,0,0.0,-2.5982978,-1.2960657,-3.47151,-0.35090783,-0.76111835,-2.3594697,-0.14507683
535,TRANSFER,2699.73,C101468,543231.65,540531.92,C100461,20418.54,23118.27,7,526,0,0,1,1,0.032207473617837976,0.004969758297404063,9,0.0,-2.3880923,-1.6594442,-3.7581031,-0.61087686,-0.6987975,-2.634125,-0.1615793
535,TRANSFER,2651.47,C100540,175657.15,173005.69,C100525,223881.24,226532.71,7,713,0,0,1,1,1.1239006503819395,0.015094574857897898,0,0.0,-2.3673913,-1.6530298,-3.7581031,-0.6128197,-0.6993303,-2.6518826,-0.21017267
535,TRANSFER,1572080.05,C101770,58258.41,0.0,MULE338212,0.0,1572080.05,3,-132,1,5,0,1,19.849213745668006,2.0,667,100.0,1.3044188,0.1908397,2.0511675,-0.11040072,3.6849935,3.887278,0.6082652
535,TRANSFER,4531.82,C101399,54545.59,50013.77,C101081,26093.37,30625.19,7,665,0,1,1,1,0.03556034469229632,0.08308316034348515,0,0.0,-2.5943441,-1.4646981,-3.7594745,0.19323318,-0.7246261,-2.5989926,-0.15695137
535,TRANSFER,24020.14,C100196,79509.48,55489.34,C101620,146375.24,170395.39,7,713,0,1,1,1,0.9189021739185247,0.3021041012971032,0,0.0,-2.5943441,-1.4646981,-3.7594745,0.19323318,-0.7246261,-2.5989926,-0.15695137
535,TRANSFER,74195.47,C100330,89034.56,14839.09,C100567,167279.17,241474.64,7,631,0,0,1,1,0.810910698138224,0.8333333707719789,0,0.0,-2.3673913,-1.6530298,-3.7581031,-0.6128197,-0.6993303,-2.6518826,-0.21017267
535,TRANSFER,47752.15,C100996,57302.58,9550.43,C101277,7848.35,55600.51,7,684,0,1,1,1,0.48884998143769925,0.8333333333333334,0,0.0,-2.5943441,-1.4646981,-3.7594745,0.19323318,-0.7246261,-2.5989926,-0.15695137
535,TRANSFER,16324.31,C100044,19589.17,3264.86,C101417,306599.94,322924.25,7,558,0,2,1,1,1.0236900994479365,0.8333334184143586,0,0.0,-2.5982978,-1.2960657,-3.47151,-0.35090783,-0.76111835,-2.3594697,-0.14507683
535,TRANSFER,6241.06,C100469,100645.05,94403.99,C100255,23886.28,30127.34,7,524,0,0,1,1,1.2520769827776943,0.0620106006206962,11,0.0,-2.3880923,-1.6598232,-3.7581031,-0.61087686,-0.6987975,-2.634504,-0.16082121
535,TRANSFER,1821.11,C101171,225558.32,223737.21,C101333,61268.43,63089.54,7,567,0,0,1,1,1.0603917246694647,0.008073787745892059,0,0.0,-2.3673913,-1.6530298,-3.7581031,-0.6128197,-0.6993303,-2.6518826,-0.21017267
535,TRANSFER,11771.22,C101540,122083.34,110312.13,C101599,527186.62,538957.84,7,548,0,0,1,1,1.265026136148701,0.09641954422282352,0,0.0,-2.3673913,-1.6530298,-3.7581031,-0.6128197,-0.6993303,-2.6518826,-0.21017267
535,TRANSFER,2332.55,C101171,225558.32,223225.77,C101447,319435.75,321768.3,7,567,0,0,1,1,1.358191826620995,0.010341227936083228,0,0.0,-2.3673913,-1.6530298,-3.7581031,-0.6128197,-0.6993303,-2.6518826,-0.21017267
536,TRANSFER,14593.43,C101584,143029.02,128435.59,C100674,74047.3,88640.74,8,512,0,1,1,1,1.2786652146254185,0.10203125211932516,24,0.0,-2.608767,-1.5007596,-3.7594745,0.19203712,-0.7240934,-2.5605788,-0.02000361
536,TRANSFER,7262.57,C100625,81948.01,74685.44,C100437,137543.74,144806.31,8,621,0,0,1,1,0.9867994085688533,0.08862411668080775,0,0.0,-2.3673913,-1.6530298,-3.7581031,-0.6128197,-0.6993303,-2.6518826,-0.21017267
536,TRANSFER,1349037.38,C101210,103719.69,0.0,C100143,158432.7,1507470.08,19,584,0,0,1,1,6.791901383232778,2.0,0,6.8,1.3264015,0.66350496,1.8197291,-0.92074364,-0.88588023,-4.5099397,-0.15141177
536,TRANSFER,1442.08,C101875,159867.19,158425.11,C100699,35088.24,36530.31,8,539,0,0,1,1,0.6605479867660622,0.009020487568462297,0,0.0,-2.3673913,-1.6530298,-3.7581031,-0.6128197,-0.6993303,-2.6518826,-0.21017267
536,TRANSFER,9259.22,C100560,151865.07,142605.86,C100766,11096.44,20355.66,8,647,0,0,1,1,0.08251115581325527,0.060970044000243105,0,0.0,-2.3673913,-1.6530298,-3.7581031,-0.6128197,-0.6993303,-2.6518826,-0.21017267
536,TRANSFER,8789.96,C100525,223881.24,215091.28,C100755,23456.29,32246.25,8,661,0,2,1,1,1.0445848865921539,0.039261708573706304,0,0.0,-2.5982978,-1.2960657,-3.47151,-0.35090783,-0.76111835,-2.3594697,-0.14507683
536,TRANSFER,59591.88,C100176,175823.23,116231.35,C101420,99667.29,159259.17,8,575,0,1,1,1,0.8308303758132903,0.33893064073501544,0,0.0,-2.5943441,-1.4646981,-3.7594745,0.19323318,-0.7246261,-2.5989926,-0.15695137
536,TRANSFER,36600.14,C101928,43920.17,7320.03,C100440,107380.71,143980.85,8,694,0,3,1,1,1.1696545099867819,0.8333332953856963,0,0.0,-2.475803,-1.2916518,-3.3898907,0.0047643343,-0.84333175,-2.099094,-0.14329872
536,TRANSFER,1046.69,C100538,206349.82,205303.13,C101751,46250.2,47296.89,8,588,0,0,1,1,0.008675265945607346,0.005072405684676633,0,0.0,-2.3673913,-1.6530298,-3.7581031,-0.6128197,-0.6993303,-2.6518826,-0.21017267
536,TRANSFER,51256.31,C100381,254844.47,203588.16,C101419,431090.46,482346.77,8,593,0,0,1,1,0.44889454606409107,0.2011278094439326,0,0.0,-2.3673913,-1.6530298,-3.7581031,-0.6128197,-0.6993303,-2.6518826,-0.21017267
536,TRANSFER,3732.82,C101828,130920.78,127187.96,C100358,0.0,3732.82,19,525,0,0,1,1,0.0872588931797078,0.028512051333638558,11,0.0,-2.433686,-1.5701944,-4.014444,-0.4155612,-0.65517336,-3.0319183,-0.09161406
536,TRANSFER,2436.73,C101828,130920.78,128484.05,C101070,0.0,2436.73,19,525,0,0,1,1,0.056961322211569104,0.018612247803595428,11,0.0,-2.433686,-1.5701944,-4.014444,-0.4155612,-0.65517336,-3.0319183,-0.09161406
536,TRANSFER,1637.13,C101281,248283.0,246645.87,C100013,97515.31,99152.44,8,609,0,1,1,1,1.0655135302313665,0.006593806261403318,0,0.0,-2.5943441,-1.4646981,-3.7594745,0.19323318,-0.7246261,-2.5989926,-0.15695137
536,TRANSFER,10517.4,C100699,35088.24,24570.84,C100484,87521.77,98039.16,8,612,0,0,1,1,0.912235448080364,0.29974145183685474,0,0.0,-2.3673913,-1.6530298,-3.7581031,-0.6128197,-0.6993303,-2.6518826,-0.21017267
537,TRANSFER,10503.92,C101674,19279.15,8775.23,C101733,62959.44,73463.36,9,554,0,0,1,1,0.969855728485859,0.5448331487643386,0,0.0,-2.3673913,-1.6410142,-3.7581031,-0.6128197,-0.6993303,-2.6638985,-0.21017267
537,TRANSFER,1973.79,C101828,130920.78,128946.99,C101695,0.0,1973.79,19,525,0,2,1,1,0.046139575647680696,0.015076216319517803,12,0.0,-2.6954207,-1.1518347,-3.698245,-0.6380466,-0.7327125,-3.2207632,-0.046263974
537,TRANSFER,23881.28,C101460,111545.15,87663.88,C101231,604311.35,628192.62,9,696,0,2,1,1,0.6617131111295916,0.2140951892574442,0,0.0,-2.5982978,-1.2840501,-3.47151,-0.35090783,-0.76111835,-2.3714848,-0.14507683
537,TRANSFER,17711.34,C100979,1559065.07,1541353.73,C100467,482629.81,500341.15,9,697,0,3,1,1,0.8584865468710395,0.011360231423823766,0,0.0,-2.475803,-1.2796365,-3.3898907,0.0047643343,-0.84333175,-2.1111095,-0.14329872
537,TRANSFER,14198.72,C100944,84244.5,70045.78,C101003,15407.36,29606.08,9,698,0,1,1,1,0.1433700176053825,0.16854180391598264,0,0.0,-2.5943441,-1.4526827,-3.7594745,0.19323318,-0.7246261,-2.6110082,-0.15695137
537,TRANSFER,591.99,C101281,248283.0,247691.02,C101362,127849.56,128441.55,9,609,0,2,1,1,0.3852921605258389,0.0023843356170176774,0,0.0,-2.5982978,-1.2840501,-3.47151,-0.35090783,-0.76111835,-2.3714848,-0.14507683
537,TRANSFER,11205.94,C101542,82056.23,70850.29,C100115,72326.72,83532.66,9,610,0,0,1,1,0.6757716417539618,0.1365641585044792,0,0.0,-2.3673913,-1.6410142,-3.7581031,-0.6128197,-0.6993303,-2.6638985,-0.21017267
537,TRANSFER,1484997.62,C101016,46297.63,0.0,C101995,43715.33,1528712.95,16,285,0,3,1,1,20.585979843418325,2.0,252,1.8,0.20850375,-1.078617,1.8013191,-1.2385615,-1.587825,-1.7507272,-0.40884653
537,TRANSFER,17826.55,C101275,25377.45,7550.9,C101745,63575.63,81402.18,9,617,0,0,1,1,1.313142375985382,0.7024563145627318,0,0.0,-2.3673913,-1.6410142,-3.7581031,-0.6128197,-0.6993303,-2.6638985,-0.21017267
537,TRANSFER,12285.19,C100263,78121.78,65836.58,C100135,64742.32,77027.51,9,564,0,0,1,1,0.0864980234374921,0.15725691350094687,0,0.0,-2.3673913,-1.6410142,-3.7581031,-0.6128197,-0.6993303,-2.6638985,-0.21017267
537,TRANSFER,10753.38,C100536,34947.02,24193.64,C100703,409778.07,420531.45,9,635,0,0,1,1,0.12317668099824282,0.30770520633805115,0,0.0,-2.3673913,-1.6410142,-3.7581031,-0.6128197,-0.6993303,-2.6638985,-0.21017267
537,TRANSFER,10208.31,C101693,20196.33,9988.02,C101119,22059.73,32268.04,9,547,0,0,1,1,1.2182003870920282,0.5054537136202468,0,0.0,-2.3673913,-1.6410142,-3.7581031,-0.6128197,-0.6993303,-2.6638985,-0.21017267
537,TRANSFER,1101.36,C100204,361142.34,360040.97,C101366,102335.08,103436.45,9,634,0,2,1,1,0.03433591740503462,0.0030496562657261394,0,0.0,-2.5982978,-1.2840501,-3.47151,-0.35090783,-0.76111835,-2.3714848,-0.14507683
537,TRANSFER,8863.76,C100146,31849.73,22985.97,C101759,11567.19,20430.95,9,706,0,0,1,1,1.1040879164768755,0.2782993764782308,0,0.0,-2.3673913,-1.6410142,-3.7581031,-0.6128197,-0.6993303,-2.6638985,-0.21017267
538,TRANSFER,6470.75,C100962,142247.34,135776.58,C100366,378237.13,384707.88,10,527,0,0,1,1,0.09010473038106062,0.04548942707821461,11,0.0,-2.5804498,-1.6363716,-3.8895862,-0.6055461,-0.7091306,-2.329112,-0.16082121
538,TRANSFER,949.93,C100950,24255.26,23305.33,C101701,33865.93,34815.86,10,624,0,3,1,1,0.43652292078330457,0.039163876206645486,0,0.0,-2.6711159,-1.2682003,-3.5213733,-0.03746826,-0.85712034,-1.8412664,-0.14329872
538,TRANSFER,6196.47,C100962,142247.34,136050.87,C101047,184870.81,191067.27,10,527,0,0,1,1,0.08628540102218919,0.04356123636477139,11,0.0,-2.5804498,-1.6363716,-3.8895862,-0.6055461,-0.7091306,-2.329112,-0.16082121
538,TRANSFER,5851.38,C100366,378237.13,372385.74,C100316,69846.65,75698.04,10,646,0,3,1,1,0.07300636519170027,0.01547013641944671,0,0.0,-2.6711159,-1.2682003,-3.5213733,-0.03746826,-0.85712034,-1.8412664,-0.14329872
538,TRANSFER,10739.11,C101436,45177.34,34438.23,C100907,101118.13,111857.24,10,554,0,0,1,1,1.4149560483294532,0.237710099797819,0,0.0,-2.559749,-1.6295782,-3.8895862,-0.60748893,-0.70966333,-2.3464909,-0.21017267
538,TRANSFER,1361.59,C100408,5729.4,4367.81,C100351,208130.71,209492.3,10,716,0,1,1,1,0.033139070512626406,0.237649666631759,0,0.0,-2.7867017,-1.4412465,-3.890957,0.19856392,-0.7349593,-2.2936003,-0.15695137
538,TRANSFER,1026.42,C101026,238680.24,237653.82,C100036,56666.2,57692.61,10,591,0,1,1,1,0.015209657995441573,0.0043003978879860355,0,0.0,-2.7867017,-1.4412465,-3.890957,0.19856392,-0.7349593,-2.2936003,-0.15695137
538,TRANSFER,32637.28,C100372,86014.1,53376.82,C101128,41300.37,73937.65,10,680,0,0,1,1,1.0117567416700741,0.37944104513097265,0,0.0,-2.559749,-1.6295782,-3.8895862,-0.60748893,-0.70966333,-2.3464909,-0.21017267
538,TRANSFER,995506.58,C101828,130920.78,0.0,C100516,100025.4,1095531.98,19,525,0,3,1,1,23.271093254942972,2.0,13,0.0,-0.4166404,-0.8480242,1.6417121,-1.4538001,-1.5724384,-5.543687,0.011849843
538,TRANSFER,9288.2,C101017,351030.05,341741.86,C100245,46881.46,56169.66,10,703,0,1,1,1,0.9774614518216733,0.026459842967859876,0,0.0,-2.7867017,-1.4412465,-3.890957,0.19856392,-0.7349593,-2.2936003,-0.15695137
538,TRANSFER,28840.41,C101622,34608.49,5768.08,C100546,67895.87,96736.27,10,707,0,2,1,1,0.24148127060547386,0.8333333814910735,0,0.0,-2.7936113,-1.2726141,-3.6029925,-0.3931404,-0.77490693,-2.1016405,-0.14507683
539,TRANSFER,10052.39,C101944,435591.72,425539.32,C100283,137633.61,147686.0,11,697,0,0,1,1,1.0861114564052348,0.023077550693571494,0,0.0,-2.3507016,-1.4610878,-3.8880417,-0.61479807,-0.71769863,-2.7883985,-0.18055879
539,TRANSFER,8682.36,C100182,10562.0,1879.65,C100531,189214.08,197896.43,11,682,0,0,1,1,0.1251261955680113,0.8220374928990722,0,0.0,-2.3507016,-1.4610878,-3.8880417,-0.61479807,-0.71769863,-2.7883985,-0.18055879
539,TRANSFER,21224.86,C101606,25469.83,4244.97,C101455,35763.3,56988.15,11,704,0,0,1,1,0.9306740976958116,0.8333333987702313,0,0.0,-2.3507016,-1.4610878,-3.8880417,-0.61479807,-0.71769863,-2.7883985,-0.18055879
539,TRANSFER,2411.19,C100462,81999.39,79588.2,C100985,57728.88,60140.08,11,586,0,0,1,1,0.8700848455324158,0.02940497484188602,0,0.0,-2.3507016,-1.4610878,-3.8880417,-0.61479807,-0.71769863,-2.7883985,-0.18055879
539,TRANSFER,6608.97,C101686,23034.25,16425.28,C100683,43125.14,49734.1,11,570,0,1,1,1,0.8190473906282498,0.28691926153445413,0,0.0,-2.5867443,-1.2727561,-3.8894126,0.2230149,-0.7429945,-2.703748,-0.1273375
539,TRANSFER,50571.19,C101110,130894.11,80322.92,C100305,54618.82,105190.01,11,535,0,1,1,1,0.7728135734065202,0.3863519145361086,4,0.0,-2.6011677,-1.2727561,-3.8894126,0.22181885,-0.74246174,-2.706846,-0.10915306
539,TRANSFER,15756.67,C100774,59096.25,43339.58,C100236,94191.13,109947.8,11,578,0,0,1,1,1.1987454030139602,0.2666272394610487,0,0.0,-2.3507016,-1.4610878,-3.8880417,-0.61479807,-0.71769863,-2.7883985,-0.18055879
540,TRANSFER,20663.41,C101725,521461.79,500798.38,C100695,310276.15,330939.56,12,547,0,0,1,1,0.38713022050565776,0.03962593309089819,0,0.0,-2.3502975,-1.4680284,-3.8880417,-0.65513396,-0.71785885,-2.8872056,-0.18109499
540,TRANSFER,9908.05,C101936,416514.16,406606.11,C101049,544853.03,554761.08,12,606,0,1,1,1,0.7630770744004093,0.02378802679841665,0,0.0,-2.5863402,-1.2650838,-3.8894126,0.24856035,-0.7431547,-2.7366734,-0.1278737
540,TRANSFER,6409.87,C101015,50008.3,43598.44,C100490,262597.91,269007.78,12,626,0,0,1,1,0.07998017092053018,0.12817612276362123,0,0.0,-2.3502975,-1.4680284,-3.8880417,-0.65513396,-0.71785885,-2.8872056,-0.18109499
540,TRANSFER,1186587.09,C100623,127230.05,0.0,C101167,46930.75,1233517.84,16,226,0,3,1,1,17.34688217996915,2.0,314,2.0,-1.0667313,0.57538456,1.7827936,-1.5602808,-1.5850197,-1.7556133,-0.3365355
541,TRANSFER,8766.74,C101017,351030.05,342263.31,C101150,136568.62,145335.36,13,703,0,1,1,1,0.9225846136111556,0.02497432912082598,0,0.0,-2.5863402,-1.2650838,-3.8894126,0.24856035,-0.74875313,-2.7310748,-0.1278737
541,TRANSFER,8718.29,C101189,19255.25,10536.96,C101675,1054129.35,1062847.64,13,545,0,3,1,1,0.690798601175402,0.4527746978096883,0,0.0,-2.4726143,-1.100336,-3.4902234,-0.18067527,-0.8867318,-2.4719443,-0.11422103
541,TRANSFER,13728.53,C100047,179424.09,165695.56,C101140,78661.19,92389.72,13,555,0,0,1,1,0.8932963956896058,0.07651441899468461,0,0.0,-2.3502975,-1.4680284,-3.8880417,-0.65513396,-0.7234573,-2.881607,-0.18109499
541,TRANSFER,1579950.52,C101612,49250.36,0.0,MULE908458,0.0,1579950.52,23,368,1,1,1,1,16.713526348093204,2.0,173,96.4,-0.12590565,0.08606373,2.111344,0.1619219,-0.8126951,1.9987397,-0.16524364
541,TRANSFER,5750.92,C100897,108482.18,102731.26,C101508,190052.31,195803.23,13,707,0,0,1,1,0.10301682472768439,0.05301257773396516,0,0.0,-2.3502975,-1.4680284,-3.8880417,-0.65513396,-0.7234573,-2.881607,-0.18109499
541,TRANSFER,52167.04,C100417,62600.45,10433.41,C101527,20164.81,72331.85,13,716,0,2,1,1,1.0842180262938492,0.8333333067094566,0,0.0,-2.5951092,-1.0964509,-3.5718427,-0.5404966,-0.8045183,-2.7364674,-0.11599915
541,TRANSFER,1157296.26,C101613,56605.78,0.0,MULE340115,0.0,1157296.26,10,108,1,0,1,1,12.097409586817793,2.0,433,1.3,-0.76462215,-0.008059816,1.7395083,-0.36397704,-1.1091021,-3.7585967,-0.08661108
541,TRANSFER,38899.51,C100976,46679.41,7779.9,C101447,319435.75,358335.26,13,654,0,0,1,1,0.9332247196417798,0.8333333690378691,0,0.0,-2.3502975,-1.4680284,-3.8880417,-0.65513396,-0.7234573,-2.881607,-0.18109499
541,TRANSFER,9087.29,C100359,650569.22,641481.92,C101012,59552.67,68639.96,13,552,0,0,1,1,0.8211273776293465,0.01396821386661976,0,0.0,-2.3502975,-1.4680284,-3.8880417,-0.65513396,-0.7234573,-2.881607,-0.18109499
541,TRANSFER,3396.99,C101574,47570.07,44173.07,C101526,156634.13,160031.12,13,629,0,4,1,1,0.06772150149567133,0.07141023757164956,0,0.0,-2.4731338,-1.1008664,-3.4583325,-0.13593966,-0.88376063,-2.4719443,-0.11422103
541,TRANSFER,222806.21,C101616,412467.35,189661.14,C101654,208553.17,431359.38,13,586,0,1,1,1,0.8292063902575666,0.5401790226547629,0,0.0,-2.5863402,-1.2650838,-3.8894126,0.24856035,-0.74875313,-2.7310748,-0.1278737
542,TRANSFER,24700.21,C100266,204872.29,180172.08,C101820,311940.58,336640.79,14,583,0,1,1,1,1.5709224623968443,0.12056393766087155,0,0.0,-2.5515163,-1.6225241,-4.3043866,0.33615515,-0.74669296,-1.0783259,-0.07379407
542,TRANSFER,4428.95,C101581,1161768.67,1157339.72,C100568,11253.78,15682.73,14,549,0,1,1,1,0.4037417409314333,0.0038122477515252673,0,0.0,-2.5515163,-1.6225241,-4.3043866,0.33615515,-0.74669296,-1.0783259,-0.07379407
542,TRANSFER,1765976.77,C101985,46797.78,0.0,MULE833639,0.0,1765976.77,23,456,1,0,1,1,20.484554552135844,2.0,86,100.0,5.1951337,-0.7354094,2.2764845,-0.18449108,-0.633056,1.7394217,0.06501008
542,TRANSFER,5665.92,C101538,278093.02,272427.1,C100686,11994.79,17660.71,14,642,0,0,1,1,1.0809456317913433,0.02037418990235713,0,0.0,-2.3154733,-1.8254687,-4.3030157,-0.5675392,-0.721397,-1.2288578,-0.12701531
542,TRANSFER,4276.38,C100866,182073.63,177797.25,C101902,15886.47,20162.85,14,679,0,0,1,1,1.064715886190445,0.02348709145854894,0,0.0,-2.3154733,-1.8254687,-4.3030157,-0.5675392,-0.721397,-1.2288578,-0.12701531
542,TRANSFER,7076.5,C100644,560436.06,553359.56,C100745,397166.72,404243.22,14,665,0,0,1,1,0.7641505715636546,0.012626774943782167,0,0.0,-2.3154733,-1.8254687,-4.3030157,-0.5675392,-0.721397,-1.2288578,-0.12701531
542,TRANSFER,9777.4,C101725,521461.79,511684.39,C101446,59539.5,69316.9,14,547,0,1,1,1,0.1831801729710642,0.018749983579813202,0,0.0,-2.5515163,-1.6225241,-4.3043866,0.33615515,-0.74669296,-1.0783259,-0.07379407
542,TRANSFER,5004.37,C101693,20196.33,15191.96,C101938,107121.73,112126.1,14,547,0,1,1,1,0.5971924315730746,0.24778610767401799,0,0.0,-2.5515163,-1.6225241,-4.3043866,0.33615515,-0.74669296,-1.0783259,-0.07379407
542,TRANSFER,21213.16,C100200,51666.13,30452.97,C100794,369699.14,390912.3,14,600,0,0,1,1,0.35190648545114134,0.41058155507292693,0,0.0,-2.3154733,-1.8254687,-4.3030157,-0.5675392,-0.721397,-1.2288578,-0.12701531
542,TRANSFER,1614.25,C100540,175657.15,174042.9,C100464,42475.98,44090.23,14,713,0,1,1,1,0.6842455788219539,0.009189776789615453,0,0.0,-2.5515163,-1.6225241,-4.3043866,0.33615515,-0.74669296,-1.0783259,-0.07379407
543,TRANSFER,2042.22,C101591,497220.01,495177.79,C100337,268721.46,270763.68,15,719,0,0,1,1,0.6173287333089813,0.004107276374496674,0,0.0,-2.3022633,-1.6976554,-4.3030157,-0.5784466,-0.73515767,-1.5700923,-0.1342198
543,TRANSFER,4901.81,C101436,45177.34,40275.52,C100064,68130.02,73031.83,15,554,0,1,1,1,0.6458492097819836,0.1085015186817108,0,0.0,-2.5383062,-1.4947108,-4.3043866,0.3252477,-0.76045364,-1.4195604,-0.08099857
543,TRANSFER,12619.89,C100795,222065.57,209445.67,C100102,41915.74,54535.63,15,537,0,2,1,1,0.26793542912186263,0.056829566150214096,6,0.0,-2.5614984,-1.326078,-3.986817,-0.40435106,-0.8105276,-1.3673966,-0.050939515
543,TRANSFER,22404.78,C100029,55620.12,33215.34,C100060,17389.02,39793.81,15,616,0,1,1,1,0.4125522243302538,0.4028179011480018,0,0.0,-2.5383062,-1.4947108,-4.3043866,0.3252477,-0.76045364,-1.4195604,-0.08099857
543,TRANSFER,5325.8,C100305,54618.82,49293.02,C100819,271524.91,276850.72,15,542,0,1,1,1,1.277168623027634,0.0975085144644282,1,0.0,-2.5527294,-1.4947108,-4.3043866,0.32405165,-0.7599209,-1.4195604,-0.06591203
543,TRANSFER,17876.85,C100449,263794.32,245917.48,C100029,55620.12,73496.97,15,541,0,1,1,1,0.30323562842127827,0.06776813844968306,2,0.0,-2.5527294,-1.4947108,-4.3043866,0.32405165,-0.7599209,-1.4195604,-0.06591203
543,TRANSFER,6821.36,C100539,210551.59,203730.23,C101492,70374.24,77195.6,15,694,0,0,1,1,1.200468530704092,0.03239757059065666,0,0.0,-2.3022633,-1.6976554,-4.3030157,-0.5784466,-0.73515767,-1.5700923,-0.1342198
543,TRANSFER,7146.71,C101722,303194.72,296048.0,C100992,91963.71,99110.43,15,644,0,1,1,1,0.04959882463368317,0.023571353749168193,0,0.0,-2.5383062,-1.4947108,-4.3043866,0.3252477,-0.76045364,-1.4195604,-0.08099857
543,TRANSFER,7090.79,C101961,493020.13,485929.34,C100233,659604.27,666695.06,15,700,0,0,1,1,0.13162880265915058,0.014382353921329744,0,0.0,-2.3022633,-1.6976554,-4.3030157,-0.5784466,-0.73515767,-1.5700923,-0.1342198
544,TRANSFER,17233.68,C101659,99227.37,81993.69,C100769,248668.3,265901.98,16,573,0,0,1,1,1.1979492263257323,0.17367869369106528,0,0.0,-2.4084365,-1.8530564,-4.405692,-0.42836732,-0.6958916,-0.017503984,-0.10854335
544,TRANSFER,10802.15,C101082,130008.15,119206.0,C101111,424462.48,435264.63,16,671,0,2,1,1,0.08232267142580632,0.08308825254416742,0,0.0,-2.6832945,-1.4346969,-4.0894923,-0.64429116,-0.7734308,-0.20292611,-0.06005444
544,TRANSFER,15014.78,C101275,25377.45,10362.67,C101889,41314.55,56329.33,16,617,0,1,1,1,1.106021293188968,0.5916583423472414,0,0.0,-2.6360533,-1.6033297,-4.407063,0.29044488,-0.70494294,-0.051854037,-0.073058784
544,TRANSFER,1897.05,C101330,100991.28,99094.22,C100798,196424.8,198321.86,16,617,0,1,1,1,0.8317509620518739,0.018784295040126235,0,0.0,-2.6360533,-1.6033297,-4.407063,0.29044488,-0.70494294,-0.051854037,-0.073058784
544,TRANSFER,30425.04,C101105,104150.26,73725.22,C100507,151835.85,182260.9,16,620,0,3,1,1,1.1744657806373475,0.29212639507573,0,0.0,-2.5835235,-1.4385818,-4.0078735,-0.64517725,-0.85564435,-0.29910985,-0.05827632
544,TRANSFER,59638.94,C100837,130197.36,70558.42,C100348,598651.62,658290.56,16,570,0,0,1,1,0.5429978411560893,0.45806566277534355,0,0.0,-2.4084365,-1.8530564,-4.405692,-0.42836732,-0.6958916,-0.017503984,-0.10854335
545,TRANSFER,1712.53,C100390,9386.1,7673.57,C101085,239711.46,241423.99,17,601,0,1,1,1,0.04551793053344467,0.1824538413185455,0,0.0,-2.6324522,-1.3125136,-4.015815,0.2991896,-0.6647574,-3.069403,-0.08520533
545,TRANSFER,15693.76,C101838,67345.56,51651.8,C101702,40569.74,56263.5,17,680,0,0,1,1,0.16276585534969745,0.23303332840353544,0,0.0,-2.4048355,-1.5622406,-4.014444,-0.41962254,-0.65570605,-3.0350525,-0.120689884
545,TRANSFER,72507.07,C100837,130197.36,57690.3,C101283,472322.1,544829.16,17,570,0,1,1,1,0.6601589913998044,0.556901230562586,0,0.0,-2.6324522,-1.3125136,-4.015815,0.2991896,-0.6647574,-3.069403,-0.08520533
545,TRANSFER,88106.29,C100992,105727.55,17621.26,C101015,50008.3,138114.59,17,539,0,0,1,1,0.8444649797715015,0.8333333175695454,6,0.0,-2.4255364,-1.5622406,-4.014444,-0.41767973,-0.65517336,-3.0381505,-0.09936658
545,TRANSFER,75823.79,C100838,414823.07,338999.28,C101240,375641.93,451465.72,17,688,0,1,1,1,0.9202786096671313,0.18278585614826098,0,0.0,-2.6324522,-1.3125136,-4.015815,0.2991896,-0.6647574,-3.069403,-0.08520533
545,TRANSFER,6533.24,C101808,87672.56,81139.32,C101184,225959.19,232492.43,17,716,0,0,1,1,0.452171173059307,0.07451864072407603,0,0.0,-2.4048355,-1.5622406,-4.014444,-0.41962254,-0.65570605,-3.0350525,-0.120689884
545,TRANSFER,5823.16,C100486,112254.74,106431.58,C100229,137688.26,143511.42,17,664,0,1,1,1,0.906536425972092,0.05187451327222351,0,0.0,-2.6324522,-1.3125136,-4.015815,0.2991896,-0.6647574,-3.069403,-0.08520533
545,TRANSFER,8611.52,C101649,105027.98,96416.46,C101766,299430.93,308042.44,17,622,0,0,1,1,0.05195957143691825,0.08199262710755745,0,0.0,-2.4048355,-1.5622406,-4.014444,-0.41962254,-0.65570605,-3.0350525,-0.120689884
545,TRANSFER,16701.66,C101771,20042.0,3340.33,C100186,85291.81,101993.47,17,615,0,1,1,1,1.110201359753728,0.8333330006985331,0,0.0,-2.6324522,-1.3125136,-4.015815,0.2991896,-0.6647574,-3.069403,-0.08520533
545,TRANSFER,17906.51,C101059,67579.0,49672.49,C101018,155494.74,173401.25,17,597,0,1,1,1,0.9018448234984674,0.2649715148196925,0,0.0,-2.6324522,-1.3125136,-4.015815,0.2991896,-0.6647574,-3.069403,-0.08520533
545,TRANSFER,4713.43,C100305,54618.82,49905.39,C100329,327619.72,332333.15,17,542,0,2,1,1,1.13031749274046,0.08629681124564757,3,0.0,-2.6941166,-1.1438808,-3.698245,-0.63674235,-0.7327125,-3.2204752,-0.05711444
545,TRANSFER,21978.3,C101885,105595.6,83617.31,C101124,132081.33,154059.62,17,592,0,0,1,1,1.1962672529722247,0.20813651326381022,0,0.0,-2.4048355,-1.5622406,-4.014444,-0.41962254,-0.65570605,-3.0350525,-0.120689884
545,TRANSFER,1344723.22,C100504,425606.39,0.0,MULE125724,0.0,1344723.22,23,710,1,0,1,1,14.890393668324604,2.0,0,99.3,0.619823,1.4138565,2.1084967,-0.63117653,-0.673254,2.2171211,-0.0928144
546,TRANSFER,1369905.11,C100141,66263.72,0.0,MULE900525,0.0,1369905.11,3,279,1,4,0,1,27.312232722402317,2.0,267,100.0,0.9558107,0.36366946,2.0490434,0.14915156,3.754992,4.126799,-0.15540545
546,TRANSFER,22117.81,C100870,26541.37,4423.56,C101394,198897.29,221015.1,18,712,0,1,1,1,1.311471997952668,0.8333333961283839,0,0.0,-2.6337564,-1.3125136,-4.015815,0.2978854,-0.6647574,-3.0667942,-0.08520533
546,TRANSFER,15204.55,C101911,1806564.41,1791359.86,C100743,11711.88,26916.42,18,695,0,0,1,1,0.16201180426440293,0.00841627894130827,0,0.0,-2.412985,-1.5622406,-4.014444,-0.41750395,-0.65570605,-3.0290215,-0.120689884
546,TRANSFER,29814.27,C100760,42900.63,13086.36,C101764,91303.57,121117.84,18,643,0,0,1,1,0.29824527649209487,0.6949611229485442,0,0.0,-2.412985,-1.5622406,-4.014444,-0.41750395,-0.65570605,-3.0290215,-0.120689884
546,TRANSFER,4022.58,C101583,91674.69,87652.11,C101947,9283.39,13305.97,18,531,0,1,1,1,0.6315155970516776,0.0438788503129926,15,0.0,-2.6481798,-1.3204675,-4.015815,0.29668936,-0.6642246,-3.069691,-0.059268337
546,TRANSFER,6004.09,C101874,21280.53,15276.45,C100496,85263.29,91267.38,18,537,0,1,1,1,0.10783852231588437,0.28214005948160126,9,0.0,-2.6481798,-1.318928,-4.015815,0.29668936,-0.6642246,-3.0698922,-0.060606603
546,TRANSFER,1859.92,C100445,2245304.17,2243444.26,C100864,26814.87,28674.78,18,640,0,1,1,1,0.6186937621434457,0.0008283599277330876,0,0.0,-2.6337564,-1.3125136,-4.015815,0.2978854,-0.6647574,-3.0667942,-0.08520533
546,TRANSFER,1432942.06,C100538,206349.82,0.0,C100280,434650.21,1867592.27,17,588,0,1,1,1,11.876633439840294,2.0,0,2.8,0.15292688,0.13974933,1.8221071,0.22892125,-0.949176,-4.579556,-0.39148813
546,TRANSFER,7523.02,C101639,19628.27,12105.26,C100557,270352.44,277875.45,18,648,0,0,1,1,0.7277833430638504,0.383274735878404,0,0.0,-2.412985,-1.5622406,-4.014444,-0.41750395,-0.65570605,-3.0290215,-0.120689884
546,TRANSFER,18408.09,C100944,84244.5,65836.41,C100896,319531.01,337939.1,18,698,0,2,1,1,0.1858736694139659,0.21850791446325873,0,0.0,-2.6809976,-1.1438808,-3.698245,-0.6368506,-0.73324513,-3.2178664,-0.07220097
546,TRANSFER,2061344.08,C101252,18284.39,0.0,MULE14255,0.0,2061344.08,2,10,1,1,1,1,23.226630224544262,2.0,536,100.0,4.4082146,0.32079816,2.3985837,0.07694419,-0.41423693,4.188447,0.03378287
547,TRANSFER,11662.91,C100196,79509.48,67846.57,C101461,18121.07,29783.99,19,713,0,2,1,1,0.4461703117973543,0.1466857788530374,0,0.0,-2.6809976,-1.1438808,-3.698245,-0.6368506,-0.73324513,-3.2178664,-0.07220097
547,TRANSFER,3684.76,C101844,109447.35,105762.59,C101499,201516.84,205201.6,19,545,0,1,1,1,1.1059964821918467,0.03366696406993865,2,0.0,-2.6481798,-1.3125136,-4.015815,0.29668936,-0.6642246,-3.0667942,-0.0701188
547,TRANSFER,2059758.64,C101948,92360.62,0.0,MULE339006,0.0,2059758.64,1,-29,1,6,0,1,19.156889671732987,2.0,576,100.0,3.4034426,0.44048178,2.112375,-0.074986175,2.8076816,2.9935925,-0.33187646
547,TRANSFER,20894.2,C100944,84244.5,63350.3,C101644,71055.03,91949.23,19,698,0,3,1,1,0.2109768924135685,0.24801856501017872,0,0.0,-2.5813951,-1.1477658,-3.6166258,-0.64815307,-0.7941816,-3.3244667,-0.07069887
547,TRANSFER,6412.61,C100977,84960.92,78548.31,C100886,182374.3,188786.91,19,536,0,1,1,1,0.09705677180604148,0.07547717232817158,11,0.0,-2.6481798,-1.3204675,-4.015815,0.29668936,-0.6642246,-3.069691,-0.059268337
547,TRANSFER,1407.14,C100739,524649.19,523242.04,C101077,12451.23,13858.38,19,682,0,0,1,1,0.026682553668961745,0.0026820588439295983,0,0.0,-2.412985,-1.5622406,-4.014444,-0.41750395,-0.65570605,-3.0290215,-0.120689884
547,TRANSFER,74356.43,C100524,957095.7,882739.27,C100786,100003.7,174360.13,19,547,0,0,1,1,1.2713927529835263,0.07768965005275856,0,0.0,-2.412985,-1.5622406,-4.014444,-0.41750395,-0.65570605,-3.0290215,-0.120689884
547,TRANSFER,10750.35,C101383,44236.64,33486.29,C101542,82056.23,92806.58,19,558,0,0,1,1,0.19403265085345378,0.2430191352688631,0,0.0,-2.412985,-1.5622406,-4.014444,-0.41750395,-0.65570605,-3.0290215,-0.120689884
548,TRANSFER,5467.03,C101331,94692.01,89224.98,C100705,79901.05,85368.08,20,637,0,0,1,1,1.278155873760882,0.05773486062868451,0,0.0,-2.44557,-1.9975752,-5.029045,-0.41750395,-0.60858834,-1.5936172,-0.120689884
548,TRANSFER,40056.6,C100434,73781.05,33724.44,C100639,48911.8,88968.4,20,572,0,0,1,1,0.40115201575879234,0.5429117639285426,0,0.0,-2.44557,-1.9975752,-5.029045,-0.41750395,-0.60858834,-1.5936172,-0.120689884
548,TRANSFER,292619.45,C101616,412467.35,119847.9,C101806,36384.08,329003.53,20,586,0,2,1,1,1.0890267279967398,0.7094366378332734,0,0.0,-2.7135828,-1.5792158,-4.712847,-0.6368506,-0.6861274,-1.7824625,-0.07220097
548,TRANSFER,6432.05,C101828,130920.78,124488.72,C100902,336201.76,342633.82,20,525,0,4,1,1,0.1503564500502407,0.04912932843815932,23,0.0,-2.6289225,-1.5661136,-4.599338,-0.60461354,-0.74355984,-1.8982947,0.018603873
548,TRANSFER,9800.01,C100182,11760.02,1960.0,C101258,34479.57,44279.58,20,682,0,1,1,1,0.14123325545456147,0.8333327664408734,0,0.0,-2.6663413,-1.7478483,-5.0304165,0.2978854,-0.61763954,-1.6313902,-0.08520533
548,TRANSFER,1023072.88,C100262,116523.26,0.0,C101769,242925.06,1265997.94,14,190,0,0,1,1,13.418835488687455,2.0,358,4.8,-0.36075997,-0.5163544,1.8854305,-0.3009946,-1.0920122,-2.375115,-0.26782233
548,TRANSFER,24161.91,C100792,38447.33,14285.42,C100453,36566.91,60728.81,20,717,0,1,1,1,0.21230031037240074,0.6284418189767663,0,0.0,-2.6663413,-1.7478483,-5.0304165,0.2978854,-0.61763954,-1.6313902,-0.08520533
548,TRANSFER,1647.39,C100382,15686.6,14039.21,C101152,163113.06,164760.46,20,639,0,0,1,1,0.6532400490721497,0.10501893335713285,0,0.0,-2.44557,-1.9975752,-5.029045,-0.41750395,-0.60858834,-1.5936172,-0.120689884
548,TRANSFER,82251.27,C101258,98701.52,16450.25,C101619,71779.3,154030.57,20,679,0,0,1,1,1.1486279519297746,0.8333333671051875,0,0.0,-2.44557,-1.9975752,-5.029045,-0.41750395,-0.60858834,-1.5936172,-0.120689884
548,TRANSFER,6406.68,C101700,92914.14,86507.46,C100461,20418.54,26825.22,20,639,0,0,1,1,0.049435896352123206,0.06895269116196953,0,0.0,-2.44557,-1.9975752,-5.029045,-0.41750395,-0.60858834,-1.5936172,-0.120689884
549,TRANSFER,25369.49,C101280,799983.39,774613.89,C100822,222164.78,247534.27,21,579,0,0,1,1,0.24239365481759012,0.031712520931215835,0,0.0,-2.44557,-1.9975752,-5.029045,-0.41750395,-0.60858834,-1.5936172,-0.120689884
549,TRANSFER,10961.07,C100644,560436.06,549474.99,C100752,14144.96,25106.03,21,665,0,2,1,1,1.183622964099375,0.019558109804711708,0,0.0,-2.7135828,-1.5792158,-4.712847,-0.6368506,-0.6861274,-1.7824625,-0.07220097
549,TRANSFER,10658.08,C100887,117006.88,106348.8,C101240,375641.93,386300.01,21,556,0,0,1,1,1.1175678501903334,0.09108934448982829,0,0.0,-2.44557,-1.9975752,-5.029045,-0.41750395,-0.60858834,-1.5936172,-0.120689884
549,TRANSFER,13297.24,C100359,650569.22,637271.98,C100273,293628.89,306926.12,21,552,0,1,1,1,1.2015383916335949,0.02043939305951179,0,0.0,-2.6663413,-1.7478483,-5.0304165,0.2978854,-0.61763954,-1.6313902,-0.08520533
549,TRANSFER,15859.2,C100036,56666.2,40806.99,C100429,878935.03,894794.24,21,586,0,0,1,1,1.3464839006252285,0.27987054011033036,0,0.0,-2.44557,-1.9975752,-5.029045,-0.41750395,-0.60858834,-1.5936172,-0.120689884
549,TRANSFER,23433.7,C101911,1806564.41,1783130.7,C100259,191206.5,214640.2,21,695,0,1,1,1,0.2496973614865773,0.012971416834232885,0,0.0,-2.6663413,-1.7478483,-5.0304165,0.2978854,-0.61763954,-1.6313902,-0.08520533
549,TRANSFER,5493.1,C100697,117566.14,112073.05,C101555,72891.93,78385.03,21,571,0,0,1,1,0.16512351064952469,0.046723486881511976,0,0.0,-2.44557,-1.9975752,-5.029045,-0.41750395,-0.60858834,-1.5936172,-0.120689884
549,TRANSFER,5598.7,C100333,94814.33,89215.64,C100919,294956.41,300555.11,21,670,0,0,1,1,1.2068426623095279,0.059049090997109824,0,0.0,-2.44557,-1.9975752,-5.029045,-0.41750395,-0.60858834,-1.5936172,-0.120689884
549,TRANSFER,2050.99,C100384,224323.73,222272.74,C101073,248907.98,250958.96,21,602,0,1,1,1,0.7281069836130754,0.009142991693299678,0,0.0,-2.6663413,-1.7478483,-5.0304165,0.2978854,-0.61763954,-1.6313902,-0.08520533
549,TRANSFER,6889.61,C101375,47576.89,40687.28,C101651,134327.13,141216.74,21,717,0,1,1,1,0.33003777516305005,0.1448100117515037,0,0.0,-2.6663413,-1.7478483,-5.0304165,0.2978854,-0.61763954,-1.6313902,-0.08520533
550,TRANSFER,4996.67,C100776,192354.33,187357.66,C101675,1054129.35,1059126.02,22,559,0,1,1,1,1.021769036512012,0.02597638431118239,0,0.0,-2.6663413,-1.7478483,-5.0304165,0.2978854,-0.61763954,-1.6313902,-0.08520533
550,TRANSFER,13653.62,C100157,37371.2,23717.58,C100333,94814.33,108467.95,22,714,0,0,1,1,0.20231114515600773,0.36535139358650515,0,0.0,-2.44557,-1.9975752,-5.029045,-0.41750395,-0.60858834,-1.5936172,-0.120689884
550,TRANSFER,1122.95,C100538,206349.82,205226.87,C100518,192199.29,193322.24,22,588,0,2,1,1,0.009307330626660967,0.005441972277950133,0,0.0,-2.7135828,-1.5792158,-4.712847,-0.6368506,-0.6861274,-1.7824625,-0.07220097
550,TRANSFER,11435.0,C100472,146282.62,134847.62,C100380,71079.57,82514.57,22,648,0,0,1,1,0.1958619158311503,0.07817059880387704,0,0.0,-2.44557,-1.9975752,-5.029045,-0.41750395,-0.60858834,-1.5936172,-0.120689884
550,TRANSFER,17189.82,C101398,20627.78,3437.96,C100250,28455.64,45645.46,22,636,0,1,1,1,0.24711615588971428,0.833333494927714,0,0.0,-2.6663413,-1.7478483,-5.0304165,0.2978854,-0.61763954,-1.6313902,-0.08520533
551,TRANSFER,16197.4,C100492,247495.22,231297.82,C100243,305930.23,322127.63,23,591,0,0,1,1,1.6064932347843761,0.06544530435779729,0,0.0,-2.3431442,-1.7738352,-5.029045,-0.35394764,-0.57753015,2.5014837,-0.08444215
551,TRANSFER,13022.55,C101725,521461.79,508439.24,C101044,125620.45,138643.0,23,547,0,2,1,1,0.24397825204290835,0.024973162463159573,4,0.0,-2.6255796,-1.3985485,-4.712847,-0.69009686,-0.65453637,2.1939342,-0.030388888
551,TRANSFER,26520.28,C101059,67579.0,41058.72,C100938,60991.76,87512.04,23,597,0,1,1,1,1.3356693870402405,0.39243374421047955,0,0.1,-2.563915,-1.567181,-5.0304165,0.24583514,-0.58658135,2.3481047,-0.06157772
551,TRANSFER,23153.68,C100859,33936.68,10783.0,C100463,23702.69,46856.37,23,537,0,0,1,1,0.872465930125192,0.6822611993866223,14,0.0,-2.3638449,-1.7817888,-5.029045,-0.35200483,-0.57699746,2.4985867,-0.05536632
551,TRANSFER,15220.03,C100795,222065.57,206845.54,C100843,237560.14,252780.17,23,537,0,3,1,1,0.3231395257246793,0.06853845015235815,14,0.0,-2.5259771,-1.4103869,-4.6312284,-0.70139945,-0.7154728,2.0875354,-0.021134254
551,TRANSFER,1021914.02,C101610,214086.46,0.0,C101004,71794.84,1093708.86,8,370,0,0,1,1,15.731294233005963,2.0,181,3.5,-0.34334686,1.9763832,1.6246121,-0.36123404,-1.0185808,-5.190944,-0.047485553
551,TRANSFER,1962644.57,C100690,21260.45,0.0,MULE111428,0.0,1962644.57,4,-78,1,1,1,1,13.40668225894119,2.0,629,100.0,3.8800979,0.57607985,2.4107864,0.119191,-0.33770818,3.3538055,0.3158995
551,TRANSFER,5494.59,C101760,57933.68,52439.09,C101038,36249.42,41744.01,23,620,0,1,1,1,0.08537209983731543,0.09484275813309288,0,0.1,-2.563915,-1.567181,-5.0304165,0.24583514,-0.58658135,2.3481047,-0.06157772
551,TRANSFER,72028.55,C101838,86434.26,14405.71,C100006,88165.1,160193.66,23,680,0,1,1,1,0.7470350349660279,0.8333333333333334,0,0.1,-2.563915,-1.567181,-5.0304165,0.24583514,-0.58658135,2.3481047,-0.06157772
551,TRANSFER,22290.38,C100878,36404.84,14114.45,C101439,994519.88,1016810.26,23,545,0,0,1,1,0.2750137618044283,0.6122916623174282,6,0.0,-2.3638449,-1.7738352,-5.029045,-0.35200483,-0.57699746,2.4983857,-0.06311883
551,TRANSFER,34259.06,C101003,41110.87,6851.81,C101171,225558.32,259817.38,23,693,0,0,1,1,1.3463719370033127,0.8333333738741115,0,0.0,-2.3431442,-1.7738352,-5.029045,-0.35394764,-0.57753015,2.5014837,-0.08444215
551,TRANSFER,1459878.72,C100692,91492.86,0.0,C101717,168371.9,1628250.62,8,57,0,0,1,1,10.730366743163106,2.0,494,1.9,0.47134155,-0.42177072,1.6658978,-0.3982353,-0.9027288,-4.204773,-0.18776305
552,TRANSFER,23697.52,C101084,56106.9,32409.38,C100802,281850.82,305548.34,0,540,0,0,1,1,0.27508128363194656,0.4223637377933908,12,0.0,-2.9482374,-1.8293746,-5.6584744,-0.47670233,-0.53846765,2.433046,-0.11613525
552,TRANSFER,37894.76,C101471,68607.56,30712.81,C101505,713355.09,751249.84,0,608,0,0,1,1,0.853199709068557,0.552340879051813,0,0.0,-2.9275367,-1.8225812,-5.6584744,-0.4786451,-0.53900033,2.4156675,-0.16548668
552,TRANSFER,1865162.54,C101399,54545.59,0.0,MULE904710,0.0,1865162.54,16,665,1,1,1,1,14.635581914012235,2.0,0,99.8,5.0867376,0.21862516,2.1627347,0.20171632,-0.7363349,-0.5882685,-0.1733315
552,TRANSFER,30415.33,C101718,170477.42,140062.09,C101875,159867.19,190282.52,0,570,0,0,1,1,1.5015242169063097,0.17841266016343982,0,0.0,-2.9275367,-1.8225812,-5.6584744,-0.4786451,-0.53900033,2.4156675,-0.16548668
552,TRANSFER,324.3,C101381,145781.13,145456.83,C100030,474442.6,474766.9,0,679,0,0,1,1,0.008894760630049835,0.002224567747554159,0,0.0,-2.9275367,-1.8225812,-5.6584744,-0.4786451,-0.53900033,2.4156675,-0.16548668
552,TRANSFER,9262.43,C101911,1806564.41,1797301.98,C100296,2163030.76,2172293.18,0,695,0,2,1,1,0.09869565335197251,0.005127096464830723,0,0.0,-3.1631603,-1.496302,-5.413605,-0.23514885,-0.57324165,2.6896653,-0.11812753
552,TRANSFER,2107432.19,C100604,406258.73,0.0,C101403,53723.13,2161155.32,2,247,1,2,0,1,17.140185960848136,2.0,305,100.0,3.7876732,0.84268296,2.1266356,-0.59454095,2.3135185,2.7027843,0.038348414
552,TRANSFER,5675.9,C101331,94692.01,89016.11,C100701,25992.07,31667.98,0,637,0,1,1,1,1.3269883142911947,0.059940643355231346,0,0.0,-3.154489,-1.6310449,-5.658995,0.23644252,-0.54399574,2.3775933,-0.13000211
552,TRANSFER,66914.3,C100524,957095.7,890181.39,C101876,25647.12,92561.42,0,547,0,1,1,1,1.1441425589013026,0.06991390725086322,5,0.0,-3.1689122,-1.6310449,-5.658995,0.23524648,-0.54346305,2.3953512,-0.09096184
552,TRANSFER,7078.02,C100475,103133.23,96055.21,C100185,100790.72,107868.74,0,646,0,1,1,1,0.7323026497527787,0.06862986837511054,0,0.0,-3.154489,-1.6310449,-5.658995,0.23644252,-0.54399574,2.3775933,-0.13000211
552,TRANSFER,13530.08,C101156,2436604.56,2423074.49,C100334,54729.11,68259.19,0,711,0,0,1,1,1.0114411207199134,0.0055528419432983415,0,0.0,-2.9275367,-1.8225812,-5.6584744,-0.4786451,-0.53900033,2.4156675,-0.16548668
552,TRANSFER,12603.53,C100222,109446.62,96843.09,C101670,177275.45,189878.98,0,617,0,1,1,1,0.7525519711924495,0.11515686825230419,0,0.0,-3.154489,-1.6310449,-5.658995,0.23644252,-0.54399574,2.3775933,-0.13000211
552,TRANSFER,14870.56,C101618,149917.98,135047.42,C100401,320048.89,334919.45,0,578,0,0,1,1,0.25540097221411595,0.09919130447195192,0,0.0,-2.9275367,-1.8225812,-5.6584744,-0.4786451,-0.53900033,2.4156675,-0.16548668
552,TRANSFER,35747.93,C100859,42897.52,7149.59,C100552,58667.84,94415.77,0,537,0,1,1,1,1.3470364537084496,0.8333332556287637,15,0.0,-3.1689122,-1.6378384,-5.658995,0.23524648,-0.54346305,2.394972,-0.08378953
552,TRANSFER,561.44,C100540,175657.15,175095.72,C101255,148806.81,149368.24,0,713,0,2,1,1,0.2379822442458094,0.0031962262851241755,0,0.0,-3.1631603,-1.496302,-5.413605,-0.23514885,-0.57324165,2.6896653,-0.11812753
553,TRANSFER,6267.9,C101321,67793.07,61525.18,C101193,23939.54,30207.44,1,627,0,0,1,1,0.8318183685456453,0.09245635283960439,0,0.0,-2.9275367,-1.8225812,-5.6584744,-0.4786451,-0.53900033,2.4156675,-0.16548668
553,TRANSFER,294666.04,C101616,412467.35,117801.31,C101765,401794.25,696460.29,1,586,0,3,1,1,1.0966434165362433,0.7143984608721151,0,0.0,-3.1400402,-1.5210825,-5.402201,-0.16540456,-0.62895447,2.664112,-0.116349414
553,TRANSFER,7687.79,C100021,38254.5,30566.71,C100913,6754.45,14442.24,1,607,0,0,1,1,0.10799984019135213,0.2009643309937393,0,0.0,-2.9275367,-1.8225812,-5.6584744,-0.4786451,-0.53900033,2.4156675,-0.16548668
553,TRANSFER,3134.78,C101583,91674.69,88539.91,C100239,68461.86,71596.65,1,531,0,1,1,1,0.4921374996459133,0.03419460703930387,22,0.0,-3.1689122,-1.6671062,-5.658995,0.23524648,-0.54346305,2.4160068,0.006945684
553,TRANSFER,35701.69,C100125,124469.74,88768.05,C100031,54602.67,90304.37,1,607,0,0,1,1,0.4934500685254406,0.28683027698137714,0,0.0,-2.9275367,-1.8225812,-5.6584744,-0.4786451,-0.53900033,2.4156675,-0.16548668
553,TRANSFER,16053.92,C101105,104150.26,88096.34,C100836,191989.51,208043.43,1,620,0,2,1,1,0.6197125684991549,0.15414190996738752,0,0.0,-3.1631603,-1.496302,-5.413605,-0.23514885,-0.57324165,2.6896653,-0.11812753
553,TRANSFER,3859.57,C101310,53776.77,49917.21,C100807,9910.22,13769.79,1,620,0,0,1,1,0.9808696403543214,0.07177020858634686,0,0.0,-2.9275367,-1.8225812,-5.6584744,-0.4786451,-0.53900033,2.4156675,-0.16548668
553,TRANSFER,35767.72,C100797,72473.38,36705.66,C101241,35481.55,71249.27,1,715,0,0,1,1,1.0526587375381335,0.49352907232972987,0,0.0,-2.9275367,-1.8225812,-5.6584744,-0.4786451,-0.53900033,2.4156675,-0.16548668
553,TRANSFER,8988.99,C101649,105027.98,96038.99,C101753,245078.08,254067.06,1,622,0,1,1,1,0.054237122836705225,0.08558662177450238,0,0.0,-3.154489,-1.6310449,-5.658995,0.23644252,-0.54399574,2.3775933,-0.13000211
553,TRANSFER,11965.0,C101903,74811.61,62846.61,C101894,209607.64,221572.64,1,718,0,0,1,1,1.080798160378987,0.15993506890173864,0,0.0,-2.9275367,-1.8225812,-5.6584744,-0.4786451,-0.53900033,2.4156675,-0.16548668
553,TRANSFER,5845.36,C100697,117566.14,111720.78,C101476,7593.13,13438.49,1,571,0,1,1,1,0.17571250554519405,0.04971975774657567,0,0.0,-3.154489,-1.6310449,-5.658995,0.23644252,-0.54399574,2.3775933,-0.13000211
554,TRANSFER,69334.64,C100176,175823.23,106488.59,C101097,44901.06,114235.7,2,575,0,2,1,1,0.9666639986534943,0.3943428863182641,0,0.0,-3.2061844,-1.5210766,-5.413605,-0.23514885,-0.57324165,2.6205006,-0.11812753
554,TRANSFER,44091.6,C101181,52909.92,8818.32,C100609,19989.2,64080.8,2,716,0,0,1,1,1.4590100432512294,0.8333333333333334,0,0.0,-2.9705603,-1.8473557,-5.6584744,-0.4786451,-0.53900033,2.3465033,-0.16548668
554,TRANSFER,19528.86,C101375,47576.89,28048.03,C100992,91963.71,111492.57,2,717,0,1,1,1,0.9355045504565109,0.41046945271117974,0,0.0,-3.1975121,-1.6558194,-5.658995,0.23644252,-0.54399574,2.3084285,-0.13000211
554,TRANSFER,7878.88,C101850,200652.1,192773.21,C101298,58124.42,66003.31,2,669,0,0,1,1,1.2114641255861227,0.039266371994113196,0,0.0,-2.9705603,-1.8473557,-5.6584744,-0.4786451,-0.53900033,2.3465033,-0.16548668
554,TRANSFER,8540.96,C100492,247495.22,238954.26,C101774,365333.67,373874.64,2,591,0,1,1,1,0.8471109226520284,0.03450959578128417,0,0.0,-3.1975121,-1.6558194,-5.658995,0.23644252,-0.54399574,2.3084285,-0.13000211
554,TRANSFER,1127769.85,C101853,64987.93,0.0,C100020,100470.17,1228240.03,18,621,0,0,1,1,5.6849967563700945,2.0,0,0.3,-0.5689287,-1.1650294,1.7923099,-0.37497956,-0.9803014,-4.2695117,-0.13242698
555,TRANSFER,7850.77,C101609,94212.48,86361.72,C101054,57445.36,65296.13,3,584,0,0,1,1,0.8701922856815288,0.08333046747097625,0,0.0,-2.9705603,-1.8473557,-5.6584744,-0.4786451,-0.53900033,2.3465033,-0.16548668
555,TRANSFER,5334.91,C100697,117566.14,112231.23,C101750,70373.01,75707.93,3,571,0,2,1,1,0.1603682926215171,0.04537794640531704,0,0.0,-3.2061844,-1.5210766,-5.413605,-0.23514885,-0.57324165,2.6205006,-0.11812753
555,TRANSFER,13692.9,C101334,105603.5,91910.6,C101220,547097.18,560790.08,3,552,0,0,1,1,0.7458167398381795,0.12966331608327375,3,0.0,-2.991261,-1.8473557,-5.6584744,-0.47670233,-0.53846765,2.3465033,-0.14726128
555,TRANSFER,21524.89,C101239,25829.87,4304.98,C100209,58627.52,80152.41,3,599,0,0,1,1,0.3638003492775848,0.8333332688085539,0,0.0,-2.9705603,-1.8473557,-5.6584744,-0.4786451,-0.53900033,2.3465033,-0.16548668
555,TRANSFER,3684.2,C100071,18246.03,14561.83,C101255,148806.81,152491.01,3,608,0,0,1,1,0.037983915749803164,0.2019178966602598,0,0.0,-2.9705603,-1.8473557,-5.6584744,-0.4786451,-0.53900033,2.3465033,-0.16548668
555,TRANSFER,1797.96,C100739,524649.19,522851.23,C100635,420378.19,422176.15,3,682,0,1,1,1,0.034093383881238865,0.003426975652054281,0,0.0,-3.1975121,-1.6558194,-5.658995,0.23644252,-0.54399574,2.3084285,-0.13000211
555,TRANSFER,42239.22,C101857,99947.73,57708.51,C100007,26026.82,68266.04,3,572,0,0,1,1,1.16592780807344,0.42261309986730067,0,0.0,-2.9705603,-1.8473557,-5.6584744,-0.4786451,-0.53900033,2.3465033,-0.16548668
555,TRANSFER,20465.54,C100047,179424.09,158958.55,C101926,254763.43,275228.97,3,555,0,1,1,1,1.3316642872792248,0.11406238705181673,0,0.0,-3.1975121,-1.6558194,-5.658995,0.23644252,-0.54399574,2.3084285,-0.13000211
555,TRANSFER,1562.77,C101024,80459.43,78896.66,C100230,176680.47,178243.24,3,643,0,0,1,1,0.8859756314400912,0.019423080675565314,0,0.0,-2.9705603,-1.8473557,-5.6584744,-0.4786451,-0.53900033,2.3465033,-0.16548668
555,TRANSFER,2235.8,C101450,14800.66,12564.86,C101385,164612.37,166848.18,3,601,0,0,1,1,0.016104498042697382,0.15106083107104684,0,0.0,-2.9705603,-1.8473557,-5.6584744,-0.4786451,-0.53900033,2.3465033,-0.16548668
555,TRANSFER,13807.45,C100454,60316.39,46508.94,C100845,28160.76,41968.21,3,605,0,1,1,1,1.10868126873905,0.22891704891489695,0,0.0,-3.1975121,-1.6558194,-5.658995,0.23644252,-0.54399574,2.3084285,-0.13000211
556,TRANSFER,24501.57,C101376,209034.44,184532.87,C100251,89194.63,113696.2,4,626,0,0,1,1,0.33944779224456206,0.11721307742398812,0,0.0,-3.013765,-1.8913609,-5.6584744,-0.4786451,-0.54374427,2.2253532,-0.16548668
556,TRANSFER,7985.11,C100024,19927.0,11941.89,C100614,10634.17,18619.28,4,673,0,0,1,1,0.878790474170668,0.4007181211421689,0,0.0,-3.013765,-1.8913609,-5.6584744,-0.4786451,-0.54374427,2.2253532,-0.16548668
556,TRANSFER,33759.72,C101484,281872.72,248113.0,C101836,197557.69,231317.41,4,580,0,0,1,1,1.185789568861353,0.11976937675983687,0,0.0,-3.013765,-1.8913609,-5.6584744,-0.4786451,-0.54374427,2.2253532,-0.16548668
556,TRANSFER,5978.82,C101404,16013.22,10034.4,C100293,59164.32,65143.14,4,719,0,0,1,1,0.8263463122471278,0.37336775489252005,0,0.0,-3.013765,-1.8913609,-5.6584744,-0.4786451,-0.54374427,2.2253532,-0.16548668
556,TRANSFER,1643.49,C100540,175657.15,174013.66,C100462,81999.39,83642.88,4,713,0,3,1,1,0.6966397809125557,0.009356237420452284,0,0.0,-3.2262688,-1.5898622,-5.402201,-0.16540456,-0.63369834,2.4737978,-0.116349414
556,TRANSFER,796.01,C101171,225558.32,224762.31,C101418,116299.35,117095.36,4,567,0,2,1,1,0.46349886429383214,0.0035290651216058,0,0.0,-3.2493896,-1.5650817,-5.413605,-0.23514885,-0.5779855,2.499351,-0.11812753
556,TRANSFER,3488.51,C101173,103484.35,99995.84,C101225,48514.86,52003.37,4,651,0,0,1,1,0.02853607085276453,0.03371050791738074,0,0.0,-3.013765,-1.8913609,-5.6584744,-0.4786451,-0.54374427,2.2253532,-0.16548668
556,TRANSFER,24484.88,C100216,100060.8,75575.92,C100005,379729.3,404214.18,4,533,0,0,1,1,1.0336051336920344,0.24470002238638908,23,0.0,-3.0344658,-1.927422,-5.6584744,-0.47670233,-0.5432116,2.2637663,-0.02540003
557,TRANSFER,4590.29,C100249,399834.71,395244.41,C100363,175676.79,180267.08,5,690,0,0,1,1,0.11063762554316242,0.01148046901680947,0,0.0,-2.3673913,-1.6530298,-3.7581031,-0.6128197,-0.6993303,-2.6518826,-0.21017267
557,TRANSFER,9213.4,C101850,200652.1,191438.69,C100902,336201.76,345415.17,5,669,0,1,1,1,1.4166611973624657,0.045917286686757826,0,0.0,-2.5943441,-1.4646981,-3.7594745,0.19323318,-0.7246261,-2.5989926,-0.15695137
557,TRANSFER,26835.98,C100507,151835.85,124999.88,C101962,183576.83,210412.81,5,570,0,0,1,1,0.36471799280736056,0.17674337121305672,0,0.0,-2.3673913,-1.6530298,-3.7581031,-0.6128197,-0.6993303,-2.6518826,-0.21017267
557,TRANSFER,80970.81,C101773,190100.29,109129.48,C100609,19989.2,100960.01,5,611,0,0,1,1,0.806975367925312,0.425937330237634,0,0.0,-2.3673913,-1.6530298,-3.7581031,-0.6128197,-0.6993303,-2.6518826,-0.21017267
557,TRANSFER,8443.97,C101908,28318.74,19874.77,C100793,53127.12,61571.09,5,679,0,0,1,1,0.159635445767324,0.2981760487931313,0,0.0,-2.3673913,-1.6530298,-3.7581031,-0.6128197,-0.6993303,-2.6518826,-0.21017267
557,TRANSFER,64321.08,C100057,77185.3,12864.22,C101459,249360.21,313681.3,5,582,0,0,1,1,1.2679951369365428,0.8333332901472171,0,0.0,-2.3673913,-1.6530298,-3.7581031,-0.6128197,-0.6993303,-2.6518826,-0.21017267
557,TRANSFER,21248.16,C101471,68607.56,47359.41,C101401,265647.49,286895.64,5,608,0,1,1,1,0.4784018669135825,0.30970581084650145,0,0.0,-2.5943441,-1.4646981,-3.7594745,0.19323318,-0.7246261,-2.5989926,-0.15695137
557,TRANSFER,28554.93,C101105,104150.26,75595.33,C101072,14983.17,43538.09,5,620,0,2,1,1,1.1022758935894519,0.274170510952157,0,0.0,-2.5982978,-1.2960657,-3.47151,-0.35090783,-0.76111835,-2.3594697,-0.14507683
557,TRANSFER,2085.71,C101024,80459.43,78373.73,C101700,92914.14,94999.85,5,643,0,1,1,1,1.1824441435725748,0.025922505292418803,0,0.0,-2.5943441,-1.4646981,-3.7594745,0.19323318,-0.7246261,-2.5989926,-0.15695137
558,TRANSFER,1144.55,C100408,5729.4,4584.85,C100523,0.0,1144.55,8,716,0,1,1,1,0.02785664051236169,0.19976786399972074,0,0.0,-2.5943441,-1.4646981,-3.7594745,0.19323318,-0.7246261,-2.5989926,-0.15695137
558,TRANSFER,844.25,C100408,5729.4,4885.15,C100414,0.0,844.25,8,716,0,1,1,1,0.020547786250108214,0.14735399867350857,0,0.0,-2.5943441,-1.4646981,-3.7594745,0.19323318,-0.7246261,-2.5989926,-0.15695137
558,TRANSFER,1234.02,C100408,5729.4,4495.38,C101980,0.0,1234.02,8,716,0,1,1,1,0.030034206915438007,0.21538380982301814,0,0.0,-2.5943441,-1.4646981,-3.7594745,0.19323318,-0.7246261,-2.5989926,-0.15695137
558,TRANSFER,1008932.05,C100038,29958.33,0.0,C100041,217955.24,1226887.28,12,243,0,4,1,1,18.2501437476499,2.0,315,0.2,-0.68364185,-0.40839428,1.595231,-0.9888314,-1.6900812,-4.2541065,-0.061486337
558,TRANSFER,6266.13,C100672,56542.26,50276.12,C101451,229814.65,236080.79,6,673,0,0,1,1,0.07431370681638672,0.11082206477066887,0,0.0,-2.3673913,-1.6530298,-3.7581031,-0.6128197,-0.6993303,-2.6518826,-0.21017267
558,TRANSFER,20948.33,C100011,832858.81,811910.48,C101104,90684.46,111632.79,6,604,0,1,1,1,0.29734027174330135,0.025152318434381454,0,0.0,-2.5943441,-1.4646981,-3.7594745,0.19323318,-0.7246261,-2.5989926,-0.15695137
558,TRANSFER,11224.3,C100966,535998.94,524774.64,C100165,440935.42,452159.72,6,618,0,0,1,1,1.1671247373494753,0.02094089962192836,0,0.0,-2.3673913,-1.6530298,-3.7581031,-0.6128197,-0.6993303,-2.6518826,-0.21017267
558,TRANSFER,5822.7,C100715,107051.64,101228.94,C100189,190761.54,196584.24,6,687,0,0,1,1,1.4887417260470843,0.05439150675318939,0,0.0,-2.3673913,-1.6530298,-3.7581031,-0.6128197,-0.6993303,-2.6518826,-0.21017267
558,TRANSFER,4098.81,C100408,5729.4,1630.59,C100114,0.0,4098.81,8,716,0,1,1,1,0.09975892420468588,0.7153995182741649,0,0.0,-2.5943441,-1.4646981,-3.7594745,0.19323318,-0.7246261,-2.5989926,-0.15695137
558,TRANSFER,16934.24,C100569,173378.58,156444.34,C101257,710100.69,727034.92,6,593,0,0,1,1,0.9949390362483386,0.09767204230188067,0,0.0,-2.3673913,-1.6530298,-3.7581031,-0.6128197,-0.6993303,-2.6518826,-0.21017267
558,TRANSFER,25487.32,C101652,274822.08,249334.77,C101889,41314.55,66801.87,6,707,0,0,1,1,0.2743952752971699,0.09274116548422892,0,0.0,-2.3673913,-1.6530298,-3.7581031,-0.6128197,-0.6993303,-2.6518826,-0.21017267
559,TRANSFER,497.45,C101381,145781.13,145283.68,C100856,91746.0,92243.45,7,679,0,1,1,1,0.013643844204188377,0.003412307203271095,0,0.0,-2.5943441,-1.4646981,-3.7594745,0.19323318,-0.7246261,-2.5989926,-0.15695137
559,TRANSFER,19808.85,C100308,464740.69,444931.84,C100125,124469.74,144278.59,7,691,0,0,1,1,0.7648575347937713,0.042623446636445794,0,0.0,-2.3673913,-1.6530298,-3.7581031,-0.6128197,-0.6993303,-2.6518826,-0.21017267
559,TRANSFER,33788.71,C101911,1806564.41,1772775.7,C100636,66499.43,100288.15,7,695,0,3,1,1,0.36003498103309034,0.01870329660706645,0,0.0,-2.475803,-1.2916518,-3.3898907,0.0047643343,-0.84333175,-2.099094,-0.14329872
559,TRANSFER,9691.36,C101128,41300.37,31609.01,C101040,447596.32,457287.68,7,712,0,0,1,1,0.9673284614173304,0.23465552487786429,0,0.0,-2.3673913,-1.6530298,-3.7581031,-0.6128197,-0.6993303,-2.6518826,-0.21017267
559,TRANSFER,8927.43,C101404,16013.22,7085.78,C100768,265894.89,274822.33,7,719,0,1,1,1,1.2338804075627594,0.5575037375368602,0,0.0,-2.5943441,-1.4646981,-3.7594745,0.19323318,-0.7246261,-2.5989926,-0.15695137
559,TRANSFER,11757.01,C101850,200652.1,188895.08,C101943,229493.63,241250.64,7,669,0,2,1,1,1.8077691041312092,0.05859400424914566,0,0.0,-2.5982978,-1.2960657,-3.47151,-0.35090783,-0.76111835,-2.3594697,-0.14507683
559,TRANSFER,13121.5,C101903,74811.61,61690.11,C100179,63064.25,76185.75,7,718,0,1,1,1,1.185264777385113,0.17539389942283024,0,0.0,-2.5943441,-1.4646981,-3.7594745,0.19323318,-0.7246261,-2.5989926,-0.15695137
559,TRANSFER,2042374.9,C101302,304767.51,0.0,MULE124250,0.0,2042374.9,2,-225,1,1,1,1,21.115275166648086,2.0,784,100.0,3.940692,0.18940257,2.3985837,0.073008165,-0.41213474,4.1473455,0.015396771
559,TRANSFER,1112993.83,C100649,1743163.4,630169.57,C100966,535998.94,1648992.77,8,-498,0,5,1,1,22.76840573770945,0.6384908207687243,1057,0.1,-0.6894493,0.14707294,-3.2382367,-0.4732863,-1.3008162,-2.3820136,0.47874555
559,TRANSFER,1340948.11,C100408,5729.4,0.0,C100309,135091.08,1476039.19,8,716,0,5,1,1,32.63667768642772,2.0,0,1.5,0.67334354,-0.20658061,1.4673821,-0.7569799,-1.4347407,-3.7510679,-0.18502647
560,TRANSFER,6604.2,C100486,112254.74,105650.54,C100461,20418.54,27022.74,8,664,0,1,1,1,1.0281269730532718,0.05883225955536488,0,0.0,-2.5943441,-1.4646981,-3.7594745,0.19323318,-0.7246261,-2.5989926,-0.15695137
560,TRANSFER,4932.41,C100866,182073.63,177141.23,C100675,153059.93,157992.34,8,679,0,1,1,1,1.2280515960238831,0.02709019422527029,0,0.0,-2.5943441,-1.4646981,-3.7594745,0.19323318,-0.7246261,-2.5989926,-0.15695137
560,TRANSFER,3049.59,C100305,54618.82,51569.23,C100544,93463.87,96513.46,8,542,0,2,1,1,0.7313156072512754,0.05583405133981291,18,0.0,-2.6127212,-1.3028592,-3.47151,-0.35210386,-0.7605856,-2.3420908,-0.098864265
560,TRANSFER,8746.54,C100878,36404.84,27658.3,C100757,146950.35,155696.88,8,545,0,1,1,1,0.10791286950571971,0.2402576140974662,15,0.0,-2.608767,-1.4714916,-3.7594745,0.19203712,-0.7240934,-2.5816138,-0.110738836
560,TRANSFER,3073.28,C101015,50008.3,46935.03,C101515,68502.58,71575.85,8,626,0,1,1,1,0.038347339288729264,0.06145539840386496,0,0.0,-2.5943441,-1.4646981,-3.7594745,0.19323318,-0.7246261,-2.5989926,-0.15695137
560,TRANSFER,1293.29,C100408,5729.4,4436.11,C100357,145624.74,146918.02,8,716,0,6,1,1,0.03147675034575357,0.2257286975948616,0,0.0,-2.4763227,-1.2198836,-3.3579998,0.17275721,-0.8349026,-2.099094,-0.14329872
560,TRANSFER,1336.52,C100445,2245304.17,2243967.65,C100800,72291.6,73628.11,8,640,0,1,1,1,0.4445871795453343,0.0005952511993063283,0,0.0,-2.5943441,-1.4646981,-3.7594745,0.19323318,-0.7246261,-2.5989926,-0.15695137
560,TRANSFER,16075.83,C100675,153059.93,136984.1,C100720,121885.89,137961.71,8,600,0,0,1,1,0.8127789981320402,0.10502964427071149,0,0.0,-2.3673913,-1.6530298,-3.7581031,-0.6128197,-0.6993303,-2.6518826,-0.21017267
561,TRANSFER,4938.14,C101759,11567.19,6629.06,C100503,176547.3,181485.44,9,564,0,0,1,1,0.05199206943652066,0.426909214770398,0,0.0,-2.3673913,-1.6410142,-3.7581031,-0.6128197,-0.6993303,-2.6638985,-0.21017267
561,TRANSFER,15483.95,C100287,1518018.67,1502534.73,C101815,41010.79,56494.74,9,559,0,0,1,1,0.2882478206540246,0.010200105114649216,2,0.0,-2.3880923,-1.6410142,-3.7581031,-0.61087686,-0.6987975,-2.6638985,-0.1919473
561,TRANSFER,16643.21,C101725,521461.79,504818.58,C100802,281850.82,298494.03,9,547,0,3,1,1,0.31181153339269596,0.03191645163493187,14,0.0,-2.4902263,-1.28643,-3.3898907,0.0035682926,-0.842799,-2.0937307,-0.09708615
561,TRANSFER,4819.27,C100521,837982.55,833163.28,C101352,265881.27,270700.54,9,588,0,0,1,1,0.9544190900849652,0.005751038610529539,0,0.0,-2.3673913,-1.6410142,-3.7581031,-0.6128197,-0.6993303,-2.6638985,-0.21017267
561,TRANSFER,62358.86,C100837,130197.36,67838.51,C101176,278091.37,340450.23,9,570,0,2,1,1,0.567762041997306,0.4789564089471553,0,0.0,-2.5982978,-1.2840501,-3.47151,-0.35090783,-0.76111835,-2.3714848,-0.14507683
561,TRANSFER,17957.28,C101838,67345.56,49388.28,C100575,155986.64,173943.92,9,680,0,2,1,1,0.18624166795936822,0.26664385892700276,0,0.0,-2.5982978,-1.2840501,-3.47151,-0.35090783,-0.76111835,-2.3714848,-0.14507683
561,TRANSFER,31355.87,C101003,37627.04,6271.17,C101831,1292561.14,1323917.01,9,693,0,1,1,1,1.2322773429371403,0.833333421922107,0,0.0,-2.5943441,-1.4526827,-3.7594745,0.19323318,-0.7246261,-2.6110082,-0.15695137
561,TRANSFER,58717.5,C101838,70461.0,11743.5,C100041,217955.24,276672.74,9,680,0,2,1,1,0.6089811563000747,0.8333333333333334,0,0.0,-2.5982978,-1.2840501,-3.47151,-0.35090783,-0.76111835,-2.3714848,-0.14507683
561,TRANSFER,15164.68,C101674,19279.15,4114.47,C100278,51233.79,66398.47,9,554,0,1,1,1,1.4001964760446515,0.7865844707883906,7,0.0,-2.608767,-1.4590971,-3.7594745,0.19203712,-0.7240934,-2.5932503,-0.111496896
561,TRANSFER,13360.8,C100471,58695.64,45334.84,C101662,58961.08,72321.88,9,622,0,0,1,1,1.438970783260506,0.22762849165627974,0,0.0,-2.3673913,-1.6410142,-3.7581031,-0.6128197,-0.6993303,-2.6638985,-0.21017267
562,TRANSFER,31049.17,C100938,60991.76,29942.59,C100180,1258425.74,1289474.91,10,568,0,0,1,1,0.2707152361117902,0.5090715532721141,0,0.0,-2.559749,-1.6295782,-3.8895862,-0.60748893,-0.70966333,-2.3464909,-0.21017267
562,TRANSFER,22588.08,C101376,209034.44,186446.36,C100388,379919.08,402507.16,10,626,0,1,1,1,0.31293806425643533,0.10805913130869728,0,0.0,-2.7867017,-1.4412465,-3.890957,0.19856392,-0.7349593,-2.2936003,-0.15695137
562,TRANSFER,15693.66,C100047,179424.09,163730.43,C100201,79839.13,95532.79,10,555,0,2,1,1,1.0211646777315662,0.08746685018717386,7,0.0,-2.8080347,-1.2790285,-3.6029925,-0.39433643,-0.7743743,-2.0838826,-0.099622324
562,TRANSFER,4791.72,C100385,47244.82,42453.1,C100495,1401101.19,1405892.92,10,609,0,0,1,1,0.8313736130363881,0.10142318247799442,0,0.0,-2.559749,-1.6295782,-3.8895862,-0.60748893,-0.70966333,-2.3464909,-0.21017267
562,TRANSFER,8573.88,C101450,14800.66,6226.78,C101497,360475.33,369049.2,10,601,0,1,1,1,0.06175777514908409,0.5792903829964339,0,0.0,-2.7867017,-1.4412465,-3.890957,0.19856392,-0.7349593,-2.2936003,-0.15695137
562,TRANSFER,2285.24,C101024,80459.43,78174.19,C101325,138785.83,141071.07,10,643,0,2,1,1,1.2955629759927267,0.028402388632382803,0,0.0,-2.7936113,-1.2726141,-3.6029925,-0.3931404,-0.77490693,-2.1016405,-0.14507683
562,TRANSFER,3736.14,C100366,378237.13,374500.98,C101761,245551.57,249287.71,10,646,0,1,1,1,0.046614986763347965,0.009877771650815983,0,0.0,-2.7867017,-1.4412465,-3.890957,0.19856392,-0.7349593,-2.2936003,-0.15695137
563,TRANSFER,1834275.4,C101920,145466.33,0.0,MULE902433,0.0,1834275.4,4,157,1,2,1,1,20.95997131239905,2.0,406,100.0,4.7112827,0.43014094,2.3839183,-0.47952402,-0.45560983,4.6211805,0.01906969
563,TRANSFER,1434707.25,C101534,173772.2,0.0,MULE75790,0.0,1434707.25,3,-350,1,3,0,1,8.183243899928142,2.0,913,100.0,1.4034741,0.37337625,2.0609002,-0.104043595,3.338682,3.3066998,0.57219166
563,TRANSFER,37412.28,C100157,44894.74,7482.46,C100343,78723.47,116135.75,11,714,0,1,1,1,0.5543527071719591,0.8333332590855855,0,0.0,-2.5867443,-1.2727561,-3.8894126,0.2230149,-0.7429945,-2.703748,-0.1273375
563,TRANSFER,13129.89,C100994,55134.15,42004.26,C100560,151865.07,164994.96,11,563,0,0,1,1,0.09951086353892712,0.23814441684509507,0,0.0,-2.3507016,-1.4610878,-3.8880417,-0.61479807,-0.71769863,-2.7883985,-0.18055879
563,TRANSFER,14144.3,C101725,521461.79,507317.49,C101217,420801.03,434945.33,11,547,0,4,1,1,0.26499430529124546,0.02712432678912102,16,0.0,-2.4861019,-1.1164926,-3.4583325,-0.13007262,-0.87494963,-2.414906,-0.08774786
563,TRANSFER,74847.7,C101773,190100.29,115252.59,C100320,163302.22,238149.92,11,611,0,1,1,1,0.7459509204102487,0.3937274372385229,0,0.0,-2.5867443,-1.2727561,-3.8894126,0.2230149,-0.7429945,-2.703748,-0.1273375
563,TRANSFER,8895.91,C101850,200652.1,191756.19,C101962,183576.83,192472.74,11,669,0,3,1,1,1.3678436312575957,0.04433499574636896,0,0.0,-2.4711595,-1.1080083,-3.4902234,-0.17361224,-0.87845355,-2.4120092,-0.11368484
563,TRANSFER,26099.14,C100938,60991.76,34892.62,C100716,113314.3,139413.45,11,568,0,1,1,1,0.22755631945764312,0.42791255736840517,0,0.0,-2.5867443,-1.2727561,-3.8894126,0.2230149,-0.7429945,-2.703748,-0.1273375
563,TRANSFER,4593.51,C101015,50008.3,45414.8,C100424,111426.91,116020.42,11,626,0,2,1,1,0.05731625055190895,0.09185495207795506,0,0.0,-2.5936542,-1.1041232,-3.5718427,-0.53343344,-0.79624003,-2.6765323,-0.11546296
563,TRANSFER,4425.87,C101538,278093.02,273667.15,C101520,41239.78,45665.65,11,642,0,1,1,1,0.8443685832797414,0.01591507043218848,0,0.0,-2.5867443,-1.2727561,-3.8894126,0.2230149,-0.7429945,-2.703748,-0.1273375
563,TRANSFER,12138.29,C101448,51742.83,39604.54,C101862,23848.8,35987.09,11,719,0,0,1,1,0.1689309094173765,0.23458883095493618,0,0.0,-2.3507016,-1.4610878,-3.8880417,-0.61479807,-0.71769863,-2.7883985,-0.18055879
563,TRANSFER,30582.64,C100048,111603.53,81020.9,C100119,249458.48,280041.12,11,674,0,0,1,1,0.5864599341366799,0.2740293250580873,0,0.0,-2.3507016,-1.4610878,-3.8880417,-0.61479807,-0.71769863,-2.7883985,-0.18055879
563,TRANSFER,14245.15,C101448,51742.83,37497.67,C100202,110079.71,124324.87,11,719,0,0,1,1,0.19825248402262102,0.2753067429825543,0,0.0,-2.3507016,-1.4610878,-3.8880417,-0.61479807,-0.71769863,-2.7883985,-0.18055879
564,TRANSFER,16693.0,C100087,56298.8,39605.8,C101270,361399.97,378092.97,12,544,0,0,1,1,1.4122841188401256,0.2965072079689087,20,0.0,-2.3709981,-1.4759823,-3.8880417,-0.6531912,-0.7173261,-2.8901024,-0.15201911
564,TRANSFER,4793.82,C101850,200652.1,195858.27,C101444,372207.79,377001.61,12,669,0,4,1,1,0.7371023488766508,0.023891202733487462,0,0.0,-2.4731338,-1.1008664,-3.4583325,-0.13593966,-0.8781622,-2.4775429,-0.11422103
564,TRANSFER,10906.66,C100492,247495.22,236588.56,C100214,34902.04,45808.7,12,591,0,2,1,1,1.0817461755648046,0.044068164225555546,0,0.0,-2.5951092,-1.0964509,-3.5718427,-0.5404966,-0.79891986,-2.742066,-0.11599915
564,TRANSFER,8051.73,C100836,191989.51,183937.78,C101690,233752.34,241804.07,12,548,0,0,1,1,0.8515952194297864,0.041938385071142684,16,0.0,-2.3709981,-1.4759823,-3.8880417,-0.6531912,-0.7173261,-2.8901024,-0.15201911
564,TRANSFER,24481.9,C101033,151532.35,127050.45,C101732,3000691.36,3025173.27,12,554,0,0,1,1,1.1844735312482733,0.16156220107455604,10,0.0,-2.3709981,-1.4759823,-3.8880417,-0.6531912,-0.7173261,-2.8901024,-0.15201911
564,TRANSFER,8581.08,C101213,28847.68,20266.6,C101675,1054129.35,1062710.43,12,692,0,0,1,1,1.3593422583109567,0.29746170229287067,0,0.0,-2.3502975,-1.4680284,-3.8880417,-0.65513396,-0.71785885,-2.8872056,-0.18109499
564,TRANSFER,2130.4,C100629,93814.94,91684.54,C100279,9127.33,11257.73,12,567,0,0,1,1,1.6728350145789381,0.02270853661474388,0,0.0,-2.3502975,-1.4680284,-3.8880417,-0.65513396,-0.71785885,-2.8872056,-0.18109499
564,TRANSFER,19448.23,C100268,23337.87,3889.65,C100007,26026.82,45475.04,12,675,0,0,1,1,1.216057124940416,0.8333335475773924,0,0.0,-2.3502975,-1.4680284,-3.8880417,-0.65513396,-0.71785885,-2.8872056,-0.18109499
564,TRANSFER,6851.51,C100897,108482.18,101630.67,C101392,37994.07,44845.58,12,707,0,1,1,1,0.12273180722214479,0.06315793063893076,0,0.0,-2.5863402,-1.2650838,-3.8894126,0.24856035,-0.7431547,-2.7366734,-0.1278737
564,TRANSFER,22961.28,C100449,263794.32,240833.05,C101328,43975.06,66936.34,12,541,0,1,1,1,0.38948014723829577,0.08704235936543288,23,0.0,-2.6007633,-1.2965941,-3.8894126,0.2473643,-0.74262196,-2.7213912,-0.014057113
564,TRANSFER,12128.56,C101334,105603.5,93474.94,C100122,37385.9,49514.45,12,552,0,1,1,1,0.6606111983678951,0.11484998129796833,12,0.0,-2.6007633,-1.2730377,-3.8894126,0.2473643,-0.74262196,-2.7395701,-0.101936735
564,TRANSFER,13532.13,C101156,2436604.56,2423072.43,C101023,39551.74,53083.87,12,711,0,1,1,1,1.0115943684684467,0.005553683278012087,0,0.0,-2.5863402,-1.2650838,-3.8894126,0.24856035,-0.7431547,-2.7366734,-0.1278737
565,TRANSFER,12659.49,C100569,173378.58,160719.09,C100649,1743163.4,1755822.89,13,593,0,1,1,1,0.7437842371429411,0.07301645912661184,0,0.0,-2.5863402,-1.2650838,-3.8894126,0.24856035,-0.74875313,-2.7310748,-0.1278737
565,TRANSFER,76231.96,C100754,360342.98,284111.02,C100596,436027.43,512259.39,13,626,0,0,1,1,0.9407962967616064,0.21155389235000502,0,0.0,-2.3502975,-1.4680284,-3.8880417,-0.65513396,-0.7234573,-2.881607,-0.18109499
565,TRANSFER,2958.53,C100625,81948.01,78989.48,C101526,156634.13,159592.66,13,621,0,0,1,1,0.4019893308062036,0.03610252402712403,0,0.0,-2.3502975,-1.4680284,-3.8880417,-0.65513396,-0.7234573,-2.881607,-0.18109499
565,TRANSFER,9331.18,C100053,3044740.12,3035408.94,C101762,142010.74,151341.91,13,660,0,0,1,1,0.9051968210857251,0.0030646884897355376,0,0.0,-2.3502975,-1.4680284,-3.8880417,-0.65513396,-0.7234573,-2.881607,-0.18109499
565,TRANSFER,3091.98,C101722,303194.72,300102.74,MULE814408,0.0,3091.98,16,644,0,1,1,1,0.021458625548099148,0.010198000809512778,0,0.0,-2.6360533,-1.6033297,-4.407063,0.29044488,-0.70494294,-0.051854037,-0.073058784
565,TRANSFER,4570.71,C101722,303194.72,298624.01,MULE814408,0.0,4570.71,16,644,0,1,1,1,0.03172114773670989,0.01507516357804648,0,0.0,-2.6360533,-1.6033297,-4.407063,0.29044488,-0.70494294,-0.051854037,-0.073058784
565,TRANSFER,33351.92,C101082,130008.15,96656.23,C101465,1174876.32,1208228.24,13,671,0,1,1,1,0.2541733961831467,0.2565371478634224,0,0.0,-2.5863402,-1.2650838,-3.8894126,0.24856035,-0.74875313,-2.7310748,-0.1278737
565,TRANSFER,5388.47,C100472,146282.62,140894.15,C101410,7085.31,12473.79,13,648,0,1,1,1,0.09229523896796489,0.03683602330885241,0,0.0,-2.5863402,-1.2650838,-3.8894126,0.24856035,-0.74875313,-2.7310748,-0.1278737
565,TRANSFER,840.03,C101214,334493.41,333653.38,C100169,47126.46,47966.49,13,695,0,0,1,1,0.017248687144584947,0.0025113499246517293,0,0.0,-2.3502975,-1.4680284,-3.8880417,-0.65513396,-0.7234573,-2.881607,-0.18109499
565,TRANSFER,7844.25,C100718,343603.22,335758.97,C100685,116938.43,124782.68,13,596,0,0,1,1,0.8762198213104703,0.02282938442777108,0,0.0,-2.3502975,-1.4680284,-3.8880417,-0.65513396,-0.7234573,-2.881607,-0.18109499
565,TRANSFER,13861.54,C100171,27089.46,13227.92,C100287,1518018.67,1531880.22,13,596,0,0,1,1,0.22197566408780955,0.5116949544213876,0,0.0,-2.3502975,-1.4680284,-3.8880417,-0.65513396,-0.7234573,-2.881607,-0.18109499
566,TRANSFER,6719.02,C100061,779830.55,773111.53,C101491,31370.59,38089.61,14,715,0,0,1,1,0.12334923733618378,0.008615999975892198,0,0.0,-2.3154733,-1.8254687,-4.3030157,-0.5675392,-0.721397,-1.2288578,-0.12701531
566,TRANSFER,18387.01,C101149,131528.54,113141.53,C100773,81103.64,99490.65,14,567,0,0,1,1,0.49671295029544293,0.13979483084051567,0,0.0,-2.3154733,-1.8254687,-4.3030157,-0.5675392,-0.721397,-1.2288578,-0.12701531
566,TRANSFER,8235.02,C101199,59759.17,51524.15,C100561,104325.36,112560.39,14,542,0,0,1,1,1.6900514759775351,0.1378034534281517,24,0.0,-2.336174,-1.807951,-4.3030157,-0.56559646,-0.72086424,-1.2380892,-0.034573734
566,TRANSFER,1764.59,C100462,81999.39,80234.8,C101088,118764.28,120528.88,14,586,0,0,1,1,0.6367573760583137,0.021519550328362197,0,0.0,-2.3154733,-1.8254687,-4.3030157,-0.5675392,-0.721397,-1.2288578,-0.12701531
566,TRANSFER,7419.93,C101795,80380.0,72960.08,C101613,56605.78,64025.71,14,543,0,0,1,1,0.1090270383067101,0.09231064941527743,23,0.0,-2.336174,-1.807951,-4.3030157,-0.56559646,-0.72086424,-1.2380892,-0.034573734
566,TRANSFER,1399.73,C101820,311940.58,310540.84,C100381,254844.47,256244.2,14,645,0,0,1,1,0.8665928407274841,0.004487168678086064,0,0.0,-2.3154733,-1.8254687,-4.3030157,-0.5675392,-0.721397,-1.2288578,-0.12701531
566,TRANSFER,3115.8,C101466,506333.03,503217.23,C100861,210963.83,214079.64,14,687,0,0,1,1,0.821928865879031,0.006153657406075207,0,0.0,-2.3154733,-1.8254687,-4.3030157,-0.5675392,-0.721397,-1.2288578,-0.12701531
566,TRANSFER,8417.52,C100329,327619.72,319202.2,C101358,29042.01,37459.53,14,666,0,0,1,1,0.16463038132927013,0.025692958897590174,0,0.0,-2.3154733,-1.8254687,-4.3030157,-0.5675392,-0.721397,-1.2288578,-0.12701531
567,TRANSFER,1120990.14,C100352,94400.43,0.0,C100684,16603.24,1137593.38,15,118,0,2,1,1,9.33924334626066,2.0,449,1.4,-0.8919439,-0.21873005,1.8417126,-0.9349525,-1.3093455,-2.590344,-0.21533963
567,TRANSFER,61535.39,C100804,73842.47,12307.08,C100827,993903.35,1055438.74,15,715,0,0,1,1,0.49837651043733183,0.833333310762763,0,0.0,-2.3022633,-1.6976554,-4.3030157,-0.5784466,-0.73515767,-1.5700923,-0.1342198
567,TRANSFER,11779.44,C100699,35088.24,23308.8,C100983,134745.78,146525.22,15,612,0,0,1,1,1.0216995385300325,0.33570905807757817,0,0.0,-2.3022633,-1.6976554,-4.3030157,-0.5784466,-0.73515767,-1.5700923,-0.1342198
567,TRANSFER,3676.19,C100249,399834.71,396158.52,C100742,36394.49,40070.68,15,690,0,1,1,1,0.08860549826819619,0.009194274303999269,0,0.0,-2.5383062,-1.4947108,-4.3043866,0.3252477,-0.76045364,-1.4195604,-0.08099857
567,TRANSFER,25919.94,C100837,130197.36,104277.43,C101987,167361.05,193280.99,15,570,0,3,1,1,0.23599466159015173,0.19908191686836046,0,0.0,-2.4473045,-1.3299627,-3.9051976,-0.40404123,-0.8932738,-1.460483,-0.06734588
567,TRANSFER,10157.83,C101128,41300.37,31142.54,C101903,74811.61,84969.44,15,712,0,1,1,1,1.0138884599518334,0.24595009681511326,0,0.0,-2.5383062,-1.4947108,-4.3043866,0.3252477,-0.76045364,-1.4195604,-0.08099857
568,TRANSFER,24089.75,C101806,36384.08,12294.33,C100026,194499.34,218589.09,16,670,0,0,1,1,0.4257240434345852,0.6620958946880063,0,0.0,-2.4084365,-1.8530564,-4.405692,-0.42836732,-0.6958916,-0.017503984,-0.10854335
568,TRANSFER,6097.96,C100021,38254.5,32156.53,C100080,160928.7,167026.66,16,607,0,1,1,1,0.08566554308757883,0.15940503731587133,0,0.0,-2.6360533,-1.6033297,-4.407063,0.29044488,-0.70494294,-0.051854037,-0.073058784
568,TRANSFER,25708.76,C101889,41314.55,15605.79,C100581,315400.51,341109.27,16,579,0,0,1,1,1.0615793846452992,0.6222689101055197,0,0.0,-2.4084365,-1.8530564,-4.405692,-0.42836732,-0.6958916,-0.017503984,-0.10854335
568,TRANSFER,6548.25,C100146,31849.73,25301.48,C101190,17917.58,24465.83,16,706,0,0,1,1,0.815663296283936,0.20559828921626652,0,0.0,-2.4084365,-1.8530564,-4.405692,-0.42836732,-0.6958916,-0.017503984,-0.10854335
568,TRANSFER,10896.66,C101944,435591.72,424695.05,C101273,62778.54,73675.2,16,697,0,0,1,1,1.1773306907663417,0.025015764762470694,0,0.0,-2.4084365,-1.8530564,-4.405692,-0.42836732,-0.6958916,-0.017503984,-0.10854335
568,TRANSFER,8673.43,C100554,157447.15,148773.71,C100564,384724.37,393397.81,16,572,0,0,1,1,0.06089966833303224,0.055087881870202166,0,0.0,-2.4084365,-1.8530564,-4.405692,-0.42836732,-0.6958916,-0.017503984,-0.10854335
569,TRANSFER,33266.17,C101033,151532.35,118266.18,C100906,388911.49,422177.66,17,554,0,1,1,1,1.609470582389658,0.21953180294504768,15,0.0,-2.6468754,-1.3204675,-4.015815,0.29799357,-0.6642246,-3.0722997,-0.059268337
569,TRANSFER,14596.2,C100560,151865.07,137268.87,C100357,145624.74,160220.94,17,647,0,0,1,1,0.13007027940597984,0.096112950792437,0,0.0,-2.4048355,-1.5622406,-4.014444,-0.41962254,-0.65570605,-3.0350525,-0.120689884
569,TRANSFER,16512.58,C101986,25622.7,9110.11,C100759,281073.25,297585.84,17,703,0,0,1,1,1.0500269190305511,0.6444512092792719,0,0.0,-2.4048355,-1.5622406,-4.014444,-0.41962254,-0.65570605,-3.0350525,-0.120689884
569,TRANSFER,44970.38,C101625,1117417.46,1072447.08,C101331,94692.01,139662.39,17,572,0,0,1,1,1.0804438941122514,0.04024492332525393,0,0.0,-2.4048355,-1.5622406,-4.014444,-0.41962254,-0.65570605,-3.0350525,-0.120689884
569,TRANSFER,1664771.97,C100085,250819.18,0.0,MULE96934,0.0,1664771.97,3,113,1,2,0,1,13.313553649201094,2.0,456,100.0,3.9630795,-0.14146224,2.1271884,-0.57742417,2.121934,2.9163194,-0.10228305
569,TRANSFER,5949.41,C100071,18246.03,12296.62,C101840,18783.13,24732.54,17,608,0,1,1,1,0.061338116334899426,0.32606599901458017,0,0.0,-2.6324522,-1.3125136,-4.015815,0.2991896,-0.6647574,-3.069403,-0.08520533
569,TRANSFER,8932.87,C101850,200652.1,191719.22,C100442,30762.68,39695.55,17,669,0,5,1,1,1.3735266362128258,0.04451919516416723,0,0.0,-2.5806103,-1.1133467,-3.584735,-0.5477265,-0.7857524,-3.327075,-0.07069887
569,TRANSFER,2112.65,C100152,35735.76,33623.11,C101797,27819.14,29931.79,17,578,0,0,1,1,0.03580278577796128,0.05911865313624224,0,0.0,-2.4048355,-1.5622406,-4.014444,-0.41962254,-0.65570605,-3.0350525,-0.120689884
569,TRANSFER,1907.28,C101550,40488.99,38581.71,C100338,347805.37,349712.65,17,620,0,0,1,1,0.7140198001904451,0.04710613922451511,0,0.0,-2.4048355,-1.5622406,-4.014444,-0.41962254,-0.65570605,-3.0350525,-0.120689884
569,TRANSFER,51028.7,C100381,254844.47,203815.77,C101764,91303.57,142332.27,17,593,0,0,1,1,0.446901174172325,0.20023467646757254,0,0.0,-2.4048355,-1.5622406,-4.014444,-0.41962254,-0.65570605,-3.0350525,-0.120689884
570,TRANSFER,18616.74,C101003,22340.09,3723.35,C100110,157715.16,176331.9,18,693,0,2,1,1,0.731632925552746,0.8333332587290383,0,0.0,-2.6809976,-1.1438808,-3.698245,-0.6368506,-0.73324513,-3.2178664,-0.07220097
570,TRANSFER,2783.2,C100950,24255.26,21472.06,C101285,331346.44,334129.64,18,624,0,0,1,1,1.2789685483394495,0.11474624473207048,0,0.0,-2.412985,-1.5622406,-4.014444,-0.41750395,-0.65570605,-3.0290215,-0.120689884
570,TRANSFER,1384532.45,C100555,62564.56,0.0,C100366,378237.13,1762769.57,16,-356,0,1,1,1,6.311289903131851,2.0,926,97.8,0.98596865,0.8952372,1.9377394,0.36744344,-0.9805104,-0.5978222,1.1319653
570,TRANSFER,7623.52,C101128,41300.37,33676.85,C100701,25992.07,33615.59,18,712,0,2,1,1,0.7609301349020413,0.18458720829861816,0,0.0,-2.6809976,-1.1438808,-3.698245,-0.6368506,-0.73324513,-3.2178664,-0.07220097
570,TRANSFER,69367.99,C101258,83241.59,13873.6,C100368,34206.14,103574.13,18,679,0,1,1,1,0.9687146749610686,0.8333333133112908,0,0.0,-2.6337564,-1.3125136,-4.015815,0.2978854,-0.6647574,-3.0667942,-0.08520533
570,TRANSFER,7492.64,C100263,78121.78,70629.14,C101924,100209.32,107701.96,18,564,0,0,1,1,0.0527544588507537,0.09590974501605058,6,0.0,-2.433686,-1.5622406,-4.014444,-0.4155612,-0.65517336,-3.0321195,-0.09936658
570,TRANSFER,777.05,C101214,334493.41,333716.36,C101488,109909.3,110686.35,18,695,0,1,1,1,0.01595549247729216,0.0023230651988031693,0,0.0,-2.6337564,-1.3125136,-4.015815,0.2978854,-0.6647574,-3.0667942,-0.08520533
570,TRANSFER,11214.5,C100966,535998.94,524784.44,C101583,91674.69,102889.19,18,618,0,1,1,1,1.166105714120764,0.020922616003680904,0,0.0,-2.6337564,-1.3125136,-4.015815,0.2978854,-0.6647574,-3.0667942,-0.08520533
570,TRANSFER,1011556.94,C101687,164880.67,0.0,C101072,14983.17,1026540.11,19,383,0,1,1,1,19.082455022361778,2.0,187,0.4,-0.23163107,-0.97468746,1.7582452,0.19920745,-1.1863449,-5.075554,-0.040465374
570,TRANSFER,11952.69,C100036,56666.2,44713.51,C100144,41631.91,53584.59,18,586,0,1,1,1,1.014811885477462,0.21093156061285212,0,0.0,-2.6337564,-1.3125136,-4.015815,0.2978854,-0.6647574,-3.0667942,-0.08520533
571,TRANSFER,1731.44,C100856,91746.0,90014.56,C101305,183349.63,185081.07,19,669,0,0,1,1,0.0946150207848284,0.01887210341595274,0,0.0,-2.412985,-1.5622406,-4.014444,-0.41750395,-0.65570605,-3.0290215,-0.120689884
571,TRANSFER,2044.83,C100408,5729.4,3684.56,C100881,288531.2,290576.03,19,716,0,6,1,1,0.049768113423522393,0.356901246203791,0,0.0,-2.5819147,-1.0759975,-3.584735,-0.48016036,-0.7857524,-3.3244667,-0.07069887
571,TRANSFER,23835.35,C101638,131242.98,107407.64,C101313,116525.81,140361.16,19,610,0,0,1,1,0.16984167511014353,0.18161238033455196,0,0.0,-2.412985,-1.5622406,-4.014444,-0.41750395,-0.65570605,-3.0290215,-0.120689884
571,TRANSFER,23640.85,C101105,104150.26,80509.41,C101594,62823.62,86464.47,19,620,0,2,1,1,0.9125828380235633,0.2269879115040135,0,0.0,-2.6809976,-1.1438808,-3.698245,-0.6368506,-0.73324513,-3.2178664,-0.07220097
571,TRANSFER,12968.84,C101540,122083.34,109114.5,C100168,40698.56,53667.41,19,548,0,0,1,1,1.3937316230204448,0.10622940034242183,23,0.0,-2.433686,-1.5447232,-4.014444,-0.4155612,-0.65517336,-3.038253,-0.028248306
571,TRANSFER,36442.0,C100991,695844.58,659402.58,C101304,4017677.81,4054119.81,19,577,0,0,1,1,0.386665153877104,0.05237089006283559,0,0.0,-2.412985,-1.5622406,-4.014444,-0.41750395,-0.65570605,-3.0290215,-0.120689884
571,TRANSFER,1991.85,C101520,41239.78,39247.93,C100485,86061.15,88053.01,19,553,0,0,1,1,0.5326603693197468,0.04829923922969521,18,0.0,-2.433686,-1.5701944,-4.014444,-0.4155612,-0.65517336,-3.0319183,-0.09161406
571,TRANSFER,15369.0,C100478,246367.37,230998.37,C101610,214086.46,229455.46,19,568,0,0,1,1,0.09511182671378939,0.06238244942907821,3,0.0,-2.433686,-1.5622406,-4.014444,-0.4155612,-0.65517336,-3.0290215,-0.10246453
571,TRANSFER,140262.81,C100846,168315.38,28052.56,C101777,171421.43,311684.24,19,554,0,0,1,1,0.43692758617212357,0.8333332937251485,17,0.0,-2.433686,-1.5701944,-4.014444,-0.4155612,-0.65517336,-3.0319183,-0.09161406
572,TRANSFER,3951.73,C101327,106613.37,102661.63,C101914,6739.15,10690.89,20,707,0,0,1,1,1.4795344539425999,0.03706598900306782,0,0.0,-2.44557,-1.9975752,-5.029045,-0.41750395,-0.60858834,-1.5936172,-0.120689884
572,TRANSFER,14339.76,C100554,157447.15,143107.39,C100729,21648.33,35988.09,20,572,0,1,1,1,0.10068526845495754,0.09107665651617067,0,0.0,-2.6663413,-1.7478483,-5.0304165,0.2978854,-0.61763954,-1.6313902,-0.08520533
572,TRANSFER,24939.84,C101003,29927.81,4987.97,C101089,315934.99,340874.84,20,693,0,3,1,1,0.980129072115601,0.8333332776437701,0,0.0,-2.6139798,-1.5831007,-4.6312284,-0.64815307,-0.74706364,-1.889063,-0.07069887
572,TRANSFER,8604.64,C100153,27154.91,18550.27,C100275,2498.55,11103.18,20,673,0,0,1,1,0.0923228667665293,0.31687234463307,0,0.0,-2.44557,-1.9975752,-5.029045,-0.41750395,-0.60858834,-1.5936172,-0.120689884
572,TRANSFER,17616.38,C101941,68513.86,50897.48,C100842,198089.68,215706.06,20,624,0,0,1,1,0.21759848385602892,0.25712140580022785,0,0.0,-2.44557,-1.9975752,-5.029045,-0.41750395,-0.60858834,-1.5936172,-0.120689884
572,TRANSFER,20482.14,C101699,24578.56,4096.43,C101375,47576.89,68059.03,20,700,0,0,1,1,1.3390508360388993,0.8333336045724403,0,0.0,-2.44557,-1.9975752,-5.029045,-0.41750395,-0.60858834,-1.5936172,-0.120689884
572,TRANSFER,10081.49,C100287,1518018.67,1507937.19,C100028,126309.77,136391.25,20,559,0,1,1,1,0.1876761111631943,0.0066412160793779965,13,0.0,-2.6807644,-1.7558022,-5.0304165,0.29668936,-0.61710685,-1.6342871,-0.059268337
572,TRANSFER,25411.42,C100979,1559065.07,1533653.65,C101662,58961.08,84372.5,20,697,0,0,1,1,1.2317172052983947,0.01629914009939303,0,0.0,-2.44557,-1.9975752,-5.029045,-0.41750395,-0.60858834,-1.5936172,-0.120689884
573,TRANSFER,19873.11,C101594,62823.62,42950.51,C101171,225558.32,245431.43,21,709,0,0,1,1,1.080058653170021,0.31633181914700237,0,0.0,-2.44557,-1.9975752,-5.029045,-0.41750395,-0.60858834,-1.5936172,-0.120689884
573,TRANSFER,9331.09,C100287,1518018.67,1508687.58,C100932,405883.65,415214.74,21,559,0,2,1,1,0.1737067322502696,0.006146887508307128,14,0.0,-2.728006,-1.5871696,-4.712847,-0.6380466,-0.6855947,-1.7853594,-0.046263974
573,TRANSFER,8678.76,C100944,84244.5,75565.74,C101633,84736.02,93414.78,21,698,0,0,1,1,0.08763282704306372,0.10301871338781761,0,0.0,-2.44557,-1.9975752,-5.029045,-0.41750395,-0.60858834,-1.5936172,-0.120689884
573,TRANSFER,7982.07,C101908,28318.74,20336.66,C100613,61656.18,69638.26,21,679,0,1,1,1,0.15090310631089215,0.2818652948542202,0,0.0,-2.6663413,-1.7478483,-5.0304165,0.2978854,-0.61763954,-1.6313902,-0.08520533
573,TRANSFER,7450.86,C101609,94212.48,86761.62,C101112,686374.66,693825.52,21,584,0,1,1,1,0.8258656021884574,0.07908570074792638,0,0.0,-2.6663413,-1.7478483,-5.0304165,0.2978854,-0.61763954,-1.6313902,-0.08520533
573,TRANSFER,15917.3,C100646,706744.8,690827.5,C101784,881918.41,897835.7,21,644,0,0,1,1,0.6193696526720522,0.022521990964772573,0,0.0,-2.44557,-1.9975752,-5.029045,-0.41750395,-0.60858834,-1.5936172,-0.120689884
573,TRANSFER,21735.67,C100368,34206.14,12470.47,C101760,57933.68,79669.35,21,593,0,0,1,1,0.17122660127879127,0.635431825982119,0,0.0,-2.44557,-1.9975752,-5.029045,-0.41750395,-0.60858834,-1.5936172,-0.120689884
573,TRANSFER,4266.27,C101404,16013.22,11746.95,C100581,315400.51,319666.78,21,719,0,2,1,1,0.5896508812024036,0.26642174403399194,0,0.0,-2.7135828,-1.5792158,-4.712847,-0.6368506,-0.6861274,-1.7824625,-0.07220097
573,TRANSFER,1054127.11,C100920,41506.55,0.0,C101967,28189.37,1082316.48,14,-80,0,5,1,1,23.75387828781003,2.0,653,0.5,-0.4951323,-1.0233294,1.7412677,-1.3956444,-1.6810787,-2.7981343,0.34220958
573,TRANSFER,1831.52,C100462,81999.39,80167.87,C100665,113840.75,115672.27,21,586,0,1,1,1,0.6609092590337262,0.022335775912479348,0,0.0,-2.6663413,-1.7478483,-5.0304165,0.2978854,-0.61763954,-1.6313902,-0.08520533
573,TRANSFER,48124.24,C100933,350691.68,302567.43,C100293,59164.32,107288.57,21,707,0,0,1,1,0.7748260692967757,0.1372266373698971,0,0.0,-2.44557,-1.9975752,-5.029045,-0.41750395,-0.60858834,-1.5936172,-0.120689884
574,TRANSFER,2441.21,C101171,225558.32,223117.11,C100282,371732.05,374173.26,22,567,0,1,1,1,1.4214621204541977,0.01082296587419165,7,0.0,-2.6807644,-1.7542627,-5.0304165,0.29668936,-0.61710685,-1.6344881,-0.060606603
574,TRANSFER,1975.93,C101171,225558.32,223582.39,C101135,25593.27,27569.21,22,567,0,1,1,1,1.1505399566891268,0.008760173422110964,7,0.0,-2.6807644,-1.7542627,-5.0304165,0.29668936,-0.61710685,-1.6344881,-0.060606603
574,TRANSFER,2432.49,C101989,33200.66,30768.17,C100766,11096.44,13528.93,22,643,0,0,1,1,0.8133440075968146,0.07326631458531245,0,0.0,-2.44557,-1.9975752,-5.029045,-0.41750395,-0.60858834,-1.5936172,-0.120689884
574,TRANSFER,2777.67,C100335,109271.79,106494.12,C100415,502884.49,505662.16,22,582,0,0,1,1,0.019200392237759396,0.025419827020313295,0,0.0,-2.44557,-1.9975752,-5.029045,-0.41750395,-0.60858834,-1.5936172,-0.120689884
574,TRANSFER,2790.77,C101574,47570.07,44779.29,C100667,71278.37,74069.14,22,629,0,0,1,1,0.05563605860749508,0.05866651026580369,0,0.0,-2.44557,-1.9975752,-5.029045,-0.41750395,-0.60858834,-1.5936172,-0.120689884
575,TRANSFER,6030.18,C100781,44654.8,38624.62,C100318,1441599.03,1447629.21,23,554,0,0,1,1,0.5182828684739622,0.13503990612431363,21,0.0,-2.3638449,-1.7881237,-5.029045,-0.35200483,-0.57699746,2.4922519,-0.04269686
575,TRANSFER,1855180.42,C100055,198735.44,0.0,C101780,11707.56,1866887.98,14,473,1,4,0,1,16.794251717144466,2.0,102,100.0,4.595383,1.1939942,1.9896367,-0.18845463,4.522835,-0.4825514,-0.004512597
575,TRANSFER,3314.14,C100697,117566.14,114252.0,C100593,232256.33,235570.47,23,571,0,2,1,1,0.09962360626677388,0.028189579074383152,4,0.0,-2.6255796,-1.3985485,-4.712847,-0.69009686,-0.65453637,2.1939342,-0.030388888
575,TRANSFER,27697.35,C101471,68607.56,40910.22,C101234,55178.19,82875.54,23,608,0,2,1,1,0.6236052415154495,0.40370696757033775,0,0.0,-2.6111565,-1.3985485,-4.712847,-0.6889008,-0.6550691,2.1970322,-0.04857337
575,TRANSFER,5914.02,C101309,57948.97,52034.95,C100810,46110.82,52024.84,23,560,0,0,1,1,0.752474710673268,0.10205565344819761,15,0.0,-2.3638449,-1.7817888,-5.029045,-0.35200483,-0.57699746,2.4985867,-0.05536632
575,TRANSFER,14742.37,C100362,64684.83,49942.45,C100565,31893.42,46635.79,23,569,0,0,1,1,0.1490642493103372,0.22791077908065926,6,0.0,-2.3638449,-1.7738352,-5.029045,-0.35200483,-0.57699746,2.4983857,-0.06311883
575,TRANSFER,90877.9,C100190,235936.51,145058.62,C100030,474442.6,565320.5,23,656,0,0,1,1,1.1606611444354538,0.38517947052789747,0,0.0,-2.3431442,-1.7738352,-5.029045,-0.35394764,-0.57753015,2.5014837,-0.08444215
576,TRANSFER,19777.67,C101149,131528.54,111750.87,C101560,233577.86,253355.52,0,567,0,1,1,1,0.5342807131594355,0.15036789733999933,9,0.0,-3.1689122,-1.6374593,-5.658995,0.23524648,-0.54346305,2.3953512,-0.08454759
576,TRANSFER,9216.83,C100294,399485.73,390268.9,C100843,237560.14,246776.97,0,698,0,0,1,1,0.910270128941243,0.023071737756440013,0,0.0,-2.9275367,-1.8225812,-5.6584744,-0.4786451,-0.53900033,2.4156675,-0.16548668
576,TRANSFER,5230.9,C100335,109271.79,104040.89,C100666,61116.75,66347.65,0,582,0,1,1,1,0.03615812236748628,0.04787054371489659,0,0.0,-3.154489,-1.6310449,-5.658995,0.23644252,-0.54399574,2.3775933,-0.13000211
576,TRANSFER,8979.16,C101804,321097.29,312118.13,C100593,232256.33,241235.49,0,618,0,0,1,1,0.6291214583811106,0.0279639856194364,0,0.0,-2.9275367,-1.8225812,-5.6584744,-0.4786451,-0.53900033,2.4156675,-0.16548668
576,TRANSFER,1395062.59,C100098,11273.69,0.0,C101633,84736.02,1479798.61,11,-436,0,1,1,1,15.922995354389862,2.0,1012,30.4,0.33457372,1.3248549,1.777213,0.19965294,-1.0504429,-4.4034505,0.9529689
576,TRANSFER,3460.91,C101760,57933.68,54472.77,C101723,294629.41,298090.32,0,620,0,0,1,1,0.05377383099520862,0.05973917072072756,0,0.0,-2.9275367,-1.8225812,-5.6584744,-0.4786451,-0.53900033,2.4156675,-0.16548668
576,TRANSFER,30920.48,C100771,197215.05,166294.57,C101759,11567.19,42487.68,0,683,0,1,1,1,0.6241268242246788,0.15678560028760483,0,0.0,-3.154489,-1.6310449,-5.658995,0.23644252,-0.54399574,2.3775933,-0.13000211
576,TRANSFER,27562.79,C100011,832858.81,805296.02,C101859,158541.79,186104.59,0,604,0,2,1,1,0.3912258145925498,0.033094192759994936,0,0.0,-3.1631603,-1.496302,-5.413605,-0.23514885,-0.57324165,2.6896653,-0.11812753
576,TRANSFER,1487416.55,C101568,177855.78,0.0,MULE720217,0.0,1487416.55,3,-108,1,5,0,1,19.51142029787717,2.0,684,100.0,1.3052094,0.19995742,2.0511675,-0.120872006,3.6924226,3.880412,0.6082652
577,TRANSFER,25464.19,C101652,274822.08,249357.9,C100645,81821.41,107285.6,1,707,0,1,1,1,0.27414625881691135,0.09265700194103763,0,0.0,-3.154489,-1.6310449,-5.658995,0.23644252,-0.54399574,2.3775933,-0.13000211
577,TRANSFER,1894.64,C100739,524649.19,522754.55,C101140,78661.19,80555.82,1,682,0,1,1,1,0.035926655118440017,0.0036112511676611955,0,0.0,-3.154489,-1.6310449,-5.658995,0.23644252,-0.54399574,2.3775933,-0.13000211
577,TRANSFER,36906.16,C100514,114518.08,77611.93,C101398,10615.91,47522.06,1,719,0,0,1,1,1.2054856447030526,0.32227365320829693,0,0.0,-2.9275367,-1.8225812,-5.6584744,-0.4786451,-0.53900033,2.4156675,-0.16548668
577,TRANSFER,1440.88,C101171,225558.32,224117.44,C101149,131528.54,132969.42,1,567,0,3,1,1,0.8389922784684827,0.006388059637968575,10,0.0,-3.154463,-1.527876,-5.402201,-0.1666006,-0.6284218,2.681491,-0.070136845
577,TRANSFER,18252.82,C101105,104150.26,85897.44,C101868,144069.58,162322.4,1,620,0,3,1,1,0.7045943896912868,0.1752546753123804,0,0.0,-3.1400402,-1.5210825,-5.402201,-0.16540456,-0.62895447,2.664112,-0.116349414
577,TRANSFER,3773.8,C100540,175657.15,171883.36,C100807,9910.22,13684.02,1,713,0,1,1,1,1.599632005797299,0.021483896328729005,0,0.0,-3.154489,-1.6310449,-5.658995,0.23644252,-0.54399574,2.3775933,-0.13000211
577,TRANSFER,14390.9,C100750,157912.32,143521.42,C101207,145007.31,159398.21,1,592,0,0,1,1,0.9488356391762195,0.09113221818284982,0,0.0,-2.9275367,-1.8225812,-5.6584744,-0.4786451,-0.53900033,2.4156675,-0.16548668
577,TRANSFER,601.76,C101214,334493.41,333891.65,C100340,582657.36,583259.12,1,695,0,2,1,1,0.012356189631472015,0.0017990190001052637,0,0.0,-3.1631603,-1.496302,-5.413605,-0.23514885,-0.57324165,2.6896653,-0.11812753
577,TRANSFER,1029397.63,C100300,54815.78,0.0,C100411,653967.61,1683365.25,15,144,0,2,1,1,8.61452792524053,2.0,433,1.4,-0.72328603,-0.5375017,1.8417126,-0.9370501,-1.2899978,-2.4350886,-0.21294744
577,TRANSFER,2013.68,C100503,176547.3,174533.62,C101151,33163.42,35177.11,1,658,0,0,1,1,0.6877717251201808,0.011405895190693939,0,0.0,-2.9275367,-1.8225812,-5.6584744,-0.4786451,-0.53900033,2.4156675,-0.16548668
577,TRANSFER,1489535.54,C100716,113314.3,0.0,C100819,271524.91,1761060.45,10,237,0,2,1,1,17.118987873206716,2.0,340,5.9,0.022798784,0.50835407,1.778608,-0.8270269,-1.1997516,-3.0272129,-0.06036293
578,TRANSFER,12016.82,C101759,14420.19,2403.36,C100556,7950.2,19967.02,2,564,0,1,1,1,0.12652118810851254,0.833332986597264,14,0.0,-3.2119353,-1.6626129,-5.658995,0.23524648,-0.54346305,2.3258073,-0.08378953
578,TRANSFER,2340.44,C100462,81999.39,79658.95,C100029,55620.12,57960.56,2,586,0,2,1,1,0.8445545045715549,0.028542163545362962,0,0.0,-3.2061844,-1.5210766,-5.413605,-0.23514885,-0.57324165,2.6205006,-0.11812753
578,TRANSFER,1144115.27,C101618,149917.98,0.0,C101749,469402.7,1613517.97,19,578,0,0,1,1,19.650110842027185,2.0,0,0.2,-0.45826882,-0.9394,1.7574463,-0.1669307,-1.1935211,-5.1189513,-0.12344882
578,TRANSFER,24835.75,C101618,149917.98,125082.23,C101550,40488.99,65324.74,2,578,0,0,1,1,0.4265525101722282,0.16566225078539612,0,0.0,-2.9705603,-1.8473557,-5.6584744,-0.4786451,-0.53900033,2.3465033,-0.16548668
578,TRANSFER,56425.9,C101439,994519.88,938093.97,C101941,68513.86,124939.76,2,647,0,0,1,1,1.2825075241703636,0.05673682460726678,0,0.0,-2.9705603,-1.8473557,-5.6584744,-0.4786451,-0.53900033,2.3465033,-0.16548668
578,TRANSFER,7116.31,C101213,28847.68,21731.37,C101793,234835.85,241952.16,2,692,0,1,1,1,1.1273057594429658,0.24668569534881143,0,0.0,-3.1975121,-1.6558194,-5.658995,0.23644252,-0.54399574,2.3084285,-0.13000211
578,TRANSFER,1106998.23,C101412,115299.85,0.0,C100681,75666.03,1182664.26,15,191,0,0,1,1,17.31340494041398,2.0,387,5.5,-0.8367911,0.67707396,1.8810418,-0.29907194,-1.196936,-2.9212353,-0.18096894
578,TRANSFER,6502.72,C101331,94692.01,88189.29,C101031,196070.78,202573.51,2,637,0,0,1,1,1.520293425026452,0.06867231987154988,0,0.0,-2.9705603,-1.8473557,-5.6584744,-0.4786451,-0.53900033,2.3465033,-0.16548668
579,TRANSFER,10035.98,C101448,51742.83,41706.85,C100632,92334.94,102370.92,3,719,0,2,1,1,0.13967265803458329,0.1939588538160746,0,0.0,-3.2061844,-1.5210766,-5.413605,-0.23514885,-0.57324165,2.6205006,-0.11812753
579,TRANSFER,7461.73,C100897,108482.18,101020.45,C101500,73700.61,81162.34,3,707,0,1,1,1,0.13366274119189703,0.0687830019640092,0,0.0,-3.1975121,-1.6558194,-5.658995,0.23644252,-0.54399574,2.3084285,-0.13000211
579,TRANSFER,4949.74,C101961,493020.13,488070.39,C100211,319816.42,324766.15,3,700,0,0,1,1,0.09188374633490824,0.010039630633337425,0,0.0,-2.9705603,-1.8473557,-5.6584744,-0.4786451,-0.53900033,2.3465033,-0.16548668
579,TRANSFER,1171097.78,C100447,56971.24,0.0,C100180,1258425.74,2429523.52,11,461,0,2,1,1,19.350554370119056,2.0,118,0.1,-1.0179213,-0.4724346,1.6780032,-1.0990587,-1.4686,-4.499788,-0.06826316
579,TRANSFER,24594.19,C100029,55620.12,31025.93,C100062,136958.74,161552.94,3,616,0,0,1,1,0.4528671020246967,0.4421815343080885,0,0.0,-2.9705603,-1.8473557,-5.6584744,-0.4786451,-0.53900033,2.3465033,-0.16548668
579,TRANSFER,13854.2,C100429,878935.03,865080.84,C101918,128752.9,142607.09,3,646,0,0,1,1,0.7625950929611303,0.015762484742472944,0,0.0,-2.9705603,-1.8473557,-5.6584744,-0.4786451,-0.53900033,2.3465033,-0.16548668
579,TRANSFER,1734874.22,C100142,2532663.64,797789.41,C101730,36375.69,1771249.91,2,-461,1,0,1,1,5.15893120831889,0.6849998525662886,1040,5.9,3.3758957,-1.5794896,-6.255539,-0.3881889,-0.46085498,2.2961085,0.20590702
579,TRANSFER,13247.08,C100525,223881.24,210634.16,C101959,36510.3,49757.38,3,661,0,0,1,1,1.5742619488003577,0.059170120730079934,0,0.0,-2.9705603,-1.8473557,-5.6584744,-0.4786451,-0.53900033,2.3465033,-0.16548668
579,TRANSFER,15820.68,C101383,44236.64,28415.96,C101901,218607.1,234427.79,3,558,0,0,1,1,0.28554684067999825,0.35763746975357985,21,0.0,-2.991261,-1.9152229,-5.6584744,-0.47670233,-0.53846765,2.3849165,-0.0760963
579,TRANSFER,57960.46,C100190,235936.51,177976.06,C100919,294956.41,352916.87,3,656,0,1,1,1,0.740250972300255,0.24566125861571825,0,0.0,-3.1975121,-1.6558194,-5.658995,0.23644252,-0.54399574,2.3084285,-0.13000211
579,TRANSFER,5693.14,C100672,56542.26,50849.11,C101086,24487.55,30180.69,3,673,0,1,1,1,0.0675182827079304,0.10068822859220697,0,0.0,-3.1975121,-1.6558194,-5.658995,0.23644252,-0.54399574,2.3084285,-0.13000211
579,TRANSFER,23166.37,C100186,85291.81,62125.44,C100090,124757.21,147923.58,3,616,0,0,1,1,1.417840207974321,0.2716130657797038,0,0.0,-2.9705603,-1.8473557,-5.6584744,-0.4786451,-0.53900033,2.3465033,-0.16548668
580,TRANSFER,76118.72,C100642,91342.46,15223.74,C100935,3686.97,79805.69,4,648,0,0,1,1,0.5697481104307638,0.833333369826037,0,0.0,-3.013765,-1.8913609,-5.6584744,-0.4786451,-0.54374427,2.2253532,-0.16548668
580,TRANSFER,24967.28,C101337,177298.43,152331.16,C101736,54960.83,79928.11,4,624,0,0,1,1,0.2886091290676319,0.14082064911685907,0,0.0,-3.013765,-1.8913609,-5.6584744,-0.4786451,-0.54374427,2.2253532,-0.16548668
580,TRANSFER,9245.59,C101961,493020.13,483774.54,C100025,16878.99,26124.58,4,700,0,1,1,1,0.17162910501896347,0.018752966537086427,0,0.0,-3.2407174,-1.6998246,-5.658995,0.23644252,-0.5487397,2.1872785,-0.13000211
580,TRANSFER,3442.47,C101466,506333.03,502890.56,C100248,92443.66,95886.13,4,687,0,1,1,1,0.9081024016055548,0.0067988256661825905,0,0.0,-3.2407174,-1.6998246,-5.658995,0.23644252,-0.5487397,2.1872785,-0.13000211
580,TRANSFER,24955.48,C101082,130008.15,105052.68,C101898,45991.17,70946.65,4,671,0,1,1,1,0.1901845262575766,0.1919531967803557,0,0.0,-3.2407174,-1.6998246,-5.658995,0.23644252,-0.5487397,2.1872785,-0.13000211
580,TRANSFER,39899.38,C100048,111603.53,71704.16,C100884,98488.78,138388.16,4,674,0,1,1,1,0.7651199427810798,0.3575100178282891,0,0.0,-3.2407174,-1.6998246,-5.658995,0.23644252,-0.5487397,2.1872785,-0.13000211
581,TRANSFER,1253242.27,C100841,367793.56,0.0,C101350,106716.57,1359958.84,11,-361,0,0,1,1,14.55581249539689,2.0,942,1.6,-0.8246452,0.25400457,1.7316248,-0.30719393,-1.1116681,-4.89289,0.99272615
581,TRANSFER,1397.58,C101622,34196.88,32799.3,C100102,0.0,1397.58,14,707,0,0,1,1,0.01170196242608195,0.04086864064791876,0,0.0,-2.3154733,-1.8254687,-4.3030157,-0.5675392,-0.721397,-1.2288578,-0.12701531
581,TRANSFER,3753.57,C101591,497220.01,493466.44,C100948,235916.88,239670.46,5,719,0,0,1,1,1.1346410345048983,0.0075491129168353465,0,0.0,-2.3673913,-1.6530298,-3.7581031,-0.6128197,-0.6993303,-2.6518826,-0.21017267
581,TRANSFER,27584.54,C101008,71362.24,43777.7,C100001,44397.87,71982.41,5,617,0,0,1,1,0.3036969736626789,0.3865425188446999,0,0.0,-2.3673913,-1.6530298,-3.7581031,-0.6128197,-0.6993303,-2.6518826,-0.21017267
581,TRANSFER,6830.17,C101686,23034.25,16204.08,C100627,573459.95,580290.12,5,570,0,0,1,1,0.846460630937552,0.2965223525836526,11,0.0,-2.3880923,-1.6598232,-3.7581031,-0.61087686,-0.6987975,-2.634504,-0.16082121
581,TRANSFER,24045.23,C101773,190100.29,166055.06,C101486,237872.54,261917.77,5,611,0,2,1,1,0.23964078321680057,0.1264870769003035,0,0.0,-2.5982978,-1.2960657,-3.47151,-0.35090783,-0.76111835,-2.3594697,-0.14507683
581,TRANSFER,4985.62,C101622,34196.88,29211.26,C100102,0.0,4985.62,14,707,0,0,1,1,0.041744685750170075,0.14579166286515027,0,0.0,-2.3154733,-1.8254687,-4.3030157,-0.5675392,-0.721397,-1.2288578,-0.12701531
581,TRANSFER,5364.02,C101404,16013.22,10649.2,C100026,194499.34,199863.36,5,719,0,2,1,1,0.741373405758969,0.33497447733809943,0,0.0,-2.5982978,-1.2960657,-3.47151,-0.35090783,-0.76111835,-2.3594697,-0.14507683
581,TRANSFER,85836.68,C101773,190100.29,104263.61,C100408,5729.4,91566.08,5,611,0,2,1,1,0.8554698467816645,0.45153366152150526,0,0.0,-2.5982978,-1.2960657,-3.47151,-0.35090783,-0.76111835,-2.3594697,-0.14507683
581,TRANSFER,918.36,C100950,24255.26,23336.9,C101966,29919.7,30838.05,5,624,0,1,1,1,0.42201550591154674,0.03786230285719469,0,0.0,-2.5943441,-1.4646981,-3.7594745,0.19323318,-0.7246261,-2.5989926,-0.15695137
582,TRANSFER,8310.76,C101639,19628.27,11317.51,C100531,189214.08,197524.84,6,648,0,0,1,1,0.8039899795828438,0.42340766659517115,0,0.0,-2.3673913,-1.6530298,-3.7581031,-0.6128197,-0.6993303,-2.6518826,-0.21017267
582,TRANSFER,9427.43,C100525,223881.24,214453.81,C100227,197825.06,207252.49,6,661,0,1,1,1,1.1203408089917897,0.042109066396094644,0,0.0,-2.5943441,-1.4646981,-3.7594745,0.19323318,-0.7246261,-2.5989926,-0.15695137
582,TRANSFER,302852.95,C101616,412467.35,109614.4,C100419,6047.98,308900.94,6,586,0,0,1,1,1.1271122176009156,0.7342470864663592,0,0.0,-2.3673913,-1.6530298,-3.7581031,-0.6128197,-0.6993303,-2.6518826,-0.21017267
582,TRANSFER,72183.44,C100273,293628.89,221445.45,C100606,29988.94,102172.38,6,690,0,0,1,1,0.4515323289997454,0.24583221358089116,0,0.0,-2.3673913,-1.6530298,-3.7581031,-0.6128197,-0.6993303,-2.6518826,-0.21017267
582,TRANSFER,83189.52,C100190,235936.51,152746.99,C101147,86103.07,169292.59,6,656,0,2,1,1,1.0624678110765773,0.3525928225351812,0,0.0,-2.5982978,-1.2960657,-3.47151,-0.35090783,-0.76111835,-2.3594697,-0.14507683
582,TRANSFER,5056.1,C101066,134294.49,129238.39,C100204,361142.34,366198.44,6,561,0,0,1,1,0.1009980813392682,0.03764934808568841,21,0.0,-2.3880923,-1.720897,-3.7581031,-0.61087686,-0.6987975,-2.6134694,-0.12078228
582,TRANSFER,96836.3,C101773,190100.29,93263.99,C100875,6691.59,103527.89,6,611,0,3,1,1,0.9650948140573855,0.5093958562609242,0,0.0,-2.475803,-1.2916518,-3.3898907,0.0047643343,-0.84333175,-2.099094,-0.14329872
582,TRANSFER,3757.78,C101331,94692.01,90934.23,C100777,56581.62,60339.4,6,637,0,1,1,1,0.8785443978359672,0.039684235238010054,0,0.0,-2.5943441,-1.4646981,-3.7594745,0.19323318,-0.7246261,-2.5989926,-0.15695137
582,TRANSFER,48247.39,C100057,57896.87,9649.48,C100744,335512.03,383759.42,6,582,0,0,1,1,0.9511260676885521,0.8333333045465151,0,0.0,-2.3673913,-1.6530298,-3.7581031,-0.6128197,-0.6993303,-2.6518826,-0.21017267
582,TRANSFER,8810.29,C100507,151835.85,143025.56,C100786,100003.7,108814.0,6,570,0,0,1,1,0.11973743030255504,0.05802509749838395,12,0.0,-2.3880923,-1.6598232,-3.7581031,-0.61087686,-0.6987975,-2.634504,-0.16082121
582,TRANSFER,3172.1,C101538,278093.02,274920.92,C100954,7678.63,10850.73,6,642,0,1,1,1,0.6051740297436815,0.011406614952076106,0,0.0,-2.5943441,-1.4646981,-3.7594745,0.19323318,-0.7246261,-2.5989926,-0.15695137
583,TRANSFER,7092.38,C100774,59096.25,52003.87,C101055,25185.1,32277.48,7,578,0,0,1,1,0.5395783450074255,0.12001404488440467,5,0.0,-2.3880923,-1.6530298,-3.7581031,-0.61087686,-0.6987975,-2.634125,-0.16799358
583,TRANSFER,5324.07,C100053,3044740.12,3039416.05,C101529,86284.33,91608.4,7,660,0,1,1,1,0.5164760768989427,0.0017486122920730585,0,0.0,-2.5943441,-1.4646981,-3.7594745,0.19323318,-0.7246261,-2.5989926,-0.15695137
583,TRANSFER,12798.79,C101377,70610.55,57811.77,C101959,36510.3,49309.09,7,617,0,0,1,1,0.25212320613631345,0.18125889119968616,0,0.0,-2.3673913,-1.6530298,-3.7581031,-0.6128197,-0.6993303,-2.6518826,-0.21017267
583,TRANSFER,2072892.51,C101622,34196.88,0.0,C100102,87878.98,2160771.49,14,707,1,4,0,1,17.35636619394003,2.0,0,100.0,4.5376534,1.1974962,1.9896367,-0.1803813,4.555831,-0.4224862,-0.021314451
583,TRANSFER,1087567.85,C101362,127849.56,0.0,C101825,72621.21,1160189.06,11,462,0,3,1,1,23.761934913515802,2.0,121,0.1,-1.0610605,-0.38419223,1.602614,-0.95790803,-1.7401837,-4.416635,-0.058188736
583,TRANSFER,60922.08,C101625,1117417.46,1056495.38,C100362,64684.83,125606.91,7,572,0,1,1,1,1.463694310624418,0.05452042963423894,11,0.0,-2.608767,-1.4714916,-3.7594745,0.19203712,-0.7240934,-2.5816138,-0.110738836
584,TRANSFER,9570.87,C101961,493020.13,483449.26,C100040,298691.83,308262.7,8,700,0,2,1,1,0.1776673908699009,0.01941273675782772,0,0.0,-2.5982978,-1.2960657,-3.47151,-0.35090783,-0.76111835,-2.3594697,-0.14507683
584,TRANSFER,74317.5,C101471,89181.01,14863.5,C101005,56668.53,130986.04,8,608,0,1,1,1,1.673256919392087,0.8333332398904206,0,0.0,-2.5943441,-1.4646981,-3.7594745,0.19323318,-0.7246261,-2.5989926,-0.15695137
584,TRANSFER,15807.93,C100200,51666.13,35858.2,C100094,110581.83,126389.76,8,600,0,0,1,1,0.26223877482457403,0.3059631135523408,0,0.0,-2.3673913,-1.6530298,-3.7581031,-0.6128197,-0.6993303,-2.6518826,-0.21017267
584,TRANSFER,35644.61,C100362,64684.83,29040.21,C100647,53297.06,88941.68,8,569,0,1,1,1,0.3604126766327082,0.5510505322499881,15,0.0,-2.608767,-1.4714916,-3.7594745,0.19203712,-0.7240934,-2.5816138,-0.110738836
584,TRANSFER,14328.98,C101031,196070.78,181741.81,C101918,128752.9,143081.87,8,687,0,0,1,1,0.8748689320383904,0.07308064975311467,0,0.0,-2.3673913,-1.6530298,-3.7581031,-0.6128197,-0.6993303,-2.6518826,-0.21017267
584,TRANSFER,19573.32,C100870,23487.99,3914.66,C100634,387802.46,407375.79,8,712,0,0,1,1,1.1605968713433614,0.8333331204585832,0,0.0,-2.3673913,-1.6530298,-3.7581031,-0.6128197,-0.6993303,-2.6518826,-0.21017267
584,TRANSFER,4355.19,C100071,18246.03,13890.84,C101554,300206.87,304562.07,8,608,0,1,1,1,0.044901788728729505,0.23869247173220695,0,0.0,-2.5943441,-1.4646981,-3.7594745,0.19323318,-0.7246261,-2.5989926,-0.15695137
584,TRANSFER,78368.76,C100330,94042.52,15673.75,C100921,129203.93,207572.69,8,631,0,0,1,1,0.8565221823357534,0.8333332624434138,0,0.0,-2.3673913,-1.6530298,-3.7581031,-0.6128197,-0.6993303,-2.6518826,-0.21017267
584,TRANSFER,14585.35,C100934,39884.25,25298.9,C100033,61310.32,75895.66,8,716,0,0,1,1,0.951436215325178,0.3656919711414907,0,0.0,-2.3673913,-1.6530298,-3.7581031,-0.6128197,-0.6993303,-2.6518826,-0.21017267
584,TRANSFER,8967.32,C101404,16013.22,7045.89,C100759,281073.25,290040.58,8,719,0,2,1,1,1.239393695200711,0.5599948042929529,0,0.0,-2.5982978,-1.2960657,-3.47151,-0.35090783,-0.76111835,-2.3594697,-0.14507683
584,TRANSFER,3412.29,C101574,47570.07,44157.78,C100152,35735.76,39148.05,8,629,0,1,1,1,0.06802651828196855,0.07173186837858342,0,0.0,-2.5943441,-1.4646981,-3.7594745,0.19323318,-0.7246261,-2.5989926,-0.15695137
584,TRANSFER,77088.57,C100837,130197.36,53108.79,C101582,108460.37,185548.95,8,570,0,2,1,1,0.7018724190572481,0.5920901161129535,14,0.0,-2.6127212,-1.3028592,-3.47151,-0.35210386,-0.7605856,-2.3420908,-0.098864265
585,TRANSFER,5483.3,C100672,56542.26,51058.96,C101200,49592.57,55075.87,9,673,0,1,1,1,0.06502966720867477,0.09697702214237634,0,0.0,-2.5943441,-1.4526827,-3.7594745,0.19323318,-0.7246261,-2.6110082,-0.15695137
585,TRANSFER,1358.87,C101281,248283.0,246924.14,C100741,214719.74,216078.61,9,609,0,0,1,1,0.884410138978271,0.005473069038154041,0,0.0,-2.3673913,-1.6410142,-3.7581031,-0.6128197,-0.6993303,-2.6638985,-0.21017267
585,TRANSFER,15933.61,C100454,60316.39,44382.78,C101814,391793.75,407727.35,9,605,0,0,1,1,1.2794031447076188,0.26416716915584637,0,0.0,-2.3673913,-1.6410142,-3.7581031,-0.6128197,-0.6993303,-2.6638985,-0.21017267
585,TRANSFER,1771.72,C100340,582657.36,580885.64,C100080,160928.7,162700.41,9,633,0,0,1,1,1.0940034566586991,0.0030407579507791683,0,0.0,-2.3673913,-1.6410142,-3.7581031,-0.6128197,-0.6993303,-2.6638985,-0.21017267
585,TRANSFER,18434.83,C101659,99227.37,80792.54,C101106,245247.61,263682.44,9,573,0,0,1,1,1.2814436809750676,0.1857837207617213,12,0.0,-2.3880923,-1.6478076,-3.7581031,-0.61087686,-0.6987975,-2.6465197,-0.16082121
586,TRANSFER,24921.28,C101622,34196.88,9275.6,C101710,173605.44,198526.72,10,707,0,5,1,1,0.20866632476843372,0.7287588809271489,0,0.0,-2.6716356,-1.2337812,-3.4894824,0.061654318,-0.84869117,-1.8412664,-0.14329872
586,TRANSFER,13770.26,C101806,36384.08,22613.82,C101857,99947.73,113717.99,10,670,0,1,1,1,0.24335374033958557,0.3784693745176462,0,0.0,-2.7867017,-1.4412465,-3.890957,0.19856392,-0.7349593,-2.2936003,-0.15695137
586,TRANSFER,9473.89,C100471,58695.64,49221.76,C100023,90784.28,100258.17,10,622,0,0,1,1,1.0203469039147264,0.16140704829183222,0,0.0,-2.559749,-1.6295782,-3.8895862,-0.60748893,-0.70966333,-2.3464909,-0.21017267
586,TRANSFER,1015469.56,C100666,61116.75,0.0,C101499,201516.84,1216986.41,14,194,0,0,1,1,10.27793987197796,2.0,392,3.8,-0.42580712,-1.0936627,1.8854305,-0.24871022,-1.0874045,-2.162042,-0.1447664
586,TRANSFER,6951.49,C100153,27154.91,20203.42,C101109,37213.66,44165.15,10,673,0,1,1,1,0.07458551259539746,0.25599385157233073,0,0.0,-2.7867017,-1.4412465,-3.890957,0.19856392,-0.7349593,-2.2936003,-0.15695137
586,TRANSFER,199297.11,C101616,412467.35,213170.24,C100310,266116.32,465413.43,10,586,0,1,1,1,0.7417137842426617,0.48318275373796254,0,0.0,-2.7867017,-1.4412465,-3.890957,0.19856392,-0.7349593,-2.2936003,-0.15695137
586,TRANSFER,8221.95,C101941,68513.86,60291.9,C101300,191052.68,199274.64,10,624,0,1,1,1,0.10155797356438026,0.12000418601433346,0,0.0,-2.7867017,-1.4412465,-3.890957,0.19856392,-0.7349593,-2.2936003,-0.15695137
586,TRANSFER,8021.97,C101688,2307746.1,2299724.13,C100905,103716.45,111738.42,10,699,0,0,1,1,0.6589651173466183,0.0034761059719697934,0,0.0,-2.559749,-1.6295782,-3.8895862,-0.60748893,-0.70966333,-2.3464909,-0.21017267
586,TRANSFER,6282.07,C100182,10562.0,4279.94,C101440,1065241.79,1071523.85,10,682,0,0,1,1,0.09053431548472267,0.5947803446316985,0,0.0,-2.559749,-1.6295782,-3.8895862,-0.60748893,-0.70966333,-2.3464909,-0.21017267
586,TRANSFER,25338.27,C101652,274822.08,249483.81,C100747,56171.33,81509.6,10,707,0,1,1,1,0.2727906100839171,0.09219881459306326,0,0.0,-2.7867017,-1.4412465,-3.890957,0.19856392,-0.7349593,-2.2936003,-0.15695137
586,TRANSFER,3773.57,C101619,71779.3,68005.73,C101733,62959.44,66733.01,10,571,0,0,1,1,0.6298326023706745,0.05257184174267512,15,0.0,-2.5804498,-1.6363716,-3.8895862,-0.6055461,-0.7091306,-2.329112,-0.16082121
587,TRANSFER,10298.11,C101958,46409.78,36111.67,C100298,53697.37,63995.48,11,649,0,0,1,1,0.24568518706873446,0.22189525569826016,0,0.0,-2.3507016,-1.4610878,-3.8880417,-0.61479807,-0.71769863,-2.7883985,-0.18055879
587,TRANSFER,51678.76,C100838,414823.07,363144.32,C101941,68513.86,120192.61,11,688,0,0,1,1,0.6272287022598232,0.12458024574187737,0,0.0,-2.3507016,-1.4610878,-3.8880417,-0.61479807,-0.71769863,-2.7883985,-0.18055879
587,TRANSFER,3216.27,C100384,224323.73,221107.45,C101049,544853.03,548069.3,11,602,0,0,1,1,1.1417845275624094,0.01433762714270131,0,0.0,-2.3507016,-1.4610878,-3.8880417,-0.61479807,-0.71769863,-2.7883985,-0.18055879
587,TRANSFER,1437.45,C100390,9386.1,7948.66,C101343,252345.36,253782.8,11,601,0,0,1,1,0.03820648353331039,0.1531466743375843,0,0.0,-2.3507016,-1.4610878,-3.8880417,-0.61479807,-0.71769863,-2.7883985,-0.18055879
587,TRANSFER,8762.04,C101450,14800.66,6038.62,C101512,46595.12,55357.16,11,601,0,0,1,1,0.06311309420790598,0.5920033295812485,0,0.0,-2.3507016,-1.4610878,-3.8880417,-0.61479807,-0.71769863,-2.7883985,-0.18055879
587,TRANSFER,29389.18,C101838,67345.56,37956.38,C101188,64294.79,93683.97,11,680,0,0,1,1,0.3048061790626479,0.43639372810917304,0,0.0,-2.3507016,-1.4610878,-3.8880417,-0.61479807,-0.71769863,-2.7883985,-0.18055879
587,TRANSFER,1218021.76,C101243,134577.49,0.0,C101223,10797.34,1228819.11,9,-264,0,1,1,1,15.575658442909976,2.0,851,2.9,-1.1265857,1.351415,1.625411,0.16698165,-1.099239,-5.049983,0.5807301
587,TRANSFER,19441.87,C101275,25377.45,5935.58,C100353,125124.88,144566.75,11,617,0,0,1,1,1.4321303541851296,0.7661080999075951,0,0.0,-2.3507016,-1.4610878,-3.8880417,-0.61479807,-0.71769863,-2.7883985,-0.18055879
587,TRANSFER,6912.07,C100207,166906.13,159994.06,C100958,123160.05,130072.12,11,579,0,0,1,1,1.488387878451468,0.04141291874660325,8,0.0,-2.3714025,-1.4675022,-3.8880417,-0.6128553,-0.7171659,-2.7914965,-0.15282118
587,TRANSFER,3795.89,C101535,19873.36,16077.46,C100881,288531.2,292327.09,11,581,0,0,1,1,0.7743107419860036,0.19100393692863207,6,0.0,-2.3714025,-1.4610878,-3.8880417,-0.6128553,-0.7171659,-2.7914965,-0.15923546
588,TRANSFER,12700.05,C100200,51666.13,38966.08,C100403,42741.74,55441.8,12,600,0,1,1,1,0.2106819521727912,0.24580997260681223,0,0.0,-2.5863402,-1.2650838,-3.8894126,0.24856035,-0.7431547,-2.7366734,-0.1278737
588,TRANSFER,13085.81,C100699,35088.24,22002.42,C100819,271524.91,284610.72,12,612,0,1,1,1,1.1350086284485241,0.3729400505696496,0,0.0,-2.5863402,-1.2650838,-3.8894126,0.24856035,-0.7431547,-2.7366734,-0.1278737
588,TRANSFER,36149.3,C101911,1806564.41,1770415.11,C100098,11273.69,47422.99,12,695,0,0,1,1,0.38518820457660247,0.020009970195305687,0,0.0,-2.3502975,-1.4680284,-3.8880417,-0.65513396,-0.71785885,-2.8872056,-0.18109499
588,TRANSFER,2143.98,C100340,582657.36,580513.38,C101429,255507.97,257651.95,12,633,0,1,1,1,1.3238669377819958,0.0036796583158239006,0,0.0,-2.5863402,-1.2650838,-3.8894126,0.24856035,-0.7431547,-2.7366734,-0.1278737
588,TRANSFER,17706.67,C100186,85291.81,67585.14,C100638,219070.91,236777.58,12,616,0,1,1,1,1.0836928131309596,0.2076010580617295,0,0.0,-2.5863402,-1.2650838,-3.8894126,0.24856035,-0.7431547,-2.7366734,-0.1278737
588,TRANSFER,8344.42,C101649,105027.98,96683.55,C101953,60519.63,68864.06,12,622,0,0,1,1,0.05034796262328246,0.07944949526783245,0,0.0,-2.3502975,-1.4680284,-3.8880417,-0.65513396,-0.71785885,-2.8872056,-0.18109499
589,TRANSFER,430.09,C100504,425606.39,425176.29,C101747,290686.2,291116.29,13,710,0,0,1,1,0.004762474030016176,0.0010105346397642197,0,0.0,-2.3502975,-1.4680284,-3.8880417,-0.65513396,-0.7234573,-2.881607,-0.18109499
589,TRANSFER,1394897.65,C101680,46170.44,0.0,C101497,360475.33,1755372.97,11,90,0,0,1,1,28.17281714629341,2.0,499,0.8,-0.029454304,-0.6656304,1.7455621,-0.5190081,-1.1846576,-4.0674944,-0.13224453
589,TRANSFER,14922.87,C100750,157912.32,142989.46,C100631,30227.64,45150.5,13,592,0,1,1,1,0.9839100330621178,0.09450098637015782,0,0.0,-2.5863402,-1.2650838,-3.8894126,0.24856035,-0.74875313,-2.7310748,-0.1278737
589,TRANSFER,7144.15,C101321,67793.07,60648.92,C100697,117566.14,124710.29,13,627,0,0,1,1,0.9481062553080573,0.10538171526971708,0,0.0,-2.3502975,-1.4680284,-3.8880417,-0.65513396,-0.7234573,-2.881607,-0.18109499
590,TRANSFER,22392.03,C101618,149917.98,127525.94,C101736,54960.83,77352.87,14,578,0,2,1,1,0.3845817663791848,0.14936187107110166,12,0.0,-2.5747085,-1.461845,-3.986817,-0.504744,-0.8062505,-1.1372612,-0.03598249
590,TRANSFER,14379.93,C101174,250739.35,236359.42,C101603,567959.26,582339.19,14,645,0,0,1,1,0.9933251800433377,0.05735011277647485,0,0.0,-2.3154733,-1.8254687,-4.3030157,-0.5675392,-0.721397,-1.2288578,-0.12701531
590,TRANSFER,1448872.53,C101226,32942.16,0.0,C100353,125124.88,1573997.4,19,111,0,0,1,1,16.28415076876193,2.0,479,0.8,-0.13491672,0.19321519,1.8247737,-0.21923733,-0.9880995,-5.0495296,-0.45088634
590,TRANSFER,10940.62,C100024,19927.0,8986.38,C101986,25622.7,36563.32,14,673,0,0,1,1,1.2040551272958162,0.5490349776684901,0,0.0,-2.3154733,-1.8254687,-4.3030157,-0.5675392,-0.721397,-1.2288578,-0.12701531
590,TRANSFER,3320.21,C100858,65675.02,62354.81,C100738,1885855.89,1889176.1,14,631,0,0,1,1,1.523688844715533,0.050555142579324676,0,0.0,-2.3154733,-1.8254687,-4.3030157,-0.5675392,-0.721397,-1.2288578,-0.12701531
590,TRANSFER,40406.65,C101280,799983.39,759576.74,C100368,34206.14,74612.79,14,579,0,0,1,1,0.386066711330625,0.050509361200611926,11,0.0,-2.336174,-1.8334223,-4.3030157,-0.56559646,-0.72086424,-1.2317544,-0.09793948
590,TRANSFER,7374.24,C100850,81948.28,74574.04,C101771,19679.27,27053.52,14,695,0,0,1,1,0.7164958720726305,0.08998651344482153,0,0.0,-2.3154733,-1.8254687,-4.3030157,-0.5675392,-0.721397,-1.2288578,-0.12701531
590,TRANSFER,20610.57,C100011,832858.81,812248.24,C100809,18934.63,39545.21,14,604,0,1,1,1,0.2925461115317705,0.024746775506883333,0,0.0,-2.5515163,-1.6225241,-4.3043866,0.33615515,-0.74669296,-1.0783259,-0.07379407
590,TRANSFER,27460.16,C101398,32952.19,5492.03,C100717,119886.8,147346.96,14,636,0,0,1,1,0.39475975777038363,0.833333383911661,0,0.0,-2.3154733,-1.8254687,-4.3030157,-0.5675392,-0.721397,-1.2288578,-0.12701531
591,TRANSFER,37864.14,C100938,60991.76,23127.62,C101561,113101.92,150966.06,15,568,0,0,1,1,0.3301344158400975,0.6208074664512059,23,0.0,-2.322964,-1.680138,-4.3030157,-0.5765039,-0.73462504,-1.5793239,-0.041778214
591,TRANSFER,1923.22,C101310,53776.77,51853.55,C100376,180833.79,182757.0,15,620,0,0,1,1,0.48876639359364854,0.03576302555917732,0,0.0,-2.3022633,-1.6976554,-4.3030157,-0.5784466,-0.73515767,-1.5700923,-0.1342198
591,TRANSFER,12347.4,C101156,2436604.56,2424257.17,C101362,127849.56,140196.96,15,711,0,0,1,1,0.923029878166061,0.0050674615826870155,0,0.0,-2.3022633,-1.6976554,-4.3030157,-0.5784466,-0.73515767,-1.5700923,-0.1342198
591,TRANSFER,43694.49,C101135,52433.39,8738.9,C100569,173378.58,217073.07,15,618,0,0,1,1,0.9573081529739101,0.8333333015469723,0,0.0,-2.3022633,-1.6976554,-4.3030157,-0.5784466,-0.73515767,-1.5700923,-0.1342198
591,TRANSFER,406.79,C101024,80459.43,80052.64,C100316,69846.65,70253.45,15,643,0,0,1,1,0.23062000621557535,0.005055839943186275,0,0.0,-2.3022633,-1.6976554,-4.3030157,-0.5784466,-0.73515767,-1.5700923,-0.1342198
591,TRANSFER,7139.09,C100486,112254.74,105115.65,C100375,5286.44,12425.53,15,664,0,0,1,1,1.1113974428477156,0.06359722538219767,0,0.0,-2.3022633,-1.6976554,-4.3030157,-0.5784466,-0.73515767,-1.5700923,-0.1342198
592,TRANSFER,74500.14,C100381,254844.47,180344.33,C100408,5729.4,80229.53,16,593,0,1,1,1,0.6524602829780614,0.2923357136217239,0,0.0,-2.6360533,-1.6033297,-4.407063,0.29044488,-0.70494294,-0.051854037,-0.073058784
592,TRANSFER,7154.14,C100536,34947.02,27792.88,C100870,10804.77,17958.91,16,635,0,0,1,1,0.08194848694984916,0.20471387832210017,0,0.0,-2.4084365,-1.8530564,-4.405692,-0.42836732,-0.6958916,-0.017503984,-0.10854335
592,TRANSFER,10938.84,C100053,3044740.12,3033801.27,C101824,66511.86,77450.71,16,660,0,1,1,1,1.0611523081073746,0.003592700712992214,0,0.0,-2.6360533,-1.6033297,-4.407063,0.29044488,-0.70494294,-0.051854037,-0.073058784
592,TRANSFER,1690.19,C101026,238680.24,236990.05,C101441,104382.34,106072.53,16,591,0,0,1,1,0.025045509486677376,0.007081398946138148,1,0.0,-2.4291375,-1.8530564,-4.405692,-0.4264245,-0.695359,-0.017503984,-0.090317965
592,TRANSFER,5173.69,C100071,18246.03,13072.34,C101864,12595.44,17769.13,16,608,0,2,1,1,0.05334048235046934,0.28355154518544584,0,0.0,-2.6832945,-1.4346969,-4.0894923,-0.64429116,-0.7734308,-0.20292611,-0.06005444
592,TRANSFER,19965.15,C100979,1559065.07,1539099.92,C100600,51403.45,71368.6,16,697,0,1,1,1,0.9677309950157548,0.012805847802106168,0,0.0,-2.6360533,-1.6033297,-4.407063,0.29044488,-0.70494294,-0.051854037,-0.073058784
593,TRANSFER,4282.32,C100021,38254.5,33972.18,C101448,51742.83,56025.15,17,607,0,0,1,1,0.06015901522391104,0.1119429086774105,0,0.0,-2.4048355,-1.5622406,-4.014444,-0.41962254,-0.65570605,-3.0350525,-0.120689884
593,TRANSFER,938.79,C101381,145781.13,144842.34,C100527,63215.12,64153.91,17,679,0,0,1,1,0.025748727511207166,0.006439722342665336,0,0.0,-2.4048355,-1.5622406,-4.014444,-0.41962254,-0.65570605,-3.0350525,-0.120689884
593,TRANSFER,55584.58,C100996,66701.49,11116.92,C100366,378237.13,433821.7,17,684,0,0,1,1,0.5690324079904739,0.8333334082941775,0,0.0,-2.4048355,-1.5622406,-4.014444,-0.41962254,-0.65570605,-3.0350525,-0.120689884
593,TRANSFER,12413.48,C101970,15116.68,2703.2,C101711,220100.03,232513.51,17,615,0,0,1,1,0.06246838469717198,0.8211776659954434,0,0.0,-2.4048355,-1.5622406,-4.014444,-0.41962254,-0.65570605,-3.0350525,-0.120689884
594,TRANSFER,12668.92,C101808,87672.56,75003.64,C101625,1117417.46,1130086.38,18,716,0,0,1,1,0.876826875760651,0.14450268134066122,0,0.0,-2.412985,-1.5622406,-4.014444,-0.41750395,-0.65570605,-3.0290215,-0.120689884
594,TRANSFER,1568.64,C100408,5729.4,4160.76,C101228,206633.58,208202.21,18,716,0,1,1,1,0.038178358807663314,0.27378783118651173,0,0.0,-2.6337564,-1.3125136,-4.015815,0.2978854,-0.6647574,-3.0667942,-0.08520533
594,TRANSFER,1475.6,C100538,206349.82,204874.22,C101871,28805.51,30281.1,18,588,0,0,1,1,0.012230194641525378,0.007150963349519762,6,0.0,-2.433686,-1.5622406,-4.014444,-0.4155612,-0.65517336,-3.0321195,-0.09936658
594,TRANSFER,2354.14,C100858,65675.02,63320.88,C101133,46708.29,49062.43,18,631,0,1,1,1,1.0803463807706815,0.03584528790398541,0,0.0,-2.6337564,-1.3125136,-4.015815,0.2978854,-0.6647574,-3.0667942,-0.08520533
595,TRANSFER,77370.46,C101239,92844.56,15474.09,C100240,431598.42,508968.89,19,599,0,0,1,1,1.3076675593588356,0.8333332615287316,0,0.0,-2.412985,-1.5622406,-4.014444,-0.41750395,-0.65570605,-3.0290215,-0.120689884
595,TRANSFER,2450.66,C101760,57933.68,55483.02,C101961,493020.13,495470.79,19,620,0,1,1,1,0.038077088588468914,0.04230112777230792,0,0.0,-2.6337564,-1.3125136,-4.015815,0.2978854,-0.6647574,-3.0667942,-0.08520533
595,TRANSFER,6838.13,C101609,94212.48,87374.35,C100966,535998.94,542837.07,19,584,0,1,1,1,0.7579495991459988,0.07258199762918884,11,0.0,-2.6481798,-1.3204675,-4.015815,0.29668936,-0.6642246,-3.069691,-0.059268337
595,TRANSFER,4491.3,C101908,28318.74,23827.44,C101992,68466.06,72957.35,19,679,0,1,1,1,0.08490919290035165,0.15859815796889268,0,0.0,-2.6337564,-1.3125136,-4.015815,0.2978854,-0.6647574,-3.0667942,-0.08520533
595,TRANSFER,45776.74,C101914,54932.09,9155.35,C101061,125377.65,171154.39,19,589,0,0,1,1,0.9336759591193431,0.8333333029928408,6,0.0,-2.433686,-1.5622406,-4.014444,-0.4155612,-0.65517336,-3.0321195,-0.09936658
595,TRANSFER,1826.24,C100858,65675.02,63848.78,C100444,263869.97,265696.21,19,631,0,2,1,1,0.8380859993112769,0.027807224116566692,0,0.0,-2.6809976,-1.1438808,-3.698245,-0.6368506,-0.73324513,-3.2178664,-0.07220097
596,TRANSFER,3868.66,C101399,54545.59,50676.92,C100860,16943.38,20812.05,20,665,0,0,1,1,0.03035665209503005,0.07092525720227795,0,0.0,-2.44557,-1.9975752,-5.029045,-0.41750395,-0.60858834,-1.5936172,-0.120689884
596,TRANSFER,1271022.87,C100615,43705.31,0.0,C101851,40521.33,1311544.2,19,410,0,5,1,1,20.9032950548973,2.0,186,0.0,-0.9099877,-0.86450607,1.6265602,-1.438433,-1.6201853,-5.669943,-0.02815105
596,TRANSFER,54525.36,C100991,695844.58,641319.22,C100551,86692.27,141217.62,20,577,0,0,1,1,0.5785373117448135,0.07835853230329107,19,0.0,-2.466271,-2.005529,-5.029045,-0.4155612,-0.60805565,-1.5965139,-0.09161406
596,TRANSFER,29272.68,C100011,832858.81,803586.13,C100540,175657.15,204929.83,20,604,0,2,1,1,0.4154959667837342,0.03514722981678011,0,0.0,-2.7135828,-1.5792158,-4.712847,-0.6368506,-0.6861274,-1.7824625,-0.07220097
596,TRANSFER,1595.16,C100858,65675.02,64079.87,C101463,18818.64,20413.8,20,631,0,3,1,1,0.7320402918901002,0.02428868693149998,0,0.0,-2.6139798,-1.5831007,-4.6312284,-0.64815307,-0.74706364,-1.889063,-0.07069887
596,TRANSFER,4353.31,C100486,112254.74,107901.43,C100008,411079.1,415432.42,20,664,0,1,1,1,0.6777134903640925,0.038780634118434555,0,0.0,-2.6663413,-1.7478483,-5.0304165,0.2978854,-0.61763954,-1.6313902,-0.08520533
597,TRANSFER,21015.7,C100048,111603.53,90587.84,C101286,19328.72,40344.42,21,674,0,1,1,1,0.40300203114695865,0.1883067677160391,0,0.0,-2.6663413,-1.7478483,-5.0304165,0.2978854,-0.61763954,-1.6313902,-0.08520533
597,TRANSFER,6677.49,C101961,493020.13,486342.64,C100721,464127.99,470805.48,21,700,0,3,1,1,0.1239565709136008,0.013544051436601584,0,0.0,-2.6139798,-1.5831007,-4.6312284,-0.64815307,-0.74706364,-1.889063,-0.07069887
597,TRANSFER,16627.26,C101659,99227.37,82600.11,C100931,280298.65,296925.9,21,573,0,1,1,1,1.155795700797322,0.1675672750371193,24,0.0,-2.6807644,-1.7303307,-5.0304165,0.29668936,-0.61710685,-1.6406221,0.0040974133
597,TRANSFER,13378.88,C100294,399485.73,386106.85,C100085,250819.18,264198.06,21,698,0,1,1,1,1.321321411232432,0.03349025758692307,0,0.0,-2.6663413,-1.7478483,-5.0304165,0.2978854,-0.61763954,-1.6313902,-0.08520533
597,TRANSFER,5298.72,C101310,53776.77,48478.05,C101870,100815.19,106113.91,21,620,0,1,1,1,1.3466146697010937,0.09853176380805319,0,0.0,-2.6663413,-1.7478483,-5.0304165,0.2978854,-0.61763954,-1.6313902,-0.08520533
597,TRANSFER,18573.29,C100186,85291.81,66718.53,C101469,303665.03,322238.32,21,616,0,2,1,1,1.1367321404418291,0.21776170537358747,0,0.0,-2.7135828,-1.5792158,-4.712847,-0.6368506,-0.6861274,-1.7824625,-0.07220097
597,TRANSFER,1218486.71,C101970,15116.68,0.0,MULE558738,0.0,1218486.71,10,615,1,1,1,1,6.131793546102418,2.0,0,1.7,-1.1257093,0.37701875,1.7387282,0.30132815,-1.1671642,-4.0372725,-0.15841581
598,TRANSFER,58854.33,C100760,70625.19,11770.87,C101309,57948.97,116803.29,22,643,0,0,1,1,0.5887457893018005,0.833333404129603,0,0.0,-2.44557,-1.9975752,-5.029045,-0.41750395,-0.60858834,-1.5936172,-0.120689884
598,TRANSFER,2179372.76,C100812,59598.76,0.0,MULE198409,0.0,2179372.76,1,44,1,1,1,1,22.70666119162612,2.0,554,100.0,4.1090946,0.31673354,2.3985837,0.07694419,-0.41423693,4.2035203,-0.33834624
598,TRANSFER,27108.58,C100353,125124.88,98016.3,C100491,42526.37,69634.95,22,717,0,0,1,1,0.2981270845577478,0.21665219579031764,0,0.0,-2.44557,-1.9975752,-5.029045,-0.41750395,-0.60858834,-1.5936172,-0.120689884
598,TRANSFER,7011.55,C101523,14724.62,7713.07,C100928,19525.85,26537.39,22,658,0,0,1,1,0.6801556203198863,0.4761786721830512,0,0.0,-2.44557,-1.9975752,-5.029045,-0.41750395,-0.60858834,-1.5936172,-0.120689884
598,TRANSFER,1848.5,C100340,582657.36,580808.86,C100186,85291.81,87140.31,22,633,0,2,1,1,1.1414136486767692,0.0031725335109471543,0,0.0,-2.7135828,-1.5792158,-4.712847,-0.6368506,-0.6861274,-1.7824625,-0.07220097
598,TRANSFER,5620.36,C100207,166906.13,161285.77,C100322,387822.85,393443.2,22,579,0,1,1,1,1.2102417505224183,0.033673778188973644,19,0.0,-2.6807644,-1.7558022,-5.0304165,0.29668936,-0.61710685,-1.6342871,-0.059268337
598,TRANSFER,9981.65,C101125,192517.05,182535.4,C100828,13396.82,23378.47,22,576,0,0,1,1,0.9415243542132781,0.05184813500934073,22,0.0,-2.466271,-1.9800578,-5.029045,-0.4155612,-0.60805565,-1.6028489,-0.028248306
598,TRANSFER,14443.6,C101936,416514.16,402070.56,C101846,88187.23,102630.83,22,606,0,0,1,1,1.112386396093051,0.03467733245851714,0,0.0,-2.44557,-1.9975752,-5.029045,-0.41750395,-0.60858834,-1.5936172,-0.120689884
598,TRANSFER,1045552.88,C101210,103719.69,0.0,C100764,51513.3,1097066.18,19,584,0,0,1,1,5.263969818178808,2.0,14,0.3,-0.5190437,-1.5237031,1.7923099,-0.35461843,-0.9604212,-4.23574,-0.09161406
599,TRANSFER,4278.65,C101331,94692.01,90413.36,C101301,1171925.85,1176204.5,23,637,0,2,1,1,1.0003203986930742,0.0451849105325782,0,0.0,-2.6111565,-1.3985485,-4.712847,-0.6889008,-0.6550691,2.1970322,-0.04857337
599,TRANSFER,5178.55,C100249,399834.71,394656.16,C101021,598081.93,603260.48,23,690,0,0,1,1,0.12481618280251222,0.012951726977380227,0,0.0,-2.3431442,-1.7738352,-5.029045,-0.35394764,-0.57753015,2.5014837,-0.08444215
599,TRANSFER,1792.67,C101281,248283.0,246490.34,C100733,56680.89,58473.56,23,609,0,1,1,1,1.166745548759026,0.007220268806160712,0,0.1,-2.563915,-1.567181,-5.0304165,0.24583514,-0.58658135,2.3481047,-0.06157772
599,TRANSFER,13523.84,C100222,109446.62,95922.78,C100859,33936.68,47460.51,23,617,0,0,1,1,0.8075033304234048,0.12356562495945513,0,0.0,-2.3431442,-1.7738352,-5.029045,-0.35394764,-0.57753015,2.5014837,-0.08444215
599,TRANSFER,285571.29,C101616,412467.35,126896.06,C100541,161018.42,446589.71,23,586,0,2,1,1,1.06279595412577,0.6923488368230842,13,0.0,-2.6255796,-1.4065022,-4.712847,-0.69009686,-0.65453637,2.1941354,-0.022636358
599,TRANSFER,15153.59,C100202,110079.71,94926.12,C101091,44441.36,59594.96,23,710,0,0,1,1,1.1284030477575104,0.13766015553638358,0,0.0,-2.3431442,-1.7738352,-5.029045,-0.35394764,-0.57753015,2.5014837,-0.08444215
599,TRANSFER,20863.3,C100675,153059.93,132196.63,C100973,48979.88,69843.18,23,600,0,0,1,1,1.0548290241765554,0.13630804613591552,0,0.0,-2.3431442,-1.7738352,-5.029045,-0.35394764,-0.57753015,2.5014837,-0.08444215
599,TRANSFER,5215.8,C101310,53776.77,48560.97,C100594,14330.95,19546.76,23,620,0,2,1,1,1.325541412685887,0.09698983408635366,0,0.0,-2.6111565,-1.3985485,-4.712847,-0.6889008,-0.6550691,2.1970322,-0.04857337
599,TRANSFER,10014.64,C101808,87672.56,77657.92,C101050,326123.19,336137.83,23,716,0,1,1,1,0.6931218685624067,0.11422775837730756,0,0.1,-2.563915,-1.567181,-5.0304165,0.24583514,-0.58658135,2.3481047,-0.06157772
599,TRANSFER,10361.4,C100454,60316.39,49955.0,C100477,127268.78,137630.18,23,605,0,1,1,1,0.8319776713232921,0.1717841535277559,0,0.1,-2.563915,-1.567181,-5.0304165,0.24583514,-0.58658135,2.3481047,-0.06157772
600,TRANSFER,7128.97,C101908,28318.74,21189.77,C100414,373982.23,381111.2,0,679,0,1,1,1,0.13477502925897178,0.25174036697960434,0,0.0,-3.154489,-1.6310449,-5.658995,0.23644252,-0.54399574,2.3775933,-0.13000211
600,TRANSFER,10234.71,C100021,38254.5,28019.78,C100667,71278.37,81513.08,0,607,0,1,1,1,0.14377955750675206,0.26754264204211264,0,0.0,-3.154489,-1.6310449,-5.658995,0.23644252,-0.54399574,2.3775933,-0.13000211
600,TRANSFER,4094.62,C100521,837982.55,833887.93,C100196,79509.48,83604.1,0,588,0,0,1,1,0.8109077712275302,0.004886283133222762,12,0.0,-2.9482374,-1.8293746,-5.6584744,-0.47670233,-0.53846765,2.433046,-0.11613525
600,TRANSFER,1523.85,C100330,33438.61,31914.76,MULE584805,0.0,1523.85,1,631,0,1,1,1,0.016654740071839057,0.04557157130634317,0,0.0,-3.154489,-1.6310449,-5.658995,0.23644252,-0.54399574,2.3775933,-0.13000211
600,TRANSFER,5029.1,C100521,837982.55,832953.45,C101417,306599.94,311629.04,0,588,0,0,1,1,0.9959742960959437,0.006001437619434916,12,0.0,-2.9482374,-1.8293746,-5.6584744,-0.47670233,-0.53846765,2.433046,-0.11613525
600,TRANSFER,27923.11,C100308,464740.69,436817.57,C101843,909414.15,937337.27,0,691,0,0,1,1,1.0781646121998656,0.06008320467915129,0,0.0,-2.9275367,-1.8225812,-5.6584744,-0.4786451,-0.53900033,2.4156675,-0.16548668
600,TRANSFER,1313.43,C100330,33438.61,32125.18,MULE584805,0.0,1313.43,1,631,0,1,1,1,0.014354979330351134,0.03927884562187244,0,0.0,-3.154489,-1.6310449,-5.658995,0.23644252,-0.54399574,2.3775933,-0.13000211
600,TRANSFER,526.35,C100330,33438.61,32912.26,MULE584805,0.0,526.35,1,631,0,1,1,1,0.0057526806685779365,0.01574078587596793,0,0.0,-3.154489,-1.6310449,-5.658995,0.23644252,-0.54399574,2.3775933,-0.13000211
600,TRANSFER,4415.32,C100749,242733.32,238317.99,C101287,357864.39,362279.72,0,710,0,0,1,1,0.7403625904038356,0.01819000374567447,0,0.0,-2.9275367,-1.8225812,-5.6584744,-0.4786451,-0.53900033,2.4156675,-0.16548668
600,TRANSFER,1390446.67,C101950,41258.27,0.0,MULE300308,0.0,1390446.67,3,-206,1,5,0,1,13.81866409764675,2.0,806,100.0,1.3031309,0.080538936,2.0540743,-0.19235852,3.2785537,3.3343806,0.914609
600,TRANSFER,29614.56,C101622,35537.47,5922.91,C100282,371732.05,401346.61,0,707,0,6,1,1,0.24796324245120102,0.8333333802321887,0,0.0,-3.14056,-1.449314,-5.370311,0.0025883997,-0.6205254,2.664112,-0.116349414
600,TRANSFER,4631.25,C101538,278093.02,273461.77,C101969,28519.26,33150.51,0,642,0,1,1,1,0.8835510309417814,0.016653600295325643,0,0.0,-3.154489,-1.6310449,-5.658995,0.23644252,-0.54399574,2.3775933,-0.13000211
601,TRANSFER,14289.14,C100053,3044740.12,3030450.98,C100729,21648.33,35937.47,1,660,0,2,1,1,1.3861573888885304,0.004693057350326503,0,0.0,-3.1631603,-1.496302,-5.413605,-0.23514885,-0.57324165,2.6896653,-0.11812753
601,TRANSFER,43118.58,C101280,799983.39,756864.81,C101664,80610.88,123729.46,1,579,0,1,1,1,0.4119779387265824,0.05389934408513157,22,0.0,-3.1689122,-1.6671062,-5.658995,0.23524648,-0.54346305,2.4160068,0.006945684
601,TRANSFER,18288.8,C101771,21946.56,3657.76,C100362,64684.83,82973.63,1,615,0,0,1,1,1.2157025486247461,0.8333333333333333,0,0.0,-2.9275367,-1.8225812,-5.6584744,-0.4786451,-0.53900033,2.4156675,-0.16548668
601,TRANSFER,37433.82,C101928,44920.58,7486.76,C100995,39349.79,76783.61,1,694,0,0,1,1,1.1962969646846542,0.833333407538371,0,0.0,-2.9275367,-1.8225812,-5.6584744,-0.4786451,-0.53900033,2.4156675,-0.16548668
601,TRANSFER,28315.36,C101008,71362.24,43046.88,C101990,138708.48,167023.83,1,617,0,1,1,1,0.31174306840604454,0.3967835090378329,0,0.0,-3.154489,-1.6310449,-5.658995,0.23644252,-0.54399574,2.3775933,-0.13000211
601,TRANSFER,5580.01,C100486,112254.74,106674.73,C101474,20518.58,26098.59,1,664,0,2,1,1,0.8686833819246824,0.049708457745303226,0,0.0,-3.1631603,-1.496302,-5.413605,-0.23514885,-0.57324165,2.6896653,-0.11812753
601,TRANSFER,38674.31,C101105,104150.26,65475.95,C100552,58667.84,97342.15,1,620,0,1,1,1,1.4929036637178053,0.3713318622536324,0,0.0,-3.154489,-1.6310449,-5.658995,0.23644252,-0.54399574,2.3775933,-0.13000211
601,TRANSFER,10212.7,C101638,131242.98,121030.29,C100923,45553.97,55766.67,1,610,0,0,1,1,0.07277183156099504,0.0778152096211165,0,0.0,-2.9275367,-1.8225812,-5.6584744,-0.4786451,-0.53900033,2.4156675,-0.16548668
601,TRANSFER,17417.36,C101771,20900.83,3483.47,C101846,88187.23,105604.59,1,615,0,0,1,1,1.1577757393768158,0.8333334130749831,0,0.0,-2.9275367,-1.8225812,-5.6584744,-0.4786451,-0.53900033,2.4156675,-0.16548668
602,TRANSFER,1351476.63,C100312,510191.57,0.0,C100558,552388.79,1903865.42,18,-166,0,4,1,1,7.5657755789783465,2.0,768,3.7,1.468139,0.81273574,1.692178,-1.6875428,-1.3058794,-4.909872,0.6438999
602,TRANSFER,45804.05,C101928,54964.86,9160.81,C101908,28318.74,74122.78,2,694,0,1,1,1,1.463789855944815,0.8333333333333334,0,0.0,-3.1975121,-1.6558194,-5.658995,0.23644252,-0.54399574,2.3084285,-0.13000211
602,TRANSFER,10945.26,C101911,1806564.41,1795619.15,C100682,326035.57,336980.83,2,695,0,1,1,1,0.11662701761926521,0.006058604907422039,0,0.0,-3.1975121,-1.6558194,-5.658995,0.23644252,-0.54399574,2.3084285,-0.13000211
602,TRANSFER,11044.45,C101908,28318.74,17274.28,C100515,48833.96,59878.41,2,679,0,2,1,1,0.20879819551762047,0.3900049931600064,0,0.0,-3.2061844,-1.5210766,-5.413605,-0.23514885,-0.57324165,2.6205006,-0.11812753
603,TRANSFER,3404.01,C101981,72637.19,69233.18,C100297,40134.75,43538.77,3,638,0,0,1,1,0.44429165064596693,0.04686318399706817,0,0.0,-2.9705603,-1.8473557,-5.6584744,-0.4786451,-0.53900033,2.3465033,-0.16548668
603,TRANSFER,24186.43,C100429,878935.03,854748.61,C101157,71957.24,96143.67,3,646,0,1,1,1,1.3313257231920912,0.02751788149802153,0,0.0,-3.1975121,-1.6558194,-5.658995,0.23644252,-0.54399574,2.3084285,-0.13000211
603,TRANSFER,6377.99,C100748,80811.06,74433.07,C101361,6561.3,12939.28,3,718,0,0,1,1,0.047281990724086204,0.07892471649301469,0,0.0,-2.9705603,-1.8473557,-5.6584744,-0.4786451,-0.53900033,2.3465033,-0.16548668
603,TRANSFER,17384.66,C101174,250739.35,233354.69,C101655,149869.68,167254.34,3,645,0,1,1,1,1.2008834900094931,0.069333592832557,0,0.0,-3.1975121,-1.6558194,-5.658995,0.23644252,-0.54399574,2.3084285,-0.13000211
603,TRANSFER,40972.23,C100976,49166.68,8194.45,C100302,3585.99,44558.22,3,654,0,0,1,1,0.9829506298369445,0.8333332655367416,0,0.0,-2.9705603,-1.8473557,-5.6584744,-0.4786451,-0.53900033,2.3465033,-0.16548668
603,TRANSFER,19654.39,C100766,23585.27,3930.88,C101271,66736.52,86390.91,3,596,0,0,1,1,1.3429660801285543,0.8333332626677583,7,0.0,-2.991261,-1.8537701,-5.6584744,-0.47670233,-0.53846765,2.364261,-0.1168933
603,TRANSFER,2112038.48,C100432,29086.27,0.0,C100723,20380.77,2132419.25,3,-469,1,2,0,1,22.085732373217116,2.0,1072,100.0,3.4128425,0.2826541,2.1230388,-0.62891996,2.4248476,2.9733217,-0.04360161
603,TRANSFER,8393.4,C100182,10562.0,2168.6,C100872,27218.74,35612.15,3,682,0,1,1,1,0.12096183639938288,0.7946790380609733,0,0.0,-3.1975121,-1.6558194,-5.658995,0.23644252,-0.54399574,2.3084285,-0.13000211
604,TRANSFER,3677.86,C100462,81999.39,78321.53,C101635,20975.37,24653.23,4,586,0,0,1,1,1.3271663576863917,0.04485228487675336,18,0.0,-3.0344658,-1.8981543,-5.6584744,-0.47670233,-0.5432116,2.2427318,-0.11613525
604,TRANSFER,141797.62,C100273,293628.89,151831.27,C101916,67532.31,209329.93,4,690,0,1,1,1,0.8869930500017854,0.48291440259846363,0,0.0,-3.2407174,-1.6998246,-5.658995,0.23644252,-0.5487397,2.1872785,-0.13000211
604,TRANSFER,1462.5,C100390,9386.1,7923.6,C100978,47471.34,48933.83,4,601,0,1,1,1,0.0388722961963661,0.1558155144309138,3,0.0,-3.2551405,-1.6998246,-5.658995,0.23524648,-0.5482069,2.1872785,-0.114915565
604,TRANSFER,4629.72,C101404,16013.22,11383.5,C100535,346198.69,350828.41,4,719,0,2,1,1,0.6398841324436549,0.28911861574374176,0,0.0,-3.2493896,-1.5650817,-5.413605,-0.23514885,-0.5779855,2.499351,-0.11812753
604,TRANSFER,20139.89,C100454,60316.39,40176.51,C101448,51742.83,71882.71,4,605,0,2,1,1,1.6171500745948673,0.3339041013561985,0,0.0,-3.2493896,-1.5650817,-5.413605,-0.23514885,-0.5779855,2.499351,-0.11812753
605,TRANSFER,200148.18,C101616,412467.35,212319.17,C100217,87755.67,287903.85,5,586,0,3,1,1,0.7448811676048961,0.4852461170562955,19,0.0,-2.4902263,-1.2984453,-3.3898907,0.0035682926,-0.842799,-2.081715,-0.09708615
605,TRANSFER,2832.88,C100715,107051.64,104218.76,C101300,191052.68,193885.56,5,687,0,0,1,1,0.7243077371123816,0.026462742653919177,0,0.0,-2.3673913,-1.6530298,-3.7581031,-0.6128197,-0.6993303,-2.6518826,-0.21017267
605,TRANSFER,11895.43,C100475,103133.23,91237.8,C100916,654158.1,666053.53,5,646,0,0,1,1,1.230719171314675,0.11534041937792505,0,0.0,-2.3673913,-1.6530298,-3.7581031,-0.6128197,-0.6993303,-2.6518826,-0.21017267
605,TRANSFER,844.58,C100408,5729.4,4884.82,C100628,37043.5,37888.08,5,716,0,1,1,1,0.020555817958088713,0.14741159632771322,0,0.0,-2.5943441,-1.4646981,-3.7594745,0.19323318,-0.7246261,-2.5989926,-0.15695137
605,TRANSFER,9092.76,C100525,223881.24,214788.48,C101107,115630.86,124723.62,5,661,0,1,1,1,1.0805691576992016,0.04061421135598499,0,0.0,-2.5943441,-1.4646981,-3.7594745,0.19323318,-0.7246261,-2.5989926,-0.15695137
605,TRANSFER,1456902.46,C101529,86284.33,0.0,MULE548147,0.0,1456902.46,1,-472,1,2,0,1,12.829876049594436,2.0,1077,100.0,1.3618672,0.07514747,2.066862,-0.7490647,2.8238943,3.3300478,0.97670156
605,TRANSFER,9192.04,C101017,351030.05,341838.01,C100432,29086.27,38278.31,5,703,0,0,1,1,0.9673418707179965,0.026185906306311957,0,0.0,-2.3673913,-1.6530298,-3.7581031,-0.6128197,-0.6993303,-2.6518826,-0.21017267
606,TRANSFER,1966231.86,C101350,106716.57,0.0,MULE731160,0.0,1966231.86,1,169,1,3,0,1,23.83147003333126,2.0,437,100.0,3.8191998,0.4698269,2.119758,-0.041971616,2.8467731,3.1527255,0.012150921
606,TRANSFER,2901.05,C101961,493020.13,490119.08,C100918,29035.89,31936.94,6,700,0,2,1,1,0.05385320083577836,0.005884242495331783,0,0.0,-2.5982978,-1.2960657,-3.47151,-0.35090783,-0.76111835,-2.3594697,-0.14507683
606,TRANSFER,15277.12,C100792,38447.33,23170.2,C100862,38557.99,53835.12,6,717,0,0,1,1,0.13423348227008589,0.39735190974249707,0,0.0,-2.3673913,-1.6530298,-3.7581031,-0.6128197,-0.6993303,-2.6518826,-0.21017267
606,TRANSFER,1351.56,C101026,238680.24,237328.68,C100091,210088.64,211440.2,6,591,0,1,1,1,0.020027635237348268,0.0056626388510418795,15,0.0,-2.608767,-1.4714916,-3.7594745,0.19203712,-0.7240934,-2.5816138,-0.110738836
606,TRANSFER,8613.16,C100539,210551.59,201938.43,C100301,33927.29,42540.45,6,694,0,0,1,1,1.5158014721286164,0.0409075989404782,0,0.0,-2.3673913,-1.6530298,-3.7581031,-0.6128197,-0.6993303,-2.6518826,-0.21017267
606,TRANSFER,50354.91,C101890,60425.9,10070.98,C100055,198735.44,249090.35,6,660,0,0,1,1,1.416774711972839,0.8333332230053669,0,0.0,-2.3673913,-1.6530298,-3.7581031,-0.6128197,-0.6993303,-2.6518826,-0.21017267
606,TRANSFER,1499619.96,C101150,136568.62,0.0,C100793,53127.12,1552747.08,19,345,0,0,1,1,13.90269599351567,2.0,261,2.0,0.47370747,0.19522235,1.8375517,-0.24672195,-0.8858551,-4.5822277,-0.73781645
607,TRANSFER,1068730.02,C101995,43715.33,0.0,C101040,447596.32,1516326.33,9,425,0,4,1,1,18.538300217144513,2.0,182,0.6,-0.77910644,0.27975768,1.4728379,-0.8020018,-1.5193307,-3.7382772,-0.025961569
607,TRANSFER,27867.71,C101652,274822.08,246954.37,C101202,68360.98,96228.69,7,707,0,1,1,1,0.3000224408588935,0.10140273299729045,0,0.0,-2.5943441,-1.4646981,-3.7594745,0.19323318,-0.7246261,-2.5989926,-0.15695137
607,TRANSFER,18832.65,C100944,84244.5,65411.85,C100068,186620.56,205453.21,7,698,0,0,1,1,0.1901606174398824,0.22354753129284405,0,0.0,-2.3673913,-1.6530298,-3.7581031,-0.6128197,-0.6993303,-2.6518826,-0.21017267
607,TRANSFER,4025.45,C101399,54545.59,50520.13,C100958,123160.05,127185.51,7,665,0,1,1,1,0.03158695392614981,0.07379973339732873,0,0.0,-2.5943441,-1.4646981,-3.7594745,0.19323318,-0.7246261,-2.5989926,-0.15695137
607,TRANSFER,7034.68,C100024,19927.0,12892.32,C100437,137543.74,144578.42,7,673,0,1,1,1,0.7741921868125693,0.3530225322426858,0,0.0,-2.5943441,-1.4646981,-3.7594745,0.19323318,-0.7246261,-2.5989926,-0.15695137
607,TRANSFER,23338.46,C101594,62823.62,39485.15,C100675,153059.93,176398.39,7,709,0,0,1,1,1.2683926005875479,0.37149180515226593,0,0.0,-2.3673913,-1.6530298,-3.7581031,-0.6128197,-0.6993303,-2.6518826,-0.21017267
607,TRANSFER,10918.35,C100146,31849.73,20931.37,C100429,878935.03,889853.39,7,706,0,0,1,1,1.3600118124661875,0.34280824358636636,0,0.0,-2.3673913,-1.6530298,-3.7581031,-0.6128197,-0.6993303,-2.6518826,-0.21017267
607,TRANSFER,62987.75,C101773,190100.29,127112.55,C100020,100470.17,163457.92,7,611,0,0,1,1,0.6277516889239168,0.33133957870343067,0,0.0,-2.3673913,-1.6530298,-3.7581031,-0.6128197,-0.6993303,-2.6518826,-0.21017267
608,TRANSFER,2641.11,C100462,81999.39,79358.28,C101433,112261.48,114902.59,8,586,0,1,1,1,0.9530521387298881,0.03220889813936421,22,0.0,-2.608767,-1.5007596,-3.7594745,0.19203712,-0.7240934,-2.5605788,-0.02000361
608,TRANSFER,21943.28,C100560,151865.07,129921.8,C101233,280327.38,302270.66,8,647,0,0,1,1,0.19554189177208103,0.14449194933370788,0,0.0,-2.3673913,-1.6530298,-3.7581031,-0.6128197,-0.6993303,-2.6518826,-0.21017267
608,TRANSFER,1330.8,C100390,9386.1,8055.3,C101229,17269.39,18600.2,8,601,0,2,1,1,0.03537179608760615,0.14178412759292996,7,0.0,-2.6127212,-1.3024801,-3.47151,-0.35210386,-0.7605856,-2.3417118,-0.099622324
608,TRANSFER,20098.27,C101806,36384.08,16285.81,C100049,25653.92,45752.18,8,670,0,1,1,1,0.3551849550302523,0.5523918702905226,0,0.0,-2.5943441,-1.4646981,-3.7594745,0.19323318,-0.7246261,-2.5989926,-0.15695137
608,TRANSFER,3890.91,C100715,107051.64,103160.73,C100642,30844.75,34735.66,8,687,0,1,1,1,0.9948237191155067,0.03634610361877688,0,0.0,-2.5943441,-1.4646981,-3.7594745,0.19323318,-0.7246261,-2.5989926,-0.15695137
608,TRANSFER,48950.63,C100804,58740.75,9790.13,C101539,37160.29,86110.92,8,715,0,0,1,1,0.39645225557372704,0.8333334184531181,0,0.0,-2.3673913,-1.6530298,-3.7581031,-0.6128197,-0.6993303,-2.6518826,-0.21017267
609,TRANSFER,781.54,C100950,24255.26,23473.72,C100437,137543.74,138325.27,9,624,0,0,1,1,0.35914238260606973,0.03222146454006265,0,0.0,-2.3673913,-1.6410142,-3.7581031,-0.6128197,-0.6993303,-2.6638985,-0.21017267
609,TRANSFER,14416.89,C101058,44080.94,29664.05,C100196,79509.48,93926.37,9,624,0,0,1,1,0.9991689584244267,0.32705495844689336,0,0.0,-2.3673913,-1.6410142,-3.7581031,-0.6128197,-0.6993303,-2.6638985,-0.21017267
609,TRANSFER,12006.43,C101944,435591.72,423585.28,C101464,178036.37,190042.8,9,697,0,0,1,1,1.2972358984806105,0.02756349454943726,0,0.0,-2.3673913,-1.6410142,-3.7581031,-0.6128197,-0.6993303,-2.6638985,-0.21017267
609,TRANSFER,1297843.76,C101450,14800.66,0.0,C101757,21456.3,1319300.06,10,601,0,1,1,1,9.348386390843103,2.0,8,27.2,1.6232098,0.06894894,1.7675209,0.41013134,-0.9899749,-3.7112582,-0.188118
609,TRANSFER,1311363.05,C101007,352354.36,0.0,C101600,315493.93,1626856.98,15,-279,0,0,1,1,6.192570616591855,2.0,888,51.5,1.2363958,0.5653376,1.9110649,-0.9007495,-0.9657274,-2.607918,0.7866105
609,TRANSFER,4115.77,C101466,506333.03,502217.26,C101451,229814.65,233930.43,9,687,0,0,1,1,1.0857147982280442,0.00812858288150785,0,0.0,-2.3673913,-1.6410142,-3.7581031,-0.6128197,-0.6993303,-2.6638985,-0.21017267
609,TRANSFER,22323.69,C101003,26788.43,4464.74,C101955,8925.11,31248.79,9,693,0,0,1,1,0.8773150736290336,0.833333271117419,0,0.0,-2.3673913,-1.6410142,-3.7581031,-0.6128197,-0.6993303,-2.6638985,-0.21017267
609,TRANSFER,23482.69,C101885,105595.6,82112.91,C101294,49040.77,72523.46,9,592,0,0,1,1,1.2781504055681436,0.2223832243010125,17,0.0,-2.3880923,-1.6478076,-3.7581031,-0.61087686,-0.6987975,-2.6465197,-0.16082121
610,TRANSFER,22358.59,C100200,51666.13,29307.55,C100503,176547.3,198905.89,10,600,0,1,1,1,0.370908097923319,0.4327513982564593,10,0.0,-2.801125,-1.44804,-3.890957,0.19736789,-0.73442656,-2.2762215,-0.110738836
610,TRANSFER,1151730.72,C100818,243639.9,0.0,MULE864024,0.0,1151730.72,10,460,1,4,0,1,18.65332399234379,2.0,150,99.8,-0.0983822,0.37754697,1.7295302,0.17436124,5.8308396,-1.9902686,-0.025220087
610,TRANSFER,20684.52,C101911,1806564.41,1785879.89,C101386,95979.74,116664.26,10,695,0,2,1,1,0.22040352430970517,0.011449644355608668,0,0.0,-2.7936113,-1.2726141,-3.6029925,-0.3931404,-0.77490693,-2.1016405,-0.14507683
610,TRANSFER,32483.89,C100011,832858.81,800374.92,C101394,198897.29,231381.19,10,604,0,2,1,1,0.4610758318147322,0.03900287733043251,6,0.0,-2.8080347,-1.2726141,-3.6029925,-0.39433643,-0.7743743,-2.0838826,-0.10603657
610,TRANSFER,1515.3,C100204,361142.34,359627.04,C101921,67551.81,69067.11,10,634,0,0,1,1,0.04724088004271896,0.0041958525272888245,0,0.0,-2.559749,-1.6295782,-3.8895862,-0.60748893,-0.70966333,-2.3464909,-0.21017267
610,TRANSFER,12109.39,C101639,19628.27,7518.89,C100800,72291.6,84400.98,10,648,0,0,1,1,1.171472671435668,0.6169361843911868,0,0.0,-2.559749,-1.6295782,-3.8895862,-0.60748893,-0.70966333,-2.3464909,-0.21017267
610,TRANSFER,3734.43,C101360,92306.1,88571.67,MULE739333,0.0,3734.43,14,658,0,0,1,1,0.0393735004024231,0.040457022883644736,0,0.0,-2.3154733,-1.8254687,-4.3030157,-0.5675392,-0.721397,-1.2288578,-0.12701531
610,TRANSFER,3116.9,C101360,92306.1,89189.2,MULE739333,0.0,3116.9,14,658,0,0,1,1,0.03286264929435351,0.03376699914740196,0,0.0,-2.3154733,-1.8254687,-4.3030157,-0.5675392,-0.721397,-1.2288578,-0.12701531
610,TRANSFER,20326.33,C100572,578443.24,558116.91,C101179,155753.2,176079.52,10,669,0,0,1,1,1.2102680881002632,0.035139713967441304,0,0.0,-2.559749,-1.6295782,-3.8895862,-0.60748893,-0.70966333,-2.3464909,-0.21017267
610,TRANSFER,9031.29,C101213,28847.68,19816.4,C100766,11096.44,20127.73,10,692,0,0,1,1,1.4306607261628095,0.31306815660739445,0,0.0,-2.559749,-1.6295782,-3.8895862,-0.60748893,-0.70966333,-2.3464909,-0.21017267
610,TRANSFER,1708640.25,C101735,57789.0,0.0,C101840,22807.51,1731447.76,4,-306,1,4,0,1,19.6483649311575,2.0,916,100.0,3.3328516,0.3537779,2.112375,-0.08163071,2.83646,2.943947,-0.055222735
610,TRANSFER,4840.2,C101360,92306.1,87465.9,MULE739333,0.0,4840.2,14,658,0,0,1,1,0.051032049508976815,0.052436404527978105,0,0.0,-2.3154733,-1.8254687,-4.3030157,-0.5675392,-0.721397,-1.2288578,-0.12701531
610,TRANSFER,3909.23,C101399,54545.59,50636.36,C101776,33265.72,37174.95,10,665,0,2,1,1,0.030674997303835005,0.07166903868855393,0,0.0,-2.7936113,-1.2726141,-3.6029925,-0.3931404,-0.77490693,-2.1016405,-0.14507683
610,TRANSFER,8521.42,C100182,10562.0,2040.58,C101686,23034.25,31555.67,10,682,0,2,1,1,0.12280680200281523,0.8067998485135391,0,0.0,-2.7936113,-1.2726141,-3.6029925,-0.3931404,-0.77490693,-2.1016405,-0.14507683
610,TRANSFER,1481.26,C101360,92306.1,90824.84,MULE739333,0.0,1481.26,14,658,0,0,1,1,0.015617481437888311,0.016047260148570896,0,0.0,-2.3154733,-1.8254687,-4.3030157,-0.5675392,-0.721397,-1.2288578,-0.12701531
611,TRANSFER,1032.94,C100538,206349.82,205316.88,C101131,44195.68,45228.62,11,588,0,1,1,1,0.008561302014785324,0.005005771267452523,23,0.0,-2.6011677,-1.3042665,-3.8894126,0.22181885,-0.74246174,-2.6884656,-0.013520921
611,TRANSFER,22306.7,C101471,68607.56,46300.87,C101128,41300.37,63607.07,11,608,0,0,1,1,0.502234872322178,0.3251347227623312,3,0.0,-2.3714025,-1.4610878,-3.8880417,-0.6128553,-0.7171659,-2.7883985,-0.16233341
611,TRANSFER,5588.81,C100539,210551.59,204962.79,C101574,47570.07,53158.87,11,694,0,1,1,1,0.9835561426290854,0.02654366086715375,0,0.0,-2.5867443,-1.2727561,-3.8894126,0.2230149,-0.7429945,-2.703748,-0.1273375
611,TRANSFER,1477169.8,C101734,107494.36,0.0,C100700,276137.01,1753306.8,17,355,0,2,1,1,17.50297213238227,2.0,256,0.2,-0.1270128,0.12143431,1.783367,-1.0351874,-1.1733059,-5.2700815,-0.43473074
611,TRANSFER,16851.45,C100979,1559065.07,1542213.62,C100961,95518.95,112370.4,11,697,0,1,1,1,0.8168068096637511,0.010808689338412282,0,0.0,-2.5867443,-1.2727561,-3.8894126,0.2230149,-0.7429945,-2.703748,-0.1273375
611,TRANSFER,34374.44,C100417,46235.21,11860.77,C100650,27754.02,62128.46,11,716,0,0,1,1,0.7144240403855835,0.7434688844281231,0,0.0,-2.3507016,-1.4610878,-3.8880417,-0.61479807,-0.71769863,-2.7883985,-0.18055879
611,TRANSFER,21356.38,C101771,25627.66,4271.28,C100885,142082.09,163438.48,11,615,0,2,1,1,1.4196123089212282,0.8333332032655343,0,0.0,-2.5936542,-1.1041232,-3.5718427,-0.53343344,-0.79624003,-2.6765323,-0.11546296
611,TRANSFER,6953.66,C101312,80096.75,73143.09,C101441,104382.34,111336.0,11,622,0,0,1,1,0.9358688164723752,0.08681575719364394,0,0.0,-2.3507016,-1.4610878,-3.8880417,-0.61479807,-0.71769863,-2.7883985,-0.18055879
612,TRANSFER,5118.02,C101700,92914.14,87796.12,C100101,12614.69,17732.71,12,639,0,0,1,1,0.03949220286452478,0.05508332746770298,0,0.0,-2.3502975,-1.4680284,-3.8880417,-0.65513396,-0.71785885,-2.8872056,-0.18109499
612,TRANSFER,1394.45,C100408,5729.4,4334.94,C101720,104343.53,105737.99,12,716,0,2,1,1,0.033938833919411784,0.24338499668377145,0,0.0,-2.5951092,-1.0964509,-3.5718427,-0.5404966,-0.79891986,-2.742066,-0.11599915
612,TRANSFER,10747.49,C101382,940394.7,929647.21,C100411,653967.61,664715.1,12,659,0,0,1,1,1.0954802098283576,0.011428701161331514,0,0.0,-2.3502975,-1.4680284,-3.8880417,-0.65513396,-0.71785885,-2.8872056,-0.18109499
612,TRANSFER,13511.01,C101941,68513.86,55002.85,C101944,435591.72,449102.72,12,624,0,0,1,1,0.166888730338676,0.19720112105784143,0,0.0,-2.3502975,-1.4680284,-3.8880417,-0.65513396,-0.71785885,-2.8872056,-0.18109499
612,TRANSFER,39173.22,C100976,47007.87,7834.64,C100443,239816.9,278990.13,12,654,0,1,1,1,0.9397912017906076,0.8333332269681651,0,0.0,-2.5863402,-1.2650838,-3.8894126,0.24856035,-0.7431547,-2.7366734,-0.1278737
613,TRANSFER,12888.97,C101986,25622.7,12733.73,C100718,343603.22,356492.19,13,703,0,0,1,1,0.8196033241672229,0.5030293450729236,0,0.0,-2.3502975,-1.4680284,-3.8880417,-0.65513396,-0.7234573,-2.881607,-0.18109499
613,TRANSFER,15044.26,C100011,832858.81,817814.55,C100016,95444.51,110488.77,13,604,0,3,1,1,0.21353799355733266,0.01806339780448501,9,0.0,-2.4870374,-1.1067504,-3.4902234,-0.18187132,-0.88619906,-2.4750423,-0.08962231
613,TRANSFER,17928.86,C100053,3044740.12,3026811.25,C101154,47577.36,65506.23,13,660,0,2,1,1,1.7392384540530794,0.005888469719379531,0,0.0,-2.5951092,-1.0964509,-3.5718427,-0.5404966,-0.8045183,-2.7364674,-0.11599915
613,TRANSFER,7523.5,C100146,31849.73,24326.23,C101026,238680.24,246203.74,13,706,0,1,1,1,0.9371424135596828,0.23621864298378667,0,0.0,-2.5863402,-1.2650838,-3.8894126,0.24856035,-0.74875313,-2.7310748,-0.1278737
613,TRANSFER,5784.99,C101213,28847.68,23062.69,C100712,90244.44,96029.44,13,692,0,1,1,1,0.9164092830863133,0.20053571032401912,0,0.0,-2.5863402,-1.2650838,-3.8894126,0.24856035,-0.74875313,-2.7310748,-0.1278737
614,TRANSFER,4451.54,C101173,103484.35,99032.81,MULE774154,0.0,4451.54,1,651,0,0,1,1,0.036413672554734086,0.043016552744448794,0,0.0,-2.9275367,-1.8225812,-5.6584744,-0.4786451,-0.53900033,2.4156675,-0.16548668
614,TRANSFER,1020.27,C101173,103484.35,102464.08,MULE774154,0.0,1020.27,1,651,0,0,1,1,0.008345825870916255,0.009859171942424144,0,0.0,-2.9275367,-1.8225812,-5.6584744,-0.4786451,-0.53900033,2.4156675,-0.16548668
614,TRANSFER,21711.63,C100186,85291.81,63580.18,C101318,385512.8,407224.44,14,616,0,1,1,1,1.3288064549889131,0.25455703191197376,0,0.0,-2.5515163,-1.6225241,-4.3043866,0.33615515,-0.74669296,-1.0783259,-0.07379407
614,TRANSFER,31535.82,C100011,832858.81,801322.99,C101899,145111.14,176646.96,14,604,0,4,1,1,0.44761894091069965,0.03786454513220554,10,0.0,-2.4754572,-1.4662602,-3.8733068,-0.46089464,-0.88549274,-1.2334454,-0.034204386
614,TRANSFER,22780.41,C100622,624576.48,601796.06,C100809,18934.63,41715.05,14,604,0,0,1,1,0.416008224158667,0.036473371523692344,10,0.0,-2.336174,-1.8334223,-4.3030157,-0.56559646,-0.72086424,-1.2317544,-0.09793948
614,TRANSFER,27310.28,C100979,1559065.07,1531754.79,C101819,68846.18,96156.46,14,697,0,2,1,1,1.323756868270905,0.01751708798145288,0,0.0,-2.5602853,-1.4538914,-3.986817,-0.50354797,-0.80678326,-1.1343645,-0.061919503
615,TRANSFER,13803.45,C100472,146282.62,132479.17,C100240,431598.42,445401.87,15,648,0,0,1,1,0.23642939764577978,0.09436151745162892,0,0.0,-2.3022633,-1.6976554,-4.3030157,-0.5784466,-0.73515767,-1.5700923,-0.1342198
615,TRANSFER,1119214.68,C101154,47577.36,0.0,C101437,111324.38,1230539.06,17,47,0,1,1,1,16.08877786180543,2.0,568,4.6,-0.7754254,1.5950798,1.7963107,0.26356265,-1.0494571,-4.9964666,0.100035295
615,TRANSFER,1328806.05,C101561,113101.92,0.0,C100247,40394.62,1369200.67,14,133,0,3,1,1,22.394293817513223,2.0,482,2.7,1.1058536,-1.073602,1.7748029,-1.2790413,-1.6138251,-2.38906,-0.15872237
615,TRANSFER,10789.93,C101958,46409.78,35619.85,C100662,65064.91,75854.84,15,649,0,0,1,1,0.2574186885271715,0.23249259100129327,0,0.0,-2.3022633,-1.6976554,-4.3030157,-0.5784466,-0.73515767,-1.5700923,-0.1342198
615,TRANSFER,2072330.83,C100197,100396.89,0.0,MULE289929,0.0,2072330.83,14,173,1,5,0,1,17.77848933812895,2.0,442,100.0,4.5790157,1.1838076,1.9896367,-0.24387836,4.4775243,-0.3974293,-0.09841388
615,TRANSFER,28081.92,C100944,84244.5,56162.58,C101981,72637.19,100719.11,15,698,0,1,1,1,0.2835541066231987,0.3333383188220002,0,0.0,-2.5383062,-1.4947108,-4.3043866,0.3252477,-0.76045364,-1.4195604,-0.08099857
615,TRANSFER,22941.7,C101059,67579.0,44637.3,C101824,66511.86,89453.56,15,597,0,0,1,1,1.1554375133543495,0.3394797200313707,18,0.0,-2.322964,-1.7056092,-4.3030157,-0.5765039,-0.73462504,-1.572989,-0.10514398
616,TRANSFER,1365895.12,C101173,103484.35,0.0,MULE774154,0.0,1365895.12,1,651,1,5,0,1,11.17304520318569,2.0,0,100.0,1.0759981,-0.7621422,2.0540743,-0.010879059,3.3051832,3.549695,-0.31528604
616,TRANSFER,6484.59,C100329,327619.72,321135.13,C100001,44397.87,50882.46,16,666,0,0,1,1,0.1268260157937221,0.019793039320099536,0,0.0,-2.4084365,-1.8530564,-4.405692,-0.42836732,-0.6958916,-0.017503984,-0.10854335
616,TRANSFER,11053.76,C100622,624576.48,613522.71,C100760,42900.63,53954.39,16,604,0,1,1,1,0.20186006607765652,0.01769800873705651,12,0.0,-2.6504765,-1.6112835,-4.407063,0.2892488,-0.7044102,-0.054750793,-0.047121797
616,TRANSFER,1073500.69,C101697,80920.25,0.0,C100573,122945.65,1196446.34,13,226,0,0,1,1,4.758284070750508,2.0,390,0.3,-0.57035893,-1.4909045,1.7376091,-0.55560195,-1.0424434,-4.0331855,0.0007710252
616,TRANSFER,10409.27,C100471,58695.64,48286.38,C100769,248668.3,259077.57,16,622,0,0,1,1,1.121088213660117,0.17734315530080258,0,0.0,-2.4084365,-1.8530564,-4.405692,-0.42836732,-0.6958916,-0.017503984,-0.10854335
616,TRANSFER,7665.03,C101128,41300.37,33635.33,C100274,114948.6,122613.64,16,712,0,0,1,1,0.7650733928589671,0.18559228404007033,0,0.0,-2.4084365,-1.8530564,-4.405692,-0.42836732,-0.6958916,-0.017503984,-0.10854335
616,TRANSFER,3710.33,C101574,47570.07,43859.74,C100011,832858.81,836569.13,16,629,0,0,1,1,0.07396816553608761,0.07799715241116946,0,0.0,-2.4084365,-1.8530564,-4.405692,-0.42836732,-0.6958916,-0.017503984,-0.10854335
616,TRANSFER,7458.89,C100329,327619.72,320160.83,C101372,16770.06,24228.95,16,666,0,0,1,1,0.14588143598032197,0.02276691403069388,0,0.0,-2.4084365,-1.8530564,-4.405692,-0.42836732,-0.6958916,-0.017503984,-0.10854335
616,TRANSFER,116487.41,C100273,293628.89,177141.47,C101834,549805.03,666292.44,16,690,0,1,1,1,0.7286689514443788,0.3967164470771251,0,0.0,-2.6360533,-1.6033297,-4.407063,0.29044488,-0.70494294,-0.051854037,-0.073058784
616,TRANSFER,1237984.68,C101819,68846.18,0.0,C101750,70373.01,1308357.69,15,-297,0,1,1,1,13.505434160862809,2.0,913,21.4,-0.78173417,0.32808146,1.8784604,0.2965711,-1.1686075,-2.8472955,0.95666784
617,TRANSFER,4518.75,C100715,107051.64,102532.88,C100686,11994.79,16513.55,17,687,0,2,1,1,1.155349180719471,0.04221093670307153,0,0.0,-2.6796932,-1.1438808,-3.698245,-0.6355463,-0.73324513,-3.2204752,-0.07220097
617,TRANSFER,2212136.57,C100339,271773.5,0.0,MULE581069,0.0,2212136.57,2,496,1,4,0,1,20.49871193379566,2.0,121,100.0,3.8331935,0.47348848,2.112375,-0.035151176,2.8490174,3.046424,0.09911557
617,TRANSFER,19538.23,C100766,23445.88,3907.65,C100732,784578.53,804116.76,17,596,0,1,1,1,1.3350289760074021,0.8333331911619439,21,0.0,-2.6468754,-1.3268023,-4.015815,0.29799357,-0.6642246,-3.078634,-0.046598848
617,TRANSFER,6302.29,C100749,242733.32,236431.03,C101833,38959.33,45261.62,17,710,0,1,1,1,1.0567704605501276,0.025963843777195482,0,0.0,-2.6324522,-1.3125136,-4.015815,0.2991896,-0.6647574,-3.069403,-0.08520533
617,TRANSFER,15144.87,C101103,349120.81,333975.94,C100706,159591.37,174736.24,17,713,0,0,1,1,0.14897534999397832,0.04338002653007136,0,0.0,-2.4048355,-1.5622406,-4.014444,-0.41962254,-0.65570605,-3.0350525,-0.120689884
617,TRANSFER,4419.49,C101591,497220.01,492800.52,C101908,28318.74,32738.23,17,719,0,0,1,1,1.3359374423772707,0.008888399322464918,0,0.0,-2.4048355,-1.5622406,-4.014444,-0.41962254,-0.65570605,-3.0350525,-0.120689884
618,TRANSFER,12909.88,C101903,74811.61,61901.73,C101751,46250.2,59160.09,18,718,0,0,1,1,1.16614914790752,0.1725651940922004,0,0.0,-2.412985,-1.5622406,-4.014444,-0.41750395,-0.65570605,-3.0290215,-0.120689884
618,TRANSFER,25165.39,C101622,34196.88,9031.49,C101804,321097.29,346262.69,18,707,0,1,1,1,0.21071026218012454,0.7358972514451612,0,0.0,-2.6337564,-1.3125136,-4.015815,0.2978854,-0.6647574,-3.0667942,-0.08520533
618,TRANSFER,7451.17,C100021,38254.5,30803.33,C101201,398791.89,406243.06,18,607,0,1,1,1,0.1046757480678579,0.19477891489890078,11,0.0,-2.6481798,-1.3204675,-4.015815,0.29668936,-0.6642246,-3.069691,-0.059268337
618,TRANSFER,1310648.4,C100063,155690.46,0.0,C100020,100470.17,1411118.57,15,-314,0,2,1,1,17.99333395345812,2.0,932,15.8,0.83646184,0.100594014,1.8668486,-1.0686764,-1.238025,-2.51666,0.31248283
618,TRANSFER,1490673.66,C101124,132081.33,0.0,C100041,217955.24,1708628.9,11,-4,0,1,1,1,20.469217324618906,2.0,622,5.7,0.5567869,-0.96216285,1.8018475,0.102975786,-1.223848,-4.044023,0.9337527
619,TRANSFER,4721.25,C100583,148415.39,143694.13,C101748,41261.7,45982.96,19,616,0,0,1,1,0.99735899233206,0.03181105409620929,3,0.0,-2.433686,-1.5622406,-4.014444,-0.4155612,-0.65517336,-3.0290215,-0.10246453
619,TRANSFER,5556.54,C101331,94692.01,89135.47,C100398,45567.5,51124.04,19,637,0,1,1,1,1.2990827265969442,0.05868013573690114,0,0.0,-2.6337564,-1.3125136,-4.015815,0.2978854,-0.6647574,-3.0667942,-0.08520533
619,TRANSFER,9069.89,C101908,28318.74,19248.84,C101467,10145.83,19215.72,19,679,0,3,1,1,0.17146862592010562,0.3202787270902589,0,0.0,-2.5813951,-1.1477658,-3.6166258,-0.64815307,-0.7941816,-3.3244667,-0.07069887
619,TRANSFER,55597.47,C101471,68607.56,13010.1,C101645,16768.05,72365.52,19,608,0,1,1,1,1.2517758452342176,0.8103694403357298,11,0.0,-2.6481798,-1.3204675,-4.015815,0.29668936,-0.6642246,-3.069691,-0.059268337
619,TRANSFER,1079.06,C101970,15116.68,14037.62,MULE713568,0.0,1079.06,23,615,0,1,1,1,0.0054301561843520425,0.07138207595847765,4,0.1,-2.5783384,-1.567181,-5.0304165,0.24463908,-0.58604866,2.3450067,-0.043393236
619,TRANSFER,2322.38,C101970,15116.68,12794.3,MULE713568,0.0,2322.38,23,615,0,1,1,1,0.011686918354322742,0.15363029448265095,4,0.1,-2.5783384,-1.567181,-5.0304165,0.24463908,-0.58604866,2.3450067,-0.043393236
619,TRANSFER,1788.36,C100858,65675.02,63886.67,C101027,19342.96,21131.32,19,631,0,2,1,1,0.8207023598915341,0.027230444695715353,0,0.0,-2.6809976,-1.1438808,-3.698245,-0.6368506,-0.73324513,-3.2178664,-0.07220097
619,TRANSFER,2042.44,C101550,40488.99,38446.55,C100963,40801.42,42843.86,19,620,0,0,1,1,0.7646190389984546,0.050444330668658326,0,0.0,-2.412985,-1.5622406,-4.014444,-0.41750395,-0.65570605,-3.0290215,-0.120689884
619,TRANSFER,728.27,C101381,145781.13,145052.86,C101639,19628.27,20356.54,19,679,0,0,1,1,0.019974675683152615,0.00499563969630363,0,0.0,-2.412985,-1.5622406,-4.014444,-0.41750395,-0.65570605,-3.0290215,-0.120689884
619,TRANSFER,6749.86,C100454,60316.39,53566.53,C101036,116650.09,123399.96,19,605,0,2,1,1,0.5419859096799888,0.11190755945440369,14,0.0,-2.6954207,-1.1518347,-3.698245,-0.6380466,-0.7327125,-3.2207632,-0.046263974
620,TRANSFER,2521.83,C100382,15686.6,13164.77,C101100,29166.62,31688.45,20,639,0,0,1,1,0.999982003624897,0.1607633266609718,0,0.0,-2.44557,-1.9975752,-5.029045,-0.41750395,-0.60858834,-1.5936172,-0.120689884
620,TRANSFER,1707003.9,C100277,949249.54,0.0,MULE19619,0.0,1707003.9,23,393,1,5,0,1,29.71969097228636,1.7982667655546083,227,100.0,4.377134,-0.08909576,1.3872782,-0.18279092,4.435796,1.0380275,-0.23173015
620,TRANSFER,1289420.83,C101700,92914.14,0.0,C100125,124469.74,1413890.57,10,639,0,1,1,1,9.949564283864447,2.0,0,0.8,-1.1340128,-0.29240125,1.7325382,0.23329394,-1.167846,-4.0561743,-0.23228458
620,TRANSFER,7494.18,C100486,112254.74,104760.56,C101716,248445.06,255939.24,20,664,0,2,1,1,1.1666770538318598,0.06676047710769273,0,0.0,-2.7135828,-1.5792158,-4.712847,-0.6368506,-0.6861274,-1.7824625,-0.07220097
620,TRANSFER,23046.1,C100308,464740.69,441694.59,C100652,462271.73,485317.83,20,691,0,1,1,1,0.8898539406684757,0.04958915906416544,0,0.0,-2.6663413,-1.7478483,-5.0304165,0.2978854,-0.61763954,-1.6313902,-0.08520533
620,TRANSFER,12023.52,C100029,55620.12,43596.6,C100270,162696.5,174720.02,20,616,0,0,1,1,0.22139605567558768,0.21617213339345545,4,0.0,-2.466271,-1.9975752,-5.029045,-0.4155612,-0.60805565,-1.5967151,-0.09936658
620,TRANSFER,48540.33,C101471,68607.56,20067.23,C100230,176680.47,225220.8,20,608,0,2,1,1,1.0928844894146776,0.707507015261875,12,0.0,-2.728006,-1.5871696,-4.712847,-0.6380466,-0.6855947,-1.7853594,-0.046263974
620,TRANSFER,20695.93,C101105,104150.26,83454.33,C100849,318437.3,339133.22,20,620,0,1,1,1,0.7989031923529403,0.19871222597043925,0,0.0,-2.6663413,-1.7478483,-5.0304165,0.2978854,-0.61763954,-1.6313902,-0.08520533
621,TRANSFER,14278.74,C101058,44080.94,29802.2,C101069,35796.86,50075.6,21,624,0,1,1,1,0.989594411375352,0.323920950869015,0,0.0,-2.6663413,-1.7478483,-5.0304165,0.2978854,-0.61763954,-1.6313902,-0.08520533
621,TRANSFER,2064219.58,C101970,15116.68,0.0,MULE713568,0.0,2064219.58,23,615,1,4,0,1,10.387777063553072,2.0,6,100.0,4.176124,-0.5870342,2.0673547,-0.36525628,3.1554437,1.7695322,-0.05550005
621,TRANSFER,1069049.92,C100456,326154.48,0.0,C100802,281850.82,1350900.75,16,-450,0,5,1,1,9.18490755603888,2.0,1071,4.5,-1.0037433,-0.33973482,1.784816,-1.7000812,-1.4735363,-1.331495,0.9726155
621,TRANSFER,42564.79,C100372,86014.1,43449.3,C100927,137610.66,180175.46,21,680,0,0,1,1,1.319509874605695,0.4948582848625981,0,0.0,-2.44557,-1.9975752,-5.029045,-0.41750395,-0.60858834,-1.5936172,-0.120689884
621,TRANSFER,8031.6,C100366,378237.13,370205.52,C100245,46881.46,54913.07,21,646,0,0,1,1,0.10020848460938443,0.021234298176913514,0,0.0,-2.44557,-1.9975752,-5.029045,-0.41750395,-0.60858834,-1.5936172,-0.120689884
621,TRANSFER,12640.71,C101771,19679.27,7038.56,C101010,1675674.49,1688315.2,21,615,0,3,1,1,0.8402597963467431,0.6423363264999158,6,0.0,-2.628403,-1.5831007,-4.6312284,-0.6493491,-0.746531,-1.8921609,-0.0525144
621,TRANSFER,1126.22,C100382,15686.6,14560.38,C101227,91555.81,92682.02,21,639,0,1,1,1,0.4465803532047884,0.0717950352530185,0,0.0,-2.6663413,-1.7478483,-5.0304165,0.2978854,-0.61763954,-1.6313902,-0.08520533
621,TRANSFER,1085.72,C100340,582657.36,581571.64,C100294,399485.73,400571.45,21,633,0,1,1,1,0.6704114831708639,0.00186339360752261,0,0.0,-2.6663413,-1.7478483,-5.0304165,0.2978854,-0.61763954,-1.6313902,-0.08520533
622,TRANSFER,1638215.45,C100575,155986.64,0.0,MULE369731,0.0,1638215.45,16,-110,1,1,1,1,9.850532477230601,2.0,732,99.9,4.656112,0.5231643,2.1627347,0.25505883,-0.7316332,-0.46869287,0.5717571
622,TRANSFER,2031.14,C100950,24255.26,22224.12,C100724,48900.64,50931.79,22,624,0,1,1,1,0.933373159411537,0.08374018666466573,0,0.0,-2.6663413,-1.7478483,-5.0304165,0.2978854,-0.61763954,-1.6313902,-0.08520533
622,TRANSFER,1329680.45,C101354,65238.94,0.0,C101770,58258.41,1387938.87,8,-184,0,4,1,1,10.366653794315784,2.0,806,1.6,0.986555,-0.43274638,1.485055,-1.1628876,-1.3301975,-4.4704423,0.78231704
622,TRANSFER,1280432.38,C100051,22705.31,0.0,MULE673426,0.0,1280432.38,1,89,1,1,1,1,16.633132258693195,2.0,533,100.0,0.15956311,0.89824563,2.2890754,0.1695115,-0.5607322,4.8250756,0.13723774
622,TRANSFER,9327.11,C101448,51742.83,42415.72,C101617,42547.95,51875.06,22,719,0,0,1,1,0.12980717832049707,0.1802589846747849,0,0.0,-2.44557,-1.9975752,-5.029045,-0.41750395,-0.60858834,-1.5936172,-0.120689884
622,TRANSFER,27074.83,C101376,209034.44,181959.61,C101050,326123.19,353198.02,22,626,0,0,1,1,0.3750980557122191,0.12952329769199755,0,0.0,-2.44557,-1.9975752,-5.029045,-0.41750395,-0.60858834,-1.5936172,-0.120689884
622,TRANSFER,37945.99,C101439,994519.88,956573.88,C100837,130197.36,168143.36,22,647,0,0,1,1,0.8624765876502346,0.03815508444134872,0,0.0,-2.44557,-1.9975752,-5.029045,-0.41750395,-0.60858834,-1.5936172,-0.120689884
623,TRANSFER,24397.75,C100870,29277.3,4879.55,C101317,44179.05,68576.8,23,712,0,0,1,1,1.4466606747254678,0.8333333333333334,0,0.0,-2.3431442,-1.7738352,-5.029045,-0.35394764,-0.57753015,2.5014837,-0.08444215
623,TRANSFER,2367.02,C101327,106613.37,104246.35,C101188,64294.79,66661.81,23,707,0,0,1,1,0.8862163263105558,0.02220190582100538,0,0.0,-2.3431442,-1.7738352,-5.029045,-0.35394764,-0.57753015,2.5014837,-0.08444215
623,TRANSFER,39689.42,C101773,190100.29,150410.87,C100764,51513.3,91202.72,23,611,0,1,1,1,0.3955546981343306,0.20878148055429055,12,0.1,-2.5783384,-1.5751348,-5.0304165,0.24463908,-0.58604866,2.345208,-0.035640705
623,TRANSFER,8825.26,C100153,27154.91,18329.65,C101858,60487.51,69312.77,23,673,0,0,1,1,0.09468999320831324,0.32499684219170677,0,0.0,-2.3431442,-1.7738352,-5.029045,-0.35394764,-0.57753015,2.5014837,-0.08444215
623,TRANSFER,13670.98,C101771,19679.27,6008.29,C101163,222334.32,236005.3,23,615,0,4,1,1,0.9087444352936186,0.6946893863441073,8,0.0,-2.5264966,-1.4093779,-4.599338,-0.6566638,-0.71250165,2.0873342,-0.02247252
623,TRANSFER,5836.1,C101128,41300.37,35464.27,C100054,153237.05,159073.15,23,712,0,1,1,1,0.5825215071649058,0.14130866139940151,0,0.1,-2.563915,-1.567181,-5.0304165,0.24583514,-0.58658135,2.3481047,-0.06157772
623,TRANSFER,39121.74,C100196,79509.48,40387.75,C101112,686374.66,725496.4,23,713,0,0,1,1,1.4966212492298256,0.49203868519829336,0,0.0,-2.3431442,-1.7738352,-5.029045,-0.35394764,-0.57753015,2.5014837,-0.08444215
624,TRANSFER,4633.01,C100071,18246.03,13613.02,C100224,26381.28,31014.29,0,608,0,0,1,1,0.04776609888388133,0.2539187976781799,16,0.0,-2.9482374,-1.8293746,-5.6584744,-0.47670233,-0.53846765,2.433046,-0.11613525
624,TRANSFER,24121.4,C101652,274822.08,250700.68,C101434,21266.65,45388.05,0,707,0,1,1,1,0.25968984552134766,0.08777096803866705,0,0.0,-3.154489,-1.6310449,-5.658995,0.23644252,-0.54399574,2.3775933,-0.13000211
624,TRANSFER,23644.17,C100792,38447.33,14803.16,C100269,57149.3,80793.48,0,717,0,1,1,1,0.2077511516886623,0.6149756042877359,0,0.0,-3.154489,-1.6310449,-5.658995,0.23644252,-0.54399574,2.3775933,-0.13000211
624,TRANSFER,8290.08,C101970,15116.68,6826.59,C100046,218061.21,226351.29,0,615,0,4,1,1,0.04171818914682519,0.5484061315050659,9,0.0,-3.1549828,-1.5280274,-5.370311,-0.121864945,-0.6254507,2.68187,-0.070894904
625,TRANSFER,1287414.16,C101233,280327.38,0.0,MULE166605,0.0,1287414.16,10,468,1,2,1,1,6.067411533899811,2.0,157,0.6,-1.2151053,0.27394807,1.6886374,-0.81756604,-1.2844988,-3.744847,-0.08935719
625,TRANSFER,2276.36,C100389,93527.03,91250.67,C100379,88961.09,91237.45,1,713,0,0,1,1,0.03178405545794754,0.024339060055686576,0,0.0,-2.9275367,-1.8225812,-5.6584744,-0.4786451,-0.53900033,2.4156675,-0.16548668
625,TRANSFER,35114.77,C100353,125124.88,90010.11,C100908,23413.3,58528.07,1,717,0,0,1,1,0.3861752996658572,0.28063779162065927,0,0.0,-2.9275367,-1.8225812,-5.6584744,-0.4786451,-0.53900033,2.4156675,-0.16548668
625,TRANSFER,8230.17,C101941,68513.86,60283.69,C101800,67310.61,75540.78,1,624,0,1,1,1,0.10165950745143858,0.12012416173895325,1,0.0,-3.1689122,-1.6310449,-5.658995,0.23524648,-0.54346305,2.3775933,-0.114915565
625,TRANSFER,14893.44,C101174,250739.35,235845.92,C100917,888371.37,903264.81,1,645,0,1,1,1,1.0287970087103795,0.05939809607068057,0,0.0,-3.154489,-1.6310449,-5.658995,0.23644252,-0.54399574,2.3775933,-0.13000211
625,TRANSFER,937.85,C101330,100991.28,100053.43,C101310,53776.77,54714.62,1,617,0,0,1,1,0.4111950869826046,0.009286445324784476,8,0.0,-2.9482374,-1.8289956,-5.6584744,-0.47670233,-0.53846765,2.4334252,-0.1168933
625,TRANSFER,1076885.67,C100478,246367.37,0.0,C101729,132774.58,1209660.24,8,568,0,4,1,1,6.664360936664909,2.0,57,0.1,-1.3490659,0.17959356,1.4889318,-0.79844284,-1.4945712,-4.5537186,-0.09587538
626,TRANSFER,4936.98,C101173,103484.35,98547.37,C101221,109364.94,114301.93,2,651,0,6,1,1,0.04038457997216044,0.04770750359837018,0,0.0,-3.1835835,-1.4740888,-5.370311,0.0025883997,-0.6205254,2.5949473,-0.116349414
626,TRANSFER,58306.62,C100771,197215.05,138908.43,C101628,430339.22,488645.83,2,683,0,0,1,1,1.1769133458431158,0.2956499516644394,0,0.0,-2.9705603,-1.8473557,-5.6584744,-0.4786451,-0.53900033,2.3465033,-0.16548668
626,TRANSFER,3789.74,C100249,399834.71,396044.97,C100444,263869.97,267659.71,2,690,0,0,1,1,0.09134234112135493,0.00947826665673923,0,0.0,-2.9705603,-1.8473557,-5.6584744,-0.4786451,-0.53900033,2.3465033,-0.16548668
626,TRANSFER,1490313.53,C100281,100310.61,0.0,C101607,574754.45,2065067.98,18,-419,0,0,1,1,15.642636029994218,2.0,1045,21.1,0.4592567,1.1112261,1.8389689,-0.08285389,-0.88796383,-4.8114314,1.0207019
626,TRANSFER,14531.1,C101771,19679.27,5148.18,C100098,11273.69,25804.79,2,615,0,3,1,1,0.9659187756616645,0.7383962921388852,11,0.0,-3.1974866,-1.5526506,-5.402201,-0.1666006,-0.6284218,2.6123261,-0.070136845
626,TRANSFER,2211.11,C101327,106613.37,104402.25,C100680,433408.72,435619.83,2,707,0,1,1,1,0.8278433563166061,0.0207395188802305,0,0.0,-3.1975121,-1.6558194,-5.658995,0.23644252,-0.54399574,2.3084285,-0.13000211
626,TRANSFER,13389.22,C100202,110079.71,96690.49,C101982,64277.43,77666.65,2,710,0,0,1,1,0.9970202872781837,0.12163204281697325,0,0.0,-2.9705603,-1.8473557,-5.6584744,-0.4786451,-0.53900033,2.3465033,-0.16548668
626,TRANSFER,32784.65,C101103,349120.81,316336.16,C101567,23661.1,56445.75,2,713,0,1,1,1,0.3224923494345004,0.09390631856061517,0,0.0,-3.1975121,-1.6558194,-5.658995,0.23644252,-0.54399574,2.3084285,-0.13000211
626,TRANSFER,17735.52,C100181,130785.96,113050.44,C101498,74776.87,92512.39,2,620,0,0,1,1,1.0670936489714493,0.1356072165544375,6,0.0,-2.991261,-1.8473557,-5.6584744,-0.47670233,-0.53846765,2.364261,-0.12330755
626,TRANSFER,1298106.24,C101979,250264.85,0.0,C100964,24063.51,1322169.75,4,-438,1,3,0,1,18.074706855202948,2.0,1064,100.0,1.5042353,0.54906523,2.0600235,-0.124802,3.4506686,3.4638858,0.3792158
626,TRANSFER,19637.68,C101986,25622.7,5985.02,C101831,1292561.14,1312198.83,2,703,0,1,1,1,1.2487505058148316,0.7664172784288931,0,0.0,-3.1975121,-1.6558194,-5.658995,0.23644252,-0.54399574,2.3084285,-0.13000211
626,TRANSFER,10222.24,C101908,28318.74,18096.49,C100697,117566.14,127788.39,2,679,0,2,1,1,0.19325410193790007,0.36097086240418885,0,0.0,-3.2061844,-1.5210766,-5.413605,-0.23514885,-0.57324165,2.6205006,-0.11812753
626,TRANSFER,9229.3,C100475,103133.23,93903.92,C101910,500374.8,509604.1,2,646,0,1,1,1,0.9548773308585339,0.08948910065165223,0,0.0,-3.1975121,-1.6558194,-5.658995,0.23644252,-0.54399574,2.3084285,-0.13000211
627,TRANSFER,100.0,C101719,138278.52,138178.52,C101173,103484.35,103584.35,3,696,0,0,1,1,0.027092714411470927,0.0007231781190599958,0,0.0,-2.9705603,-1.8473557,-5.6584744,-0.4786451,-0.53900033,2.3465033,-0.16548668
627,TRANSFER,9771.55,C100053,3044740.12,3034968.56,C100346,79886.4,89657.95,3,660,0,1,1,1,0.9479161260505333,0.003209321523309516,0,0.0,-3.1975121,-1.6558194,-5.658995,0.23644252,-0.54399574,2.3084285,-0.13000211
627,TRANSFER,6104.81,C101213,28847.68,22742.87,C100262,116523.26,122628.06,3,692,0,2,1,1,0.9670724677965142,0.21162221710723358,0,0.0,-3.2061844,-1.5210766,-5.413605,-0.23514885,-0.57324165,2.6205006,-0.11812753
627,TRANSFER,9607.58,C101944,435591.72,425984.14,C101550,40488.99,50096.57,3,697,0,1,1,1,1.0380519166416946,0.022056388032352867,0,0.0,-3.1975121,-1.6558194,-5.658995,0.23644252,-0.54399574,2.3084285,-0.13000211
627,TRANSFER,110831.92,C100190,235936.51,125104.59,C101408,178459.75,289291.67,3,656,0,0,1,1,1.4155069946288226,0.46975315520264327,0,0.0,-2.9705603,-1.8473557,-5.6584744,-0.4786451,-0.53900033,2.3465033,-0.16548668
627,TRANSFER,14605.41,C100181,130785.96,116180.55,C101408,178459.75,193065.16,3,620,0,1,1,1,0.8787642116850306,0.11167414300434082,7,0.0,-3.2119353,-1.6622338,-5.658995,0.23524648,-0.54346305,2.3261864,-0.08454759
628,TRANSFER,11454.34,C101981,72637.19,61182.85,C101724,87471.34,98925.68,4,638,0,0,1,1,1.4950213500136968,0.15769249884253506,0,0.0,-3.013765,-1.8913609,-5.6584744,-0.4786451,-0.54374427,2.2253532,-0.16548668
628,TRANSFER,11145.96,C100471,58695.64,47549.68,C100776,192354.33,203500.29,4,622,0,1,1,1,1.2004304226835423,0.18989417271879136,6,0.0,-3.2551405,-1.6998246,-5.658995,0.23524648,-0.5482069,2.2050364,-0.09096184
628,TRANSFER,19902.73,C100181,130785.96,110883.22,C100195,10640.54,30543.27,4,620,0,2,1,1,1.1974882484524576,0.1521778790322753,8,0.0,-3.2638125,-1.5714961,-5.413605,-0.23634487,-0.57745284,2.517109,-0.072673015
628,TRANSFER,10058.32,C101986,25622.7,15564.38,C100738,1885855.89,1895914.21,4,703,0,2,1,1,0.639603669458278,0.3925550390864351,0,0.0,-3.2493896,-1.5650817,-5.413605,-0.23514885,-0.5779855,2.499351,-0.11812753
628,TRANSFER,17421.67,C100646,706744.8,689323.12,C101570,235826.01,253247.69,4,644,0,0,1,1,0.6779072893560535,0.024650581086694937,0,0.0,-3.013765,-1.8913609,-5.6584744,-0.4786451,-0.54374427,2.2253532,-0.16548668
629,TRANSFER,3669.74,C101331,94692.01,91022.27,C100824,99808.43,103478.17,5,637,0,1,1,1,0.8579612213899063,0.03875448414285429,0,0.0,-2.5943441,-1.4646981,-3.7594745,0.19323318,-0.7246261,-2.5989926,-0.15695137
629,TRANSFER,22506.87,C100186,85291.81,62784.94,C101659,99227.37,121734.24,5,616,0,1,1,1,1.3774771464692572,0.2638807876160677,13,0.0,-2.608767,-1.4714916,-3.7594745,0.19203712,-0.7240934,-2.5816138,-0.110738836
629,TRANSFER,1462949.88,C100139,447278.99,0.0,MULE491187,0.0,1462949.88,1,-17,1,5,0,1,5.648213395963342,2.0,646,100.0,1.4978392,-0.8848787,2.055436,-0.08161793,3.9220703,3.1246586,0.62341624
629,TRANSFER,20446.1,C101031,196070.78,175624.69,C100309,135091.08,155537.18,5,687,0,0,1,1,1.2483552682291505,0.10427917918213003,0,0.0,-2.3673913,-1.6530298,-3.7581031,-0.6128197,-0.6993303,-2.6518826,-0.21017267
630,TRANSFER,1521563.46,C100770,315297.04,0.0,MULE550882,0.0,1521563.46,10,17,1,6,0,1,12.040812150902548,2.0,613,99.9,1.0759171,-0.050329313,1.7697628,-0.010572292,4.932326,-2.4344885,1.2469181
630,TRANSFER,26970.6,C100374,64496.31,37525.71,C100331,15321.17,42291.77,6,691,0,0,1,1,0.39665227520753976,0.41817276058118674,0,0.0,-2.3673913,-1.6530298,-3.7581031,-0.6128197,-0.6993303,-2.6518826,-0.21017267
630,TRANSFER,9199.7,C100475,103133.23,93933.52,C100823,28639.94,37839.64,6,646,0,1,1,1,0.951814870109245,0.08920209325355175,0,0.0,-2.5943441,-1.4646981,-3.7594745,0.19323318,-0.7246261,-2.5989926,-0.15695137
630,TRANSFER,20439.7,C100222,109446.62,89006.92,C100262,116523.26,136962.95,6,617,0,0,1,1,1.220446694345339,0.18675496785556284,13,0.0,-2.3880923,-1.6598232,-3.7581031,-0.61087686,-0.6987975,-2.634504,-0.16082121
630,TRANSFER,2673.54,C100715,107051.64,104378.1,C101715,35142.99,37816.52,6,687,0,2,1,1,0.6835678558496783,0.02497430212185446,0,0.0,-2.5982978,-1.2960657,-3.47151,-0.35090783,-0.76111835,-2.3594697,-0.14507683
630,TRANSFER,12279.74,C100966,535998.94,523719.2,C100913,6754.45,19034.19,6,618,0,0,1,1,1.276871459442446,0.022910007993672526,12,0.0,-2.3880923,-1.6598232,-3.7581031,-0.61087686,-0.6987975,-2.634504,-0.16082121
630,TRANSFER,10757.62,C101128,41300.37,30542.75,C100269,57149.3,67906.93,6,712,0,2,1,1,1.073755592931467,0.26047272699978236,0,0.0,-2.5982978,-1.2960657,-3.47151,-0.35090783,-0.76111835,-2.3594697,-0.14507683
630,TRANSFER,18098.53,C100167,21718.24,3619.71,C101121,123329.63,141428.16,6,702,0,0,1,1,0.9519918600028807,0.833333179852511,0,0.0,-2.3673913,-1.6530298,-3.7581031,-0.6128197,-0.6993303,-2.6518826,-0.21017267
630,TRANSFER,2682.45,C101550,40488.99,37806.54,C101025,100296.29,102978.74,6,620,0,1,1,1,1.0042166923686398,0.06625134388385583,10,0.0,-2.608767,-1.4714916,-3.7594745,0.19203712,-0.7240934,-2.5816138,-0.110738836
631,TRANSFER,10305.26,C101128,41300.37,30995.11,C101402,41954.61,52259.87,7,712,0,3,1,1,1.0286039627364536,0.24951979849090938,0,0.0,-2.475803,-1.2916518,-3.3898907,0.0047643343,-0.84333175,-2.099094,-0.14329872
631,TRANSFER,3743.89,C101722,303194.72,299450.83,C101198,337630.74,341374.63,7,644,0,0,1,1,0.02598294089977067,0.012348137197112141,0,0.0,-2.3673913,-1.6530298,-3.7581031,-0.6128197,-0.6993303,-2.6518826,-0.21017267
632,TRANSFER,35503.63,C100196,79509.48,44005.85,C100688,462411.62,497915.24,8,713,0,1,1,1,1.3582086860858824,0.4465332938914957,0,0.0,-2.5943441,-1.4646981,-3.7594745,0.19323318,-0.7246261,-2.5989926,-0.15695137
632,TRANSFER,2682.25,C101989,33200.66,30518.41,C101498,74776.87,77459.12,8,643,0,0,1,1,0.8968554708864399,0.08078905660309162,0,0.0,-2.3673913,-1.6530298,-3.7581031,-0.6128197,-0.6993303,-2.6518826,-0.21017267
632,TRANSFER,2301.05,C101989,33200.66,30899.61,C100921,129203.93,131504.98,8,643,0,0,1,1,0.7693948294466372,0.06930735714290016,0,0.0,-2.3673913,-1.6530298,-3.7581031,-0.6128197,-0.6993303,-2.6518826,-0.21017267
632,TRANSFER,3655.45,C100866,182073.63,178418.19,C101833,38959.33,42614.78,8,679,0,0,1,1,0.9101192331305595,0.02007676784386624,0,0.0,-2.3673913,-1.6530298,-3.7581031,-0.6128197,-0.6993303,-2.6518826,-0.21017267
632,TRANSFER,3403.0,C101591,497220.01,493817.01,C101288,60635.73,64038.73,8,719,0,1,1,1,1.028669623963365,0.00684405279666842,0,0.0,-2.5943441,-1.4646981,-3.7594745,0.19323318,-0.7246261,-2.5989926,-0.15695137
632,TRANSFER,1418248.51,C101533,150590.11,0.0,C101690,233752.34,1652000.85,11,116,0,0,1,1,19.913109404419206,2.0,516,0.9,-0.029454304,-0.6656304,1.7455621,-0.5182073,-1.1836427,-4.2060943,0.0676033
632,TRANSFER,7420.16,C101771,19679.27,12259.12,C100085,250819.18,258239.33,8,615,0,4,1,1,0.493236703512718,0.37705463668113703,17,0.0,-2.4907455,-1.2989758,-3.3579998,0.048303876,-0.83982784,-2.081715,-0.09708615
632,TRANSFER,1266.6,C100340,582657.36,581390.76,C100466,58185.45,59452.04,8,633,0,1,1,1,0.7821014484252072,0.002173833348642502,0,0.0,-2.5943441,-1.4646981,-3.7594745,0.19323318,-0.7246261,-2.5989926,-0.15695137
632,TRANSFER,2299688.36,C100777,56581.62,0.0,MULE700979,0.0,2299688.36,1,464,1,3,0,1,18.861835474127364,2.0,168,100.0,3.8280613,0.47668338,2.119758,-0.049707167,2.8590472,3.0455046,0.09911557
633,TRANSFER,5673.22,C100539,210551.59,204878.37,C100133,145642.03,151315.25,9,694,0,1,1,1,0.9984111786742044,0.026944560238182008,0,0.0,-2.5943441,-1.4526827,-3.7594745,0.19323318,-0.7246261,-2.6110082,-0.15695137
633,TRANSFER,2162609.09,C101201,398791.89,0.0,C101355,15928.86,2178537.95,2,-13,1,5,0,1,9.677617342080747,2.0,646,100.0,3.3388932,0.04701314,2.1165247,-0.16500919,2.5113883,2.5225487,0.20036566
633,TRANSFER,35772.8,C100646,706744.8,670972.0,C100739,524649.19,560421.99,9,644,0,1,1,1,1.3919814736862905,0.05061629034978397,0,0.0,-2.5943441,-1.4526827,-3.7594745,0.19323318,-0.7246261,-2.6110082,-0.15695137
633,TRANSFER,1120968.84,C101894,209607.64,0.0,C100167,12694.56,1133663.4,14,-234,0,3,1,1,19.157936336303823,2.0,867,0.3,-0.8618702,-1.0038881,1.7486507,-1.4151479,-1.7375675,-2.8718238,0.34436095
633,TRANSFER,3575.84,C101466,506333.03,502757.19,C100209,58627.52,62203.36,9,687,0,1,1,1,0.9432845868685007,0.007062229378952426,0,0.0,-2.5943441,-1.4526827,-3.7594745,0.19323318,-0.7246261,-2.6110082,-0.15695137
633,TRANSFER,141688.96,C100905,170026.75,28337.79,C101742,12707.15,154396.11,9,695,0,0,1,1,1.3069481248553838,0.8333333431357124,0,0.0,-2.3673913,-1.6410142,-3.7581031,-0.6128197,-0.6993303,-2.6638985,-0.21017267
633,TRANSFER,12475.54,C101699,22649.15,10173.6,C101081,26093.37,38568.91,9,700,0,0,1,1,0.8156072689199826,0.5508171388330246,0,0.0,-2.3673913,-1.6410142,-3.7581031,-0.6128197,-0.6993303,-2.6638985,-0.21017267
633,TRANSFER,1095446.92,C101228,206633.58,0.0,C100754,360342.98,1455789.89,12,35,0,0,1,1,17.367926486431585,2.0,598,1.8,-0.8994018,0.5768759,1.7350051,-0.33950856,-1.1812805,-4.668401,0.7193965
634,TRANSFER,21521.41,C101398,25825.69,4304.28,C101247,19538.83,41060.24,10,636,0,0,1,1,0.30938591029612034,0.8333333978685565,0,0.0,-2.559749,-1.6295782,-3.8895862,-0.60748893,-0.70966333,-2.3464909,-0.21017267
634,TRANSFER,3503.32,C100715,107051.64,103548.31,C100687,74033.63,77536.96,10,687,0,2,1,1,0.8957251212831284,0.032725514527381365,0,0.0,-2.7936113,-1.2726141,-3.6029925,-0.3931404,-0.77490693,-2.1016405,-0.14507683
634,TRANSFER,67803.3,C100976,81363.96,13560.66,C100331,15321.17,83124.47,10,654,0,1,1,1,1.626645570427172,0.8333333333333333,0,0.0,-2.7867017,-1.4412465,-3.890957,0.19856392,-0.7349593,-2.2936003,-0.15695137
634,TRANSFER,11952.66,C101017,351030.05,339077.39,C101857,99947.73,111900.4,10,703,0,0,1,1,1.2578609845536102,0.03405024726515579,0,0.0,-2.559749,-1.6295782,-3.8895862,-0.60748893,-0.70966333,-2.3464909,-0.21017267
634,TRANSFER,1674.99,C101024,80459.43,78784.44,C100735,60880.03,62555.02,10,643,0,0,1,1,0.9495961164508138,0.020817820857045595,0,0.0,-2.559749,-1.6295782,-3.8895862,-0.60748893,-0.70966333,-2.3464909,-0.21017267
634,TRANSFER,7382.99,C101981,72637.19,65254.2,C101673,9709.82,17092.82,10,638,0,1,1,1,0.9636284305283084,0.1016420101052918,0,0.0,-2.7867017,-1.4412465,-3.890957,0.19856392,-0.7349593,-2.2936003,-0.15695137
634,TRANSFER,11604.87,C101058,44080.94,32476.07,C100384,224323.73,235928.59,10,624,0,1,1,1,0.8042806645920776,0.26326276163802315,10,0.0,-2.801125,-1.44804,-3.890957,0.19736789,-0.73442656,-2.2762215,-0.110738836
634,TRANSFER,1127.32,C100739,524649.19,523521.87,C100377,42666.69,43794.01,10,682,0,0,1,1,0.021376534248258135,0.002148711980285341,0,0.0,-2.559749,-1.6295782,-3.8895862,-0.60748893,-0.70966333,-2.3464909,-0.21017267
634,TRANSFER,21188.47,C100167,25426.16,4237.69,C101277,7848.35,29036.82,10,702,0,1,1,1,1.1145242716350576,0.8333334644319079,0,0.0,-2.7867017,-1.4412465,-3.890957,0.19856392,-0.7349593,-2.2936003,-0.15695137
634,TRANSFER,42697.55,C100804,51237.05,8539.51,C100739,524649.19,567346.73,10,715,0,0,1,1,0.3458084197276315,0.8333334959760564,0,0.0,-2.559749,-1.6295782,-3.8895862,-0.60748893,-0.70966333,-2.3464909,-0.21017267
635,TRANSFER,1895374.06,C100354,23808.04,0.0,MULE510646,0.0,1895374.06,1,75,1,5,0,1,16.878440761697657,2.0,560,100.0,3.272289,0.8108799,2.115972,-0.13814425,2.702739,2.5793495,-0.30114284
635,TRANSFER,8954.34,C100536,34947.02,25992.68,C101333,61268.43,70222.78,11,635,0,0,1,1,0.10256922769676192,0.2562261388810835,0,0.0,-2.3507016,-1.4610878,-3.8880417,-0.61479807,-0.71769863,-2.7883985,-0.18055879
635,TRANSFER,10802.26,C100856,91746.0,80943.74,C100086,88049.73,98851.99,11,669,0,0,1,1,0.5902925047492956,0.11774093693458025,0,0.0,-2.3507016,-1.4610878,-3.8880417,-0.61479807,-0.71769863,-2.7883985,-0.18055879
635,TRANSFER,40567.53,C101181,48681.04,8113.51,C100859,33936.68,74504.21,11,716,0,0,1,1,1.3423970484150165,0.8333332648604056,0,0.0,-2.3507016,-1.4610878,-3.8880417,-0.61479807,-0.71769863,-2.7883985,-0.18055879
635,TRANSFER,1818.31,C100739,524649.19,522830.88,C101301,1171925.85,1173744.16,11,682,0,1,1,1,0.034479265859694005,0.003465763475209025,0,0.0,-2.5867443,-1.2727561,-3.8894126,0.2230149,-0.7429945,-2.703748,-0.1273375
635,TRANSFER,12058.45,C100029,55620.12,43561.67,C101476,7593.13,19651.58,11,616,0,1,1,1,0.22203924204902475,0.21680014354517754,19,0.0,-2.6011677,-1.28071,-3.8894126,0.22181885,-0.74246174,-2.7066448,-0.10140055
635,TRANSFER,30997.01,C100754,360342.98,329345.96,C100988,128846.79,159843.8,11,626,0,0,1,1,0.38254128870204146,0.08602085157868207,9,0.0,-2.3714025,-1.4675022,-3.8880417,-0.6128553,-0.7171659,-2.7914965,-0.15282118
635,TRANSFER,11828.88,C100294,399485.73,387656.85,C100837,130197.36,142026.25,11,698,0,0,1,1,1.1682407208151273,0.029610269182831637,0,0.0,-2.3507016,-1.4610878,-3.8880417,-0.61479807,-0.71769863,-2.7883985,-0.18055879
636,TRANSFER,3406.58,C100112,294632.96,291226.38,C101137,354627.14,358033.72,12,702,0,0,1,1,0.0682865826589479,0.01156211443553362,0,0.0,-2.3502975,-1.4680284,-3.8880417,-0.65513396,-0.71785885,-2.8872056,-0.18109499
636,TRANSFER,11012.45,C101275,25377.45,14365.0,C100497,7107.8,18120.24,12,617,0,0,1,1,0.8112009759835875,0.4339462790784732,19,0.0,-2.3709981,-1.4759823,-3.8880417,-0.6531912,-0.7173261,-2.8901024,-0.15201911
636,TRANSFER,4716.81,C101760,57933.68,53216.88,C101085,239711.46,244428.27,12,620,0,0,1,1,0.0732873561509863,0.08141740693841648,16,0.0,-2.3709981,-1.4759823,-3.8880417,-0.6531912,-0.7173261,-2.8901024,-0.15201911
636,TRANSFER,13095.99,C101017,351030.05,337934.07,C101234,55178.19,68274.18,12,703,0,1,1,1,1.3781814989386658,0.03730731884634948,0,0.0,-2.5863402,-1.2650838,-3.8894126,0.24856035,-0.7431547,-2.7366734,-0.1278737
637,TRANSFER,8758.83,C100944,84244.5,75485.67,C101600,315493.93,324252.76,13,698,0,1,1,1,0.08844132508441271,0.1039691611915318,0,0.0,-2.5863402,-1.2650838,-3.8894126,0.24856035,-0.74875313,-2.7310748,-0.1278737
637,TRANSFER,1120139.79,C100363,175676.79,0.0,C101474,20518.58,1140658.36,10,-449,0,3,1,1,20.25357748275242,2.0,1086,1.3,-0.99396956,0.032312628,1.6049234,-0.95248085,-1.6211109,-2.8888059,0.47874555
637,TRANSFER,5608.33,C101466,506333.03,500724.7,C101998,45273.43,50881.76,13,687,0,1,1,1,1.4794429412591776,0.011076366082615625,0,0.0,-2.5863402,-1.2650838,-3.8894126,0.24856035,-0.74875313,-2.7310748,-0.1278737
637,TRANSFER,1329.86,C101024,80459.43,79129.57,C100012,217631.13,218960.99,13,643,0,1,1,1,0.7539327944783426,0.01652832986761154,0,0.0,-2.5863402,-1.2650838,-3.8894126,0.24856035,-0.74875313,-2.7310748,-0.1278737
637,TRANSFER,4258.74,C101550,40488.99,36230.25,C101556,76584.05,80842.79,13,620,0,2,1,1,1.5943252610330185,0.10518266817720076,17,0.0,-2.6095324,-1.1044048,-3.5718427,-0.5416926,-0.80398566,-2.7393641,-0.09006216
637,TRANSFER,3021.43,C100858,65675.02,62653.59,C100992,91963.71,94985.14,13,631,0,1,1,1,1.386574700422218,0.04600577205762556,6,0.0,-2.6007633,-1.2650838,-3.8894126,0.2473643,-0.7482204,-2.7341728,-0.10968925
637,TRANSFER,1327853.49,C101519,217114.95,0.0,C101273,7182.62,1335036.11,4,-348,1,5,0,1,13.015957428581357,2.0,985,100.0,1.6920236,-0.008673436,2.0540743,-0.2005375,3.051271,3.3186612,0.6575286
638,TRANSFER,1253135.36,C100494,365416.08,0.0,C100662,65064.91,1318200.27,12,-479,0,0,1,1,18.63669976143126,2.0,1117,0.5,-0.8312549,-0.6606609,1.7105794,-0.36920798,-1.2807957,-4.605884,0.60820836
638,TRANSFER,1287537.54,C100707,3184.91,0.0,C100500,191701.0,1479238.54,11,97,0,0,1,1,8.750302795069164,2.0,541,0.6,-0.8150678,-0.21185714,1.7316248,-0.40911356,-1.1215886,-4.5235925,0.17811891
638,TRANSFER,1940535.6,C100284,171145.78,0.0,MULE960693,0.0,1940535.6,2,93,1,0,1,1,21.033794367720176,2.0,545,100.0,4.6337748,0.46246824,2.3982809,-0.25754428,-0.39021653,4.216508,0.038090654
638,TRANSFER,1085425.25,C100043,39492.77,0.0,C100049,25653.92,1111079.16,17,-174,0,0,1,1,14.862766524036408,2.0,812,5.3,-0.7387403,1.3913223,1.7955117,-0.06036609,-1.0097227,-4.9013467,0.5998572
639,TRANSFER,5857.87,C100333,94814.33,88956.46,C101026,238680.24,244538.11,15,670,0,0,1,1,1.262708740647492,0.061782538567746036,0,0.0,-2.3022633,-1.6976554,-4.3030157,-0.5784466,-0.73515767,-1.5700923,-0.1342198
639,TRANSFER,1248817.93,C101717,168371.9,0.0,C100720,121885.89,1370703.82,12,-210,0,0,1,1,18.50792748656231,2.0,849,0.5,-0.8312549,-0.6606609,1.7105794,-0.36920798,-1.2807957,-4.605884,0.60820836
639,TRANSFER,1218630.54,C100114,177594.96,0.0,C101805,4229.44,1222859.98,18,99,0,0,1,1,15.422838458938063,2.0,540,4.2,-0.7193563,1.713427,1.7955117,-0.09369747,-1.016643,-4.9478445,0.109769166
639,TRANSFER,12740.07,C101639,19628.27,6888.2,C101702,40569.74,53309.81,15,648,0,0,1,1,1.2324851901852538,0.6490673910640112,0,0.0,-2.3022633,-1.6976554,-4.3030157,-0.5784466,-0.73515767,-1.5700923,-0.1342198
639,TRANSFER,1785.01,C100408,5729.4,3944.39,C100238,33422.75,35207.76,15,716,0,0,1,1,0.043444482006876714,0.31155269312667994,0,0.0,-2.3022633,-1.6976554,-4.3030157,-0.5784466,-0.73515767,-1.5700923,-0.1342198
639,TRANSFER,12360.89,C100181,130785.96,118425.06,C100540,175657.15,188018.05,15,620,0,3,1,1,0.743718098743916,0.09451236203029743,19,0.0,-2.4617276,-1.3379166,-3.9051976,-0.40523726,-0.892741,-1.4633797,-0.041408867
639,TRANSFER,4137.82,C100249,399834.71,395696.89,C100457,47785.7,51923.52,15,690,0,1,1,1,0.09973195151613695,0.010348826393786571,0,0.0,-2.5383062,-1.4947108,-4.3043866,0.3252477,-0.76045364,-1.4195604,-0.08099857
639,TRANSFER,10409.48,C101903,74811.61,64402.13,C100158,222566.63,232976.11,15,718,0,1,1,1,0.940288076431413,0.13914257426086674,0,0.0,-2.5383062,-1.4947108,-4.3043866,0.3252477,-0.76045364,-1.4195604,-0.08099857
639,TRANSFER,20225.31,C101146,269072.98,248847.66,C100211,319816.42,340041.73,15,644,0,0,1,1,1.0319880522872398,0.07516663323088034,0,0.0,-2.3022633,-1.6976554,-4.3030157,-0.5784466,-0.73515767,-1.5700923,-0.1342198
640,TRANSFER,1004348.23,C100478,246367.37,0.0,C101843,909414.15,1913762.38,15,568,0,7,1,1,6.215459354028309,2.0,72,0.9,-0.84373546,-0.012369889,1.7573614,-1.2215233,-1.5395511,-2.7460916,-0.13336976
640,TRANSFER,1626128.83,C100443,239816.9,0.0,C101868,49537.0,1675665.83,1,256,1,0,1,1,14.309656739493064,2.0,384,100.0,4.694471,0.33534852,2.4104836,-0.28343377,-0.31820804,3.8127384,-0.13253918
640,TRANSFER,3443.87,C100583,148415.39,144971.51,C100736,31783.18,35227.05,16,616,0,1,1,1,0.7275138391151944,0.02320426473292291,24,0.0,-2.6504765,-1.5858123,-4.407063,0.2892488,-0.7044102,-0.061085545,0.016243953
640,TRANSFER,1653681.55,C101108,20906.06,0.0,MULE779401,0.0,1653681.55,3,415,1,1,1,1,11.61051459895564,2.0,225,100.0,4.501907,0.2833957,2.4107864,0.1368959,-0.34095904,3.806738,-0.1727547
640,TRANSFER,39950.88,C100797,72473.38,32522.5,C101367,70277.29,110228.17,16,715,0,0,1,1,1.175770859991564,0.551249024124444,0,0.0,-2.4084365,-1.8530564,-4.405692,-0.42836732,-0.6958916,-0.017503984,-0.10854335
641,TRANSFER,8852.79,C101903,74811.61,65958.82,C100066,314098.16,322950.95,17,718,0,2,1,1,0.7996723064121598,0.11833444033619916,0,0.0,-2.6796932,-1.1438808,-3.698245,-0.6355463,-0.73324513,-3.2204752,-0.07220097
641,TRANSFER,19783.47,C101606,23740.16,3956.69,C100692,91492.86,111276.33,17,704,0,0,1,1,0.867471591875855,0.8333334737423843,0,0.0,-2.4048355,-1.5622406,-4.014444,-0.41962254,-0.65570605,-3.0350525,-0.120689884
641,TRANSFER,39071.39,C101928,46885.67,7814.28,C100692,91492.86,130564.25,17,694,0,0,1,1,1.2486298556495263,0.8333332977858694,0,0.0,-2.4048355,-1.5622406,-4.014444,-0.41962254,-0.65570605,-3.0350525,-0.120689884
641,TRANSFER,1149275.19,C100670,226222.67,0.0,C100733,56680.89,1205956.08,10,-151,0,0,1,1,12.076708867458708,2.0,792,3.4,-0.82556325,0.28619662,1.7395083,-0.3009426,-1.1011668,-4.1580186,0.97872066
641,TRANSFER,8659.57,C100892,88184.09,79524.51,C101184,225959.19,234618.77,17,623,0,0,1,1,0.9204012531146337,0.09819877939433293,18,0.0,-2.4255364,-1.5701944,-4.014444,-0.41767973,-0.65517336,-3.0379493,-0.09161406
641,TRANSFER,1037991.22,C101549,195268.96,0.0,MULE196044,0.0,1037991.22,23,39,1,5,0,1,17.277500337208654,2.0,602,100.0,0.33655018,0.57094234,1.9571837,-0.47790432,4.2363343,1.3694854,0.46302506
641,TRANSFER,17868.64,C100202,110079.71,92211.07,C100066,314098.16,331966.8,17,710,0,1,1,1,1.3305776278282413,0.1623245555425246,0,0.0,-2.6324522,-1.3125136,-4.015815,0.2991896,-0.6647574,-3.069403,-0.08520533
641,TRANSFER,8753.91,C100486,112254.74,103500.83,C100262,116523.26,125277.17,17,664,0,1,1,1,1.3627889813574343,0.07798254220712639,0,0.0,-2.6324522,-1.3125136,-4.015815,0.2991896,-0.6647574,-3.069403,-0.08520533
642,TRANSFER,20946.04,C100167,25135.24,4189.21,C101428,938993.44,959939.47,18,702,0,2,1,1,1.1017723306420324,0.8333335985652016,0,0.0,-2.6809976,-1.1438808,-3.698245,-0.6368506,-0.73324513,-3.2178664,-0.07220097
642,TRANSFER,4517.59,C101015,50008.3,45490.72,C100911,951227.72,955745.31,18,626,0,0,1,1,0.05636894669453171,0.09033680409052097,16,0.0,-2.433686,-1.5701944,-4.014444,-0.4155612,-0.65517336,-3.0319183,-0.09161406
642,TRANSFER,8609.65,C101321,67793.07,59183.42,C101907,28073.79,36683.44,18,627,0,0,1,1,1.142594013425392,0.1269989690686673,15,0.0,-2.433686,-1.5701944,-4.014444,-0.4155612,-0.65517336,-3.0319183,-0.09161406
642,TRANSFER,18154.54,C100979,1559065.07,1540910.52,C101784,881918.41,900072.95,18,697,0,0,1,1,0.8799688987186832,0.011644504356703982,0,0.0,-2.412985,-1.5622406,-4.014444,-0.41750395,-0.65570605,-3.0290215,-0.120689884
643,TRANSFER,42905.76,C101890,51486.91,8581.15,C101526,156634.13,199539.89,19,660,0,0,1,1,1.2071870601293053,0.8333333657040207,0,0.0,-2.412985,-1.5622406,-4.014444,-0.41750395,-0.65570605,-3.0290215,-0.120689884
643,TRANSFER,1351574.2,C101918,128752.9,0.0,C101512,46595.12,1398169.32,12,441,0,1,1,1,21.242738777059532,2.0,202,3.9,1.1269785,-0.8371174,1.746361,0.28797263,-1.2048423,-4.136802,-0.23186882
643,TRANSFER,16733.71,C101941,68513.86,51780.14,C101058,44080.94,60814.65,19,624,0,1,1,1,0.20669569601055773,0.2442383190787966,19,0.0,-2.6481798,-1.3204675,-4.015815,0.29668936,-0.6642246,-3.069691,-0.059268337
643,TRANSFER,30030.45,C100646,706744.8,676714.35,C100315,153215.32,183245.77,19,644,0,2,1,1,1.1685367107540494,0.042491221725296034,0,0.0,-2.6809976,-1.1438808,-3.698245,-0.6368506,-0.73324513,-3.2178664,-0.07220097
643,TRANSFER,44351.23,C100157,53221.47,8870.25,C100241,37526.69,81877.92,19,714,0,0,1,1,0.6571699029544901,0.8333334272803814,0,0.0,-2.412985,-1.5622406,-4.014444,-0.41750395,-0.65570605,-3.0290215,-0.120689884
644,TRANSFER,20739.96,C101375,47576.89,26836.93,C100708,141876.16,162616.12,20,717,0,0,1,1,0.9935207153047345,0.43592508884040126,0,0.0,-2.44557,-1.9975752,-5.029045,-0.41750395,-0.60858834,-1.5936172,-0.120689884
644,TRANSFER,4978.91,C101213,28847.68,23868.78,C101307,229766.32,234745.23,20,692,0,1,1,1,0.7887168938323621,0.17259308200867451,0,0.0,-2.6663413,-1.7478483,-5.0304165,0.2978854,-0.61763954,-1.6313902,-0.08520533
644,TRANSFER,1366.84,C101024,80459.43,79092.59,C101553,12772.89,14139.73,20,643,0,2,1,1,0.7748977342011775,0.016987940381879413,1,0.0,-2.728006,-1.5792158,-4.712847,-0.6380466,-0.6855947,-1.7824625,-0.05711444
644,TRANSFER,22970.55,C100646,706744.8,683774.24,C100206,57103.04,80073.59,20,644,0,3,1,1,0.8938238002164945,0.03250190167653161,0,0.0,-2.6139798,-1.5831007,-4.6312284,-0.64815307,-0.74706364,-1.889063,-0.07069887
644,TRANSFER,7217.66,C101090,436172.18,428954.52,C101318,385512.8,392730.47,20,695,0,0,1,1,1.017744009538636,0.016547731219354704,0,0.0,-2.44557,-1.9975752,-5.029045,-0.41750395,-0.60858834,-1.5936172,-0.120689884
644,TRANSFER,34697.15,C100353,125124.88,90427.73,C101596,59096.95,93794.1,20,717,0,1,1,1,0.38158251638274143,0.27730016604211727,0,0.0,-2.6663413,-1.7478483,-5.0304165,0.2978854,-0.61763954,-1.6313902,-0.08520533
644,TRANSFER,4186.08,C100866,182073.63,177887.55,C100802,281850.82,286036.91,20,679,0,1,1,1,1.0422333555166048,0.022991138255440944,0,0.0,-2.6663413,-1.7478483,-5.0304165,0.2978854,-0.61763954,-1.6313902,-0.08520533
644,TRANSFER,19422.39,C101911,1806564.41,1787142.01,C101950,41258.27,60680.66,20,695,0,0,1,1,0.2069549211931229,0.01075100887213869,0,0.0,-2.44557,-1.9975752,-5.029045,-0.41750395,-0.60858834,-1.5936172,-0.120689884
645,TRANSFER,3329.75,C101719,138278.52,134948.77,C101595,1965557.82,1968887.57,21,696,0,1,1,1,0.9021196581159532,0.024080023419400208,0,0.0,-2.6663413,-1.7478483,-5.0304165,0.2978854,-0.61763954,-1.6313902,-0.08520533
645,TRANSFER,9117.69,C101688,2307746.1,2298628.41,C100796,193376.63,202494.32,21,699,0,0,1,1,0.7489730902484164,0.00395090690436006,0,0.0,-2.44557,-1.9975752,-5.029045,-0.41750395,-0.60858834,-1.5936172,-0.120689884
645,TRANSFER,28342.25,C100646,706744.8,678402.54,C100344,261472.1,289814.35,21,644,0,4,1,1,1.1028459310589405,0.040102523570035464,1,0.0,-2.6289225,-1.5836312,-4.599338,-0.60461354,-0.74355984,-1.889063,-0.055612337
645,TRANSFER,6525.23,C100672,56542.26,50017.02,C100593,232256.33,238781.56,21,673,0,0,1,1,0.07738652551566773,0.11540447799575042,0,0.0,-2.44557,-1.9975752,-5.029045,-0.41750395,-0.60858834,-1.5936172,-0.120689884
645,TRANSFER,1135024.85,C100633,99348.33,0.0,C101228,206633.58,1341658.43,18,-48,0,6,1,1,23.04424219983438,2.0,693,0.0,-0.85014427,-1.1634765,1.6343292,-1.5348758,-1.6137205,-5.612815,0.5063655
645,TRANSFER,5427.13,C101700,92914.14,87487.01,C100179,63064.25,68491.37,21,639,0,0,1,1,0.04187738987580126,0.058410162328360354,6,0.0,-2.466271,-1.9975752,-5.029045,-0.4155612,-0.60805565,-1.5967151,-0.09936658
645,TRANSFER,23290.37,C101606,27948.44,4658.07,C100294,399485.73,422776.1,21,704,0,1,1,1,1.0212432065394823,0.8333334526005745,0,0.0,-2.6663413,-1.7478483,-5.0304165,0.2978854,-0.61763954,-1.6313902,-0.08520533
645,TRANSFER,16053.82,C101422,354043.34,337989.53,C101766,299430.93,315484.74,21,680,0,0,1,1,0.9007033993896819,0.04534422254631311,0,0.0,-2.44557,-1.9975752,-5.029045,-0.41750395,-0.60858834,-1.5936172,-0.120689884
645,TRANSFER,20531.05,C100268,24637.27,4106.21,C101146,269072.98,289604.03,21,675,0,0,1,1,1.2837635936539176,0.8333329950923946,0,0.0,-2.44557,-1.9975752,-5.029045,-0.41750395,-0.60858834,-1.5936172,-0.120689884
646,TRANSFER,2139.42,C101399,54545.59,52406.16,C101270,361399.97,363539.39,22,665,0,0,1,1,0.016787628952957663,0.03922260259720355,0,0.0,-2.44557,-1.9975752,-5.029045,-0.41750395,-0.60858834,-1.5936172,-0.120689884
646,TRANSFER,27241.72,C100386,32690.06,5448.34,C101724,87471.34,114713.06,22,716,0,0,1,1,0.21477794179010132,0.8333334353011282,0,0.0,-2.44557,-1.9975752,-5.029045,-0.41750395,-0.60858834,-1.5936172,-0.120689884
646,TRANSFER,5531.99,C100486,112254.74,106722.76,C100595,36781.77,42313.75,22,664,0,1,1,1,0.8612077365405302,0.049280680708894783,0,0.0,-2.6663413,-1.7478483,-5.0304165,0.2978854,-0.61763954,-1.6313902,-0.08520533
646,TRANSFER,16547.35,C100202,110079.71,93532.37,C101189,19255.25,35802.59,22,710,0,2,1,1,1.2321885554716894,0.15032152610140415,0,0.0,-2.7135828,-1.5792158,-4.712847,-0.6368506,-0.6861274,-1.7824625,-0.07220097
646,TRANSFER,7786.65,C100486,112254.74,104468.09,C101970,15116.68,22903.32,22,664,0,1,1,1,1.2122081243337965,0.06936589047375638,0,0.0,-2.6663413,-1.7478483,-5.0304165,0.2978854,-0.61763954,-1.6313902,-0.08520533
646,TRANSFER,1157128.7,C101295,207824.01,0.0,C101226,32942.16,1190070.86,18,-225,0,4,1,1,17.125577270962726,2.0,871,0.1,-1.08649,0.12679972,1.6581994,-1.679746,-1.5196208,-5.5806174,0.469198
647,TRANSFER,55011.97,C100771,197215.05,142203.07,C101174,250739.35,305751.33,23,683,0,1,1,1,1.110411162130837,0.27894407652965636,0,0.1,-2.563915,-1.567181,-5.0304165,0.24583514,-0.58658135,2.3481047,-0.06157772
647,TRANSFER,4284.49,C100333,94814.33,90529.85,C101702,40569.74,44854.22,23,670,0,1,1,1,0.9235546320107433,0.04518821152878473,0,0.1,-2.563915,-1.567181,-5.0304165,0.24583514,-0.58658135,2.3481047,-0.06157772
647,TRANSFER,2785.59,C101806,36384.08,33598.49,C101279,0.0,2785.59,16,670,0,0,1,1,0.04922810067148668,0.07656068258425114,0,0.0,-2.4084365,-1.8530564,-4.405692,-0.42836732,-0.6958916,-0.017503984,-0.10854335
647,TRANSFER,10172.46,C101382,940394.7,930222.24,C101542,82056.23,92228.69,23,659,0,0,1,1,1.036868014324328,0.010817223874188146,0,0.0,-2.3431442,-1.7738352,-5.029045,-0.35394764,-0.57753015,2.5014837,-0.08444215
647,TRANSFER,1399942.67,C100011,832858.81,0.0,C101031,196070.78,1596013.46,19,604,0,1,1,1,19.87076458709801,1.680888348890732,43,0.1,-0.07347738,-1.1225587,0.44340578,0.10092652,-1.2505515,-5.0533085,-0.19191386
647,TRANSFER,23026.13,C100374,64496.31,41470.18,C100561,104325.36,127351.49,23,691,0,1,1,1,0.3386415894983644,0.35701468812711923,0,0.1,-2.563915,-1.567181,-5.0304165,0.24583514,-0.58658135,2.3481047,-0.06157772
648,TRANSFER,9700.64,C101360,92306.1,82605.46,C101706,79675.2,89375.84,0,658,0,0,1,1,0.10227749695234925,0.10509207950503811,0,0.0,-2.9275367,-1.8225812,-5.6584744,-0.4786451,-0.53900033,2.4156675,-0.16548668
648,TRANSFER,3101.64,C101806,36384.08,33282.44,C101082,0.0,3101.64,16,670,0,1,1,1,0.05481346722479257,0.08524717403875541,0,0.0,-2.6360533,-1.6033297,-4.407063,0.29044488,-0.70494294,-0.051854037,-0.073058784
648,TRANSFER,3755.57,C101806,36384.08,32628.51,C100617,0.0,3755.57,16,670,0,1,1,1,0.06636998913652592,0.10322014463468637,0,0.0,-2.6360533,-1.6033297,-4.407063,0.29044488,-0.70494294,-0.051854037,-0.073058784
648,TRANSFER,1554.19,C101806,36384.08,34829.89,C100991,0.0,1554.19,16,670,0,1,1,1,0.02746628964873434,0.042716209946767926,0,0.0,-2.6360533,-1.6033297,-4.407063,0.29044488,-0.70494294,-0.051854037,-0.073058784
648,TRANSFER,16628.39,C100979,1559065.07,1542436.67,C101313,116525.81,133154.21,0,697,0,1,1,1,0.8059948660646188,0.01066561641330339,0,0.0,-3.154489,-1.6310449,-5.658995,0.23644252,-0.54399574,2.3775933,-0.13000211
648,TRANSFER,104348.62,C100905,125218.34,20869.72,C101169,23716.67,128065.29,0,695,0,1,1,1,0.9625184152685361,0.833333359953502,0,0.0,-3.154489,-1.6310449,-5.658995,0.23644252,-0.54399574,2.3775933,-0.13000211
649,TRANSFER,896917.9,C101806,36384.08,0.0,C101534,173772.2,1070690.11,16,670,0,4,1,1,15.850704761023131,2.0,0,39.4,-0.07071175,2.2248938,1.7862332,-1.706452,-1.4722754,-1.1783149,-0.049069937
649,TRANSFER,26382.24,C101103,349120.81,322738.57,C101856,24859.84,51242.08,1,713,0,1,1,1,0.25951384446516446,0.07556765235506872,0,0.0,-3.154489,-1.6310449,-5.658995,0.23644252,-0.54399574,2.3775933,-0.13000211
649,TRANSFER,17253.54,C100167,20704.25,3450.71,C101791,633155.08,650408.63,1,702,0,3,1,1,0.9075449573105718,0.8333332528345629,0,0.0,-3.1400402,-1.5210825,-5.402201,-0.16540456,-0.62895447,2.664112,-0.116349414
649,TRANSFER,1246483.54,C101764,91303.57,0.0,MULE316879,0.0,1246483.54,10,-428,1,1,1,1,16.161220787171402,2.0,1077,7.8,-1.0358908,1.3149071,1.7423447,0.1716306,-1.1498078,-4.1363482,0.5807301
650,TRANSFER,6647.76,C100061,779830.55,773182.79,C100971,92599.27,99247.03,2,715,0,0,1,1,0.12204103068512805,0.008524621150069075,0,0.0,-2.9705603,-1.8473557,-5.6584744,-0.4786451,-0.53900033,2.3465033,-0.16548668
650,TRANSFER,1100474.48,C101578,192738.77,0.0,MULE279331,0.0,1100474.48,4,-67,1,4,0,1,14.638032760264672,2.0,717,100.0,0.5970955,0.13968155,2.0597467,-0.18407984,3.587869,3.4420056,0.6685813
651,TRANSFER,7252.0,C101903,74811.61,67559.61,C100601,536907.11,544159.11,3,718,0,2,1,1,0.6550729844603772,0.09693682571461835,0,0.0,-3.2061844,-1.5210766,-5.413605,-0.23514885,-0.57324165,2.6205006,-0.11812753
651,TRANSFER,21146.48,C101146,269072.98,247926.5,C100899,260473.73,281620.21,3,644,0,1,1,1,1.078990369390188,0.07859012822469205,7,0.0,-3.2119353,-1.6622338,-5.658995,0.23524648,-0.54346305,2.3261864,-0.08454759
651,TRANSFER,16580.7,C101928,19896.84,3316.14,C100019,174891.94,191472.64,3,694,0,1,1,1,0.5298802281558987,0.8333333333333334,0,0.0,-3.1975121,-1.6558194,-5.658995,0.23644252,-0.54399574,2.3084285,-0.13000211
651,TRANSFER,21374.3,C101928,25649.15,4274.86,C100992,91963.71,113338.01,3,694,0,1,1,1,0.6830724252095887,0.8333336582303896,0,0.0,-3.1975121,-1.6558194,-5.658995,0.23644252,-0.54399574,2.3084285,-0.13000211
651,TRANSFER,23419.84,C100514,114518.08,91098.25,C101163,222334.32,245754.15,3,719,0,0,1,1,0.7649747608865929,0.20450779475171083,0,0.0,-2.9705603,-1.8473557,-5.6584744,-0.4786451,-0.53900033,2.3465033,-0.16548668
651,TRANSFER,3363.57,C100061,779830.55,776466.98,C101816,91549.21,94912.78,3,715,0,1,1,1,0.06174915303524438,0.004313206247177672,0,0.0,-3.1975121,-1.6558194,-5.658995,0.23644252,-0.54399574,2.3084285,-0.13000211
652,TRANSFER,10825.07,C100856,91746.0,80920.93,C100983,134745.78,145570.85,4,669,0,1,1,1,0.5915389635489664,0.11798955812787479,0,0.0,-3.2407174,-1.6998246,-5.658995,0.23644252,-0.5487397,2.1872785,-0.13000211
652,TRANSFER,16509.68,C100202,110079.71,93570.03,C100652,462271.73,478781.41,4,710,0,2,1,1,1.229383481373141,0.1499793195312742,0,0.0,-3.2493896,-1.5650817,-5.413605,-0.23514885,-0.5779855,2.499351,-0.11812753
652,TRANSFER,12717.43,C100024,19927.0,7209.57,C100243,305930.23,318647.66,4,673,0,0,1,1,1.3995995471486653,0.6382009334069353,0,0.0,-3.013765,-1.8913609,-5.6584744,-0.4786451,-0.54374427,2.2253532,-0.16548668
652,TRANSFER,19820.95,C100572,578443.24,558622.29,C101970,15116.68,34937.63,4,669,0,0,1,1,1.1801768081513442,0.034266024095985635,0,0.0,-3.013765,-1.8913609,-5.6584744,-0.4786451,-0.54374427,2.2253532,-0.16548668
652,TRANSFER,8328.86,C100646,706744.8,698415.94,C100923,45553.97,53882.83,4,644,0,5,1,1,0.32409033726537473,0.011784819640696331,8,0.0,-3.2412117,-1.5618576,-5.370311,-0.06747781,-0.62473655,2.4915557,-0.070894904
652,TRANSFER,1364676.32,C101084,56106.9,0.0,C100387,220194.47,1584870.8,8,540,0,2,1,1,15.841189873358946,2.0,112,1.4,-0.3039624,1.1909665,1.5776336,-0.8678289,-1.1187788,-4.615554,-0.1200361
653,TRANSFER,20643.9,C100308,464740.69,444096.79,C100311,138011.16,158655.06,5,691,0,0,1,1,0.7971004102978789,0.04442025508891851,0,0.0,-2.3673913,-1.6530298,-3.7581031,-0.6128197,-0.6993303,-2.6518826,-0.21017267
653,TRANSFER,74740.29,C100330,89688.35,14948.06,C101502,211718.32,286458.61,5,631,0,0,1,1,0.8168652445082337,0.8333333147504663,22,0.0,-2.3880923,-1.689091,-3.7581031,-0.61087686,-0.6987975,-2.6134694,-0.07008602
653,TRANSFER,773.97,C100739,524649.19,523875.21,C101475,205436.16,206210.13,5,682,0,2,1,1,0.014676219895082452,0.001475214323689321,0,0.0,-2.5982978,-1.2960657,-3.47151,-0.35090783,-0.76111835,-2.3594697,-0.14507683
654,TRANSFER,23101.2,C100856,91746.0,68644.8,C101556,76584.05,99685.24,6,669,0,2,1,1,1.262371504732753,0.25179517363154796,0,0.0,-2.5982978,-1.2960657,-3.47151,-0.35090783,-0.76111835,-2.3594697,-0.14507683
654,TRANSFER,5263.03,C101538,278093.02,272830.0,C100707,3184.91,8447.93,6,642,0,0,1,1,1.004082177031584,0.018925430059337698,12,0.0,-2.3880923,-1.6598232,-3.7581031,-0.61087686,-0.6987975,-2.634504,-0.16082121
654,TRANSFER,4805.3,C100333,94814.33,90009.03,C101063,121128.81,125934.11,6,670,0,2,1,1,1.0358192161030193,0.050681157584512804,0,0.0,-2.5982978,-1.2960657,-3.47151,-0.35090783,-0.76111835,-2.3594697,-0.14507683
654,TRANSFER,1116079.65,C101867,727289.51,0.0,C101687,164880.67,1280960.32,17,-108,0,0,1,1,18.119185590269836,1.534574106534274,762,0.1,-0.443163,-0.9651372,0.37373918,-0.14788684,-1.2746272,-5.0177097,0.6395313
654,TRANSFER,9839.53,C101103,349120.81,339281.28,C101889,41314.55,51154.09,6,713,0,1,1,1,0.09678837953222771,0.02818373960578288,0,0.0,-2.5943441,-1.4646981,-3.7594745,0.19323318,-0.7246261,-2.5989926,-0.15695137
654,TRANSFER,8126.32,C100672,56542.26,48415.94,C101231,604311.35,612437.66,6,673,0,1,1,1,0.09637478985851548,0.14372117421553365,0,0.0,-2.5943441,-1.4646981,-3.7594745,0.19323318,-0.7246261,-2.5989926,-0.15695137
655,TRANSFER,63461.22,C100760,76153.47,12692.24,C100244,178216.84,241678.06,7,643,0,0,1,1,0.6348305393835121,0.8333332676764433,12,0.0,-2.3880923,-1.6598232,-3.7581031,-0.61087686,-0.6987975,-2.634504,-0.16082121
655,TRANSFER,11120.35,C100536,34947.02,23826.67,C101510,182198.05,193318.4,7,635,0,1,1,1,0.12738021017938636,0.31820595861964773,20,0.0,-2.608767,-1.4714916,-3.7594745,0.19203712,-0.7240934,-2.5816138,-0.110738836
655,TRANSFER,1838.68,C100858,65675.02,63836.35,C101242,134786.88,136625.55,7,631,0,1,1,1,0.8437948819507068,0.027996641645484082,24,0.0,-2.608767,-1.5007596,-3.7594745,0.19203712,-0.7240934,-2.5605788,-0.02000361
655,TRANSFER,13745.11,C100167,16494.13,2749.02,C100984,20218.7,33963.81,7,702,0,3,1,1,0.7229997593641139,0.8333334343793822,0,0.0,-2.475803,-1.2916518,-3.3898907,0.0047643343,-0.84333175,-2.099094,-0.14329872
655,TRANSFER,16863.3,C100168,40698.56,23835.26,C101187,41444.78,58308.08,7,639,0,0,1,1,1.5271359453453899,0.4143463552518811,16,0.0,-2.3880923,-1.6598232,-3.7581031,-0.61087686,-0.6987975,-2.634504,-0.16082121
655,TRANSFER,2187.15,C100540,175657.15,173470.01,C100447,56971.24,59158.38,7,713,0,0,1,1,0.9270854686203727,0.012451243800778961,0,0.0,-2.3673913,-1.6530298,-3.7581031,-0.6128197,-0.6993303,-2.6518826,-0.21017267
655,TRANSFER,3975.2,C100715,107051.64,103076.43,C100238,33422.75,37397.96,7,687,0,1,1,1,1.016374896419594,0.037133480626733044,0,0.0,-2.5943441,-1.4646981,-3.7594745,0.19323318,-0.7246261,-2.5989926,-0.15695137
656,TRANSFER,19024.52,C101103,349120.81,330096.28,C100762,52040.45,71064.97,8,713,0,2,1,1,0.18713825377619225,0.05449265542205863,0,0.0,-2.5982978,-1.2960657,-3.47151,-0.35090783,-0.76111835,-2.3594697,-0.14507683
656,TRANSFER,35251.66,C101911,1806564.41,1771312.74,C101028,35985.13,71236.79,8,695,0,1,1,1,0.3756234179844377,0.019513093363773288,0,0.0,-2.5943441,-1.4646981,-3.7594745,0.19323318,-0.7246261,-2.5989926,-0.15695137
656,TRANSFER,18343.05,C100167,22011.66,3668.61,C101391,12432.53,30775.59,8,702,0,4,1,1,0.9648537360562345,0.8333333333333333,0,0.0,-2.4763227,-1.2921823,-3.3579998,0.049499918,-0.8403606,-2.099094,-0.14329872
656,TRANSFER,1319030.21,C101060,406013.23,0.0,C101827,130250.13,1449280.34,14,117,0,2,1,1,21.3571164938633,2.0,539,6.2,1.2121426,-1.2044379,1.8501918,-1.0523678,-1.3416511,-2.242731,0.019952673
656,TRANSFER,1159299.64,C101047,184870.81,0.0,C100342,8385.73,1167685.37,16,170,0,0,1,1,15.562963515851546,2.0,486,66.5,-0.7170587,1.9944774,1.9127232,-0.107641086,-1.0629601,-1.0118666,-0.36018392
656,TRANSFER,11556.73,C100838,414823.07,403266.34,C101959,36510.3,48067.03,8,688,0,0,1,1,0.14026483530694556,0.027859419679816744,0,0.0,-2.3673913,-1.6530298,-3.7581031,-0.6128197,-0.6993303,-2.6518826,-0.21017267
657,TRANSFER,17743.59,C101806,36384.08,18640.49,C101769,242925.06,260668.64,9,670,0,5,1,1,0.3135720744235815,0.4876745543655357,0,0.0,-2.4763227,-1.2452174,-3.3579998,0.10388696,-0.8349026,-2.1111095,-0.14329872
657,TRANSFER,2899.82,C101719,138278.52,135378.71,C101641,727763.4,730663.21,9,696,0,1,1,1,0.7856399510467162,0.02097086373212557,0,0.0,-2.5943441,-1.4526827,-3.7594745,0.19323318,-0.7246261,-2.6110082,-0.15695137
657,TRANSFER,25768.36,C101890,30922.04,5153.67,C100737,74445.25,100213.61,9,660,0,1,1,1,0.7250129295636201,0.8333331177373808,0,0.0,-2.5943441,-1.4526827,-3.7594745,0.19323318,-0.7246261,-2.6110082,-0.15695137
657,TRANSFER,12532.74,C101639,19628.27,7095.54,C101924,100209.32,112742.06,9,648,0,1,1,1,1.212427909928465,0.6385045650992166,9,0.0,-2.608767,-1.4590971,-3.7594745,0.19203712,-0.7240934,-2.5932503,-0.111496896
658,TRANSFER,1121747.88,C100985,57728.88,0.0,C101791,633155.08,1754902.96,15,117,0,0,1,1,12.828533747379703,2.0,541,3.1,-0.5382688,-0.11412078,1.8854305,-0.3184511,-1.1241059,-3.0955908,-0.16847616
658,TRANSFER,18471.83,C100944,84244.5,65772.67,C101793,234835.85,253307.69,10,698,0,1,1,1,0.18651727707171023,0.2192645217195188,0,0.0,-2.7867017,-1.4412465,-3.890957,0.19856392,-0.7349593,-2.2936003,-0.15695137
658,TRANSFER,8541.71,C101398,10615.91,2074.2,C101476,7593.13,16134.84,10,636,0,1,1,1,0.12279328927962778,0.8046140180163547,22,0.0,-2.801125,-1.477308,-3.890957,0.19736789,-0.73442656,-2.2551866,-0.02000361
658,TRANSFER,1338671.96,C101817,123008.74,0.0,C101103,349120.81,1687792.77,19,435,0,2,1,1,13.962246980926784,2.0,223,1.0,1.2987972,-0.027161352,1.7765288,-1.2188547,-1.0555606,-4.8372493,-0.58828515
658,TRANSFER,10318.18,C101958,46409.78,36091.61,C101544,71705.56,82023.73,10,649,0,0,1,1,0.24616400325000162,0.22232770765127524,9,0.0,-2.5804498,-1.6359926,-3.8895862,-0.6055461,-0.7091306,-2.3287332,-0.1615793
658,TRANSFER,16381.64,C100979,1559065.07,1542683.42,C101353,37539.09,53920.74,10,697,0,2,1,1,0.7940346442270599,0.010507348484178405,0,0.0,-2.7936113,-1.2726141,-3.6029925,-0.3931404,-0.77490693,-2.1016405,-0.14507683
658,TRANSFER,12714.15,C100268,15256.98,2542.83,C101192,109480.81,122194.96,10,675,0,1,1,1,0.7949891941354658,0.8333333333333334,0,0.0,-2.7867017,-1.4412465,-3.890957,0.19856392,-0.7349593,-2.2936003,-0.15695137
659,TRANSFER,28404.13,C100048,111603.53,83199.41,C101566,233472.17,261876.3,11,674,0,0,1,1,0.5446843113939703,0.25450924356962545,0,0.0,-2.3507016,-1.4610878,-3.8880417,-0.61479807,-0.71769863,-2.7883985,-0.18055879
659,TRANSFER,11244.3,C101128,41300.37,30056.07,C101775,32093.68,43337.98,11,712,0,0,1,1,1.1223328220925533,0.2722566408000703,0,0.0,-2.3507016,-1.4610878,-3.8880417,-0.61479807,-0.71769863,-2.7883985,-0.18055879
660,TRANSFER,20250.06,C101911,1806564.41,1786314.35,C100734,95724.84,115974.9,12,695,0,2,1,1,0.21577414373081844,0.011209154729224407,0,0.0,-2.5951092,-1.0964509,-3.5718427,-0.5404966,-0.79891986,-2.742066,-0.11599915
660,TRANSFER,461.7,C100504,425606.39,425144.68,C101362,127849.56,128311.27,12,710,0,0,1,1,0.005112497987998951,0.001084805141201005,0,0.0,-2.3502975,-1.4680284,-3.8880417,-0.65513396,-0.71785885,-2.8872056,-0.18109499
660,TRANSFER,8230.24,C100112,294632.96,286402.72,C101209,51122.77,59353.02,12,702,0,1,1,1,0.16497923549805943,0.027933874064870405,0,0.0,-2.5863402,-1.2650838,-3.8894126,0.24856035,-0.7431547,-2.7366734,-0.1278737
661,TRANSFER,27431.1,C100196,79509.48,52078.38,C100795,222065.57,249496.67,13,713,0,0,1,1,1.0493901127543988,0.3450041429022049,0,0.0,-2.3502975,-1.4680284,-3.8880417,-0.65513396,-0.7234573,-2.881607,-0.18109499
661,TRANSFER,6736.29,C100182,10562.0,3825.72,C100595,36781.77,43518.05,13,682,0,0,1,1,0.09708032607987216,0.6377854572997538,0,0.0,-2.3502975,-1.4680284,-3.8880417,-0.65513396,-0.7234573,-2.881607,-0.18109499
661,TRANSFER,5780.17,C100486,112254.74,106474.57,C100637,76363.2,82143.37,13,664,0,3,1,1,0.8998438396525439,0.051491545034089425,0,0.0,-2.4726143,-1.100336,-3.4902234,-0.18067527,-0.8867318,-2.4719443,-0.11422103
661,TRANSFER,4193.72,C101591,497220.01,493026.29,C100944,84244.5,88438.22,13,719,0,0,1,1,1.2676909713216702,0.008434334732425592,0,0.0,-2.3502975,-1.4680284,-3.8880417,-0.65513396,-0.7234573,-2.881607,-0.18109499
661,TRANSFER,17398.64,C100979,1559065.07,1541666.42,C101914,6739.15,24137.8,13,697,0,3,1,1,0.8433296618918921,0.011159662502091718,0,0.0,-2.4726143,-1.100336,-3.4902234,-0.18067527,-0.8867318,-2.4719443,-0.11422103
661,TRANSFER,27078.73,C100048,111603.53,84524.81,C100740,35471.14,62549.86,13,674,0,1,1,1,0.5192681276797863,0.24263327513027588,0,0.0,-2.5863402,-1.2650838,-3.8894126,0.24856035,-0.74875313,-2.7310748,-0.1278737
661,TRANSFER,2230.35,C100382,15686.6,13456.25,C100649,1743163.4,1745393.75,13,639,0,0,1,1,0.8844013521073145,0.14218186222635879,22,0.0,-2.3709981,-1.4995388,-3.8880417,-0.6531912,-0.72292453,-2.866325,-0.06413952
662,TRANSFER,1456387.89,C101563,80511.12,0.0,C101966,29919.7,1486307.58,10,176,0,1,1,1,14.008444441092573,2.0,486,11.2,0.38529542,0.0010939892,1.8230073,0.11855228,-1.0192345,-3.192674,-0.2181127
662,TRANSFER,1178849.69,C101587,125976.21,0.0,C101142,75129.21,1253978.9,19,347,0,1,1,1,13.939692630918985,2.0,315,0.9,-0.5872199,0.15573421,1.7948935,0.27333525,-1.0567149,-4.8192787,-0.5359591
662,TRANSFER,29314.12,C100792,38447.33,9133.2,C100957,113160.16,142474.29,14,717,0,0,1,1,0.2575705635147966,0.7624487838297224,0,0.0,-2.3154733,-1.8254687,-4.3030157,-0.5675392,-0.721397,-1.2288578,-0.12701531
663,TRANSFER,16842.65,C101808,87672.56,70829.91,C100919,294956.41,311799.06,15,716,0,0,1,1,1.1656943274588623,0.19210856851904407,0,0.0,-2.3022633,-1.6976554,-4.3030157,-0.5784466,-0.73515767,-1.5700923,-0.1342198
663,TRANSFER,1057309.03,C101590,93012.73,0.0,MULE198773,0.0,1057309.03,4,281,1,0,1,1,9.145382105099484,2.0,382,99.7,-0.037962027,-0.26456508,2.3067822,-0.31229126,-0.48882923,4.5920634,-0.06293309
663,TRANSFER,30195.19,C100646,706744.8,676549.6,C100397,79224.66,109419.85,15,644,0,4,1,1,1.1749470288721469,0.042724318594208256,19,0.0,-2.4622471,-1.3384473,-3.8733068,-0.36050165,-0.88976985,-1.4633797,-0.041408867
663,TRANSFER,45346.96,C100760,54416.36,9069.39,C101288,60635.73,105982.7,15,643,0,1,1,1,0.4536256169705301,0.8333332108211574,20,0.0,-2.5527294,-1.5026647,-4.3043866,0.32405165,-0.7599209,-1.4224571,-0.055061564
664,TRANSFER,1381187.17,C101982,64277.43,0.0,C100340,582657.36,1963844.53,18,-402,0,1,1,1,14.609542493463355,2.0,1066,39.8,0.6909865,0.5967134,1.8221071,0.24338602,-0.9371262,-4.419862,1.5535777
664,TRANSFER,8477.09,C100153,27154.91,18677.82,C101610,214086.46,222563.55,16,673,0,0,1,1,0.09095432820407105,0.3121752198773629,0,0.0,-2.4084365,-1.8530564,-4.405692,-0.42836732,-0.6958916,-0.017503984,-0.10854335
664,TRANSFER,24341.44,C101928,29209.72,4868.29,C100728,899421.21,923762.65,16,694,0,3,1,1,0.7778952505529392,0.8333335615678615,0,0.0,-2.5835235,-1.4385818,-4.0078735,-0.64517725,-0.85564435,-0.29910985,-0.05827632
665,TRANSFER,8607.51,C101908,28318.74,19711.23,C101948,92360.62,100968.13,17,679,0,0,1,1,0.16272721193901674,0.30395102324467826,0,0.0,-2.4048355,-1.5622406,-4.014444,-0.41962254,-0.65570605,-3.0350525,-0.120689884
665,TRANSFER,16991.05,C101606,20389.25,3398.21,C101380,129447.65,146438.69,17,704,0,3,1,1,0.7450287129175136,0.8333337420454405,0,0.0,-2.5800908,-1.1477658,-3.6166258,-0.6468489,-0.7941816,-3.327075,-0.07069887
665,TRANSFER,1329330.12,C101793,234835.85,0.0,C100703,409778.07,1739108.2,12,-492,0,1,1,1,20.510876271382156,2.0,1157,6.1,1.0979425,-1.0125754,1.746361,0.26891512,-1.1964947,-4.214023,0.54429895
665,TRANSFER,1463.09,C101820,311940.58,310477.49,C101130,220158.1,221621.2,17,645,0,0,1,1,0.9058199219420707,0.004690284284269779,20,0.0,-2.4255364,-1.5701944,-4.014444,-0.41767973,-0.65517336,-3.0379493,-0.09161406
665,TRANSFER,47327.46,C101460,111545.15,64217.7,C100936,11844.82,59172.27,17,696,0,0,1,1,1.3113702782456094,0.4242897158684174,0,0.0,-2.4048355,-1.5622406,-4.014444,-0.41962254,-0.65570605,-3.0350525,-0.120689884
665,TRANSFER,28403.11,C101652,274822.08,246418.97,C101007,352354.36,380757.47,17,707,0,0,1,1,0.30578653180270815,0.10335090251845848,0,0.0,-2.4048355,-1.5622406,-4.014444,-0.41962254,-0.65570605,-3.0350525,-0.120689884
666,TRANSFER,9868.62,C100153,27154.91,17286.3,C101026,238680.24,248548.86,18,673,0,1,1,1,0.10588464937864994,0.36341935951914406,0,0.0,-2.6337564,-1.3125136,-4.015815,0.2978854,-0.6647574,-3.0667942,-0.08520533
666,TRANSFER,15462.83,C101174,250739.35,235276.52,C101023,39551.74,55014.57,18,645,0,0,1,1,1.068128870844957,0.06166894027602767,21,0.0,-2.433686,-1.5765291,-4.014444,-0.4155612,-0.65517336,-3.038253,-0.07894457
666,TRANSFER,1978.29,C100540,175657.15,173678.86,C101487,135758.71,137737.0,18,713,0,1,1,1,0.8385542426065871,0.011262223029350073,0,0.0,-2.6337564,-1.3125136,-4.015815,0.2978854,-0.6647574,-3.0667942,-0.08520533
667,TRANSFER,5621.13,C101903,74811.61,69190.48,C101554,300206.87,305828.01,19,718,0,1,1,1,0.5077565368367016,0.07513713446348769,0,0.0,-2.6337564,-1.3125136,-4.015815,0.2978854,-0.6647574,-3.0667942,-0.08520533
667,TRANSFER,14331.52,C100202,110079.71,95748.19,C101499,201516.84,215848.36,19,710,0,2,1,1,1.0671880951640975,0.13019220344966387,0,0.0,-2.6809976,-1.1438808,-3.698245,-0.6368506,-0.73324513,-3.2178664,-0.07220097
667,TRANSFER,6685.1,C101213,28847.68,22162.59,C100894,44591.84,51276.94,19,692,0,1,1,1,1.0589971112068153,0.23173787285494016,0,0.0,-2.6337564,-1.3125136,-4.015815,0.2978854,-0.6647574,-3.0667942,-0.08520533
667,TRANSFER,4233.34,C100672,56542.26,52308.92,C101250,392092.17,396325.51,19,673,0,2,1,1,0.05020565925285344,0.07487037129396668,0,0.0,-2.6809976,-1.1438808,-3.698245,-0.6368506,-0.73324513,-3.2178664,-0.07220097
667,TRANSFER,24346.61,C100196,79509.48,55162.87,C101417,306599.94,330946.55,19,713,0,1,1,1,0.9313914430368222,0.30621015255036255,0,0.0,-2.6337564,-1.3125136,-4.015815,0.2978854,-0.6647574,-3.0667942,-0.08520533
667,TRANSFER,23345.91,C101375,47576.89,24230.98,C100192,29763.14,53109.06,19,717,0,1,1,1,1.118355348932204,0.49069853031587396,0,0.0,-2.6337564,-1.3125136,-4.015815,0.2978854,-0.6647574,-3.0667942,-0.08520533
668,TRANSFER,4188.47,C100333,94814.33,90625.87,C101678,43289.91,47478.38,20,670,0,2,1,1,0.9028567856473089,0.04417549541298241,0,0.0,-2.7135828,-1.5792158,-4.712847,-0.6368506,-0.6861274,-1.7824625,-0.07220097
668,TRANSFER,1269484.54,C100344,261472.1,0.0,C100705,79901.05,1349385.59,16,-111,0,4,1,1,11.619894800090501,2.0,779,9.4,-0.90413356,0.44377625,1.777047,-1.7918707,-1.5182719,-1.3044931,0.99175936
668,TRANSFER,2699.84,C100408,5729.4,3029.55,C100689,9979.46,12679.31,20,716,0,0,1,1,0.0657100802244503,0.47122560826613613,0,0.0,-2.44557,-1.9975752,-5.029045,-0.41750395,-0.60858834,-1.5936172,-0.120689884
668,TRANSFER,8968.16,C101448,51742.83,42774.67,C100698,158241.2,167209.36,20,719,0,0,1,1,0.12481160234271377,0.17332179163760467,0,0.0,-2.44557,-1.9975752,-5.029045,-0.41750395,-0.60858834,-1.5936172,-0.120689884
669,TRANSFER,13138.73,C101890,22957.42,9818.69,C100181,130785.96,143924.68,21,660,0,1,1,1,0.3696684277946063,0.5723086479229809,9,0.0,-2.6807644,-1.7542627,-5.0304165,0.29668936,-0.61710685,-1.6344881,-0.060606603
669,TRANSFER,7821.4,C100366,378237.13,370415.73,C101468,543231.65,551053.05,21,646,0,0,1,1,0.0975858660197021,0.02067856214962291,23,0.0,-2.466271,-1.9800578,-5.029045,-0.4155612,-0.60805565,-1.6028489,-0.028248306
669,TRANSFER,24559.11,C101806,36384.08,11824.97,C100476,8621.86,33180.97,21,670,0,6,1,1,0.4340187678309138,0.674996042225061,0,0.0,-2.6144993,-1.5113322,-4.599338,-0.48016036,-0.73863447,-1.889063,-0.07069887
669,TRANSFER,688.1,C101214,334493.41,333805.31,C100331,15321.17,16009.27,21,695,0,0,1,1,0.014129044943857841,0.002057140677300638,0,0.0,-2.44557,-1.9975752,-5.029045,-0.41750395,-0.60858834,-1.5936172,-0.120689884
669,TRANSFER,1425367.03,C100150,91472.13,0.0,MULE942602,0.0,1425367.03,2,279,1,0,1,1,17.555468817605792,2.0,390,99.9,0.47912127,0.7358863,2.2958968,-0.40502888,-0.51675963,4.762546,-0.14705513
669,TRANSFER,1201094.47,C101758,158964.78,0.0,MULE764507,0.0,1201094.47,2,339,1,5,0,1,14.442639012731474,2.0,330,100.0,0.6516214,-0.17833638,2.0597467,-0.1353456,3.5562055,3.887634,-0.18931212
669,TRANSFER,2560.16,C100249,399834.71,397274.55,C101373,48988.25,51548.4,21,690,0,0,1,1,0.06170634609372887,0.0064030458986414655,0,0.0,-2.44557,-1.9975752,-5.029045,-0.41750395,-0.60858834,-1.5936172,-0.120689884
669,TRANSFER,24422.95,C100353,125124.88,100701.93,C101431,531875.36,556298.31,21,717,0,0,1,1,0.268591821474959,0.19518859878227254,0,0.0,-2.44557,-1.9975752,-5.029045,-0.41750395,-0.60858834,-1.5936172,-0.120689884
669,TRANSFER,17732.8,C100870,21279.36,3546.56,C101639,19628.27,37361.08,21,712,0,0,1,1,1.0514635330213555,0.8333333333333333,0,0.0,-2.44557,-1.9975752,-5.029045,-0.41750395,-0.60858834,-1.5936172,-0.120689884
669,TRANSFER,9115.21,C100329,327619.72,318504.51,C101307,229766.32,238881.53,21,666,0,0,1,1,0.17827584587816556,0.027822531561897432,3,0.0,-2.466271,-1.9975752,-5.029045,-0.4155612,-0.60805565,-1.5936172,-0.10246453
670,TRANSFER,1296.15,C100408,5729.4,4433.24,C100118,127786.7,129082.86,22,716,0,1,1,1,0.03154635848158456,0.22622787726463506,0,0.0,-2.6663413,-1.7478483,-5.0304165,0.2978854,-0.61763954,-1.6313902,-0.08520533
670,TRANSFER,5124.02,C100749,242733.32,237609.3,C100060,17389.02,22513.04,22,710,0,0,1,1,0.8591976845349968,0.02110966883326937,0,0.0,-2.44557,-1.9975752,-5.029045,-0.41750395,-0.60858834,-1.5936172,-0.120689884
670,TRANSFER,11483.76,C100475,103133.23,91649.47,C100833,29886.79,41370.55,22,646,0,0,1,1,1.1881271707518444,0.11134878641927534,24,0.0,-2.466271,-1.9800578,-5.029045,-0.4155612,-0.60805565,-1.6028489,-0.028248306
670,TRANSFER,2854.33,C101591,497220.01,494365.68,C101093,38523.71,41378.04,22,719,0,1,1,1,0.8628159176512935,0.00574057749606658,0,0.0,-2.6663413,-1.7478483,-5.0304165,0.2978854,-0.61763954,-1.6313902,-0.08520533
670,TRANSFER,28752.28,C100386,34502.74,5750.46,C101726,129852.29,158604.57,22,716,0,1,1,1,0.22668743090277318,0.8333332367226487,0,0.0,-2.6663413,-1.7478483,-5.0304165,0.2978854,-0.61763954,-1.6313902,-0.08520533
670,TRANSFER,3260.56,C101719,138278.52,135017.96,C101893,27788.69,31049.25,22,696,0,1,1,1,0.8833742090146564,0.023579656478822597,0,0.0,-2.6663413,-1.7478483,-5.0304165,0.2978854,-0.61763954,-1.6313902,-0.08520533
671,TRANSFER,1694243.63,C100318,1441599.03,0.0,MULE314545,0.0,1694243.63,16,58,1,1,1,1,11.901679464649662,1.175253031350888,613,89.6,3.7645059,0.6582676,-2.0944088,0.14631863,-0.8551471,-0.40758482,0.90756875
671,TRANSFER,16613.23,C100979,1559065.07,1542451.84,C100021,38254.5,54867.72,23,697,0,3,1,1,0.8052600455456426,0.010655892636989166,0,0.0,-2.511554,-1.4024332,-4.6312284,-0.7002034,-0.71600544,2.0904322,-0.047071267
671,TRANSFER,992.19,C101381,145781.13,144788.94,C100226,118315.0,119307.19,23,679,0,0,1,1,0.027213359696358762,0.006806024894991554,0,0.0,-2.3431442,-1.7738352,-5.029045,-0.35394764,-0.57753015,2.5014837,-0.08444215
671,TRANSFER,39824.72,C101890,47789.66,7964.94,C100061,779830.55,819655.27,23,660,0,2,1,1,1.1204995939303428,0.8333334030834285,11,0.0,-2.6255796,-1.4065022,-4.712847,-0.69009686,-0.65453637,2.1941354,-0.022636358
672,TRANSFER,31396.25,C101375,47576.89,16180.64,C101268,67802.15,99198.41,0,717,0,1,1,1,1.5039963798332434,0.6599054709124536,0,0.0,-3.154489,-1.6310449,-5.658995,0.23644252,-0.54399574,2.3775933,-0.13000211
672,TRANSFER,9240.23,C100182,11088.28,1848.05,C100023,90784.28,100024.51,0,682,0,1,1,1,0.1331659624887018,0.833333032715624,0,0.0,-3.154489,-1.6310449,-5.658995,0.23644252,-0.54399574,2.3775933,-0.13000211
672,TRANSFER,6465.27,C100749,242733.32,236268.05,C101230,57603.98,64069.25,0,710,0,1,1,1,1.0840990109120532,0.026635280232643794,0,0.0,-3.154489,-1.6310449,-5.658995,0.23644252,-0.54399574,2.3775933,-0.13000211
672,TRANSFER,1895508.89,C101493,131892.52,0.0,MULE300321,0.0,1895508.89,2,572,1,5,0,1,17.455451674870847,2.0,100,100.0,3.7111273,0.82479626,2.115972,-0.13195416,2.7110384,2.625315,0.12155294
672,TRANSFER,145667.89,C100905,174801.47,29133.58,C101344,16951.02,162618.91,0,695,0,1,1,1,1.3436500323464886,0.8333333237987073,0,0.0,-3.154489,-1.6310449,-5.658995,0.23644252,-0.54399574,2.3775933,-0.13000211
673,TRANSFER,19515.78,C100268,23418.93,3903.16,C101404,16013.22,35528.99,1,675,0,1,1,1,1.220280885086698,0.8333335468358289,0,0.0,-3.154489,-1.6310449,-5.658995,0.23644252,-0.54399574,2.3775933,-0.13000211
673,TRANSFER,2081685.64,C101775,32093.68,0.0,C101538,26472.39,2108158.03,4,-227,1,0,1,1,20.45667420305622,2.0,900,100.0,4.163083,0.2821226,2.3982809,-0.22786142,-0.3883927,4.160564,0.053323425
673,TRANSFER,7736.16,C101017,351030.05,343293.89,C100637,76363.2,84099.36,1,703,0,0,1,1,0.8141295606387412,0.022038455112318733,0,0.0,-2.9275367,-1.8225812,-5.6584744,-0.4786451,-0.53900033,2.4156675,-0.16548668
673,TRANSFER,1082184.11,C101528,15546.25,0.0,MULE861325,0.0,1082184.11,16,248,1,3,1,1,9.983479366040092,2.0,425,0.6,-0.9101678,-0.87115395,1.792199,-1.5838431,-1.5084759,-1.6050696,-0.40329903
674,TRANSFER,47087.02,C101838,67345.56,20258.55,C101184,225959.19,273046.21,2,680,0,0,1,1,0.48835709773619007,0.6991852172585691,0,0.0,-2.9705603,-1.8473557,-5.6584744,-0.4786451,-0.53900033,2.3465033,-0.16548668
674,TRANSFER,3766.01,C101591,497220.01,493454.0,C101531,78896.35,82662.36,2,719,0,2,1,1,1.1384014371267333,0.007574132022562809,0,0.0,-3.2061844,-1.5210766,-5.413605,-0.23514885,-0.57324165,2.6205006,-0.11812753
674,TRANSFER,1215779.13,C101442,106593.01,0.0,C100718,343603.22,1559382.35,13,-465,0,1,1,1,31.814970553506775,2.0,1139,0.6,-0.92770976,-0.7346805,1.7191473,0.14339896,-1.336093,-4.5009594,0.5478044
674,TRANSFER,13695.7,C100294,399485.73,385790.04,C100165,440935.42,454631.12,2,698,0,0,1,1,1.3526111043537292,0.03428332721671936,0,0.0,-2.9705603,-1.8473557,-5.6584744,-0.4786451,-0.53900033,2.3465033,-0.16548668
675,TRANSFER,2712.04,C100540,175657.15,172945.12,C100829,1968362.24,1971074.28,3,713,0,2,1,1,1.1495749602529297,0.015439394297357096,0,0.0,-3.2061844,-1.5210766,-5.413605,-0.23514885,-0.57324165,2.6205006,-0.11812753
675,TRANSFER,19932.76,C101911,1806564.41,1786631.65,C100330,33438.61,53371.37,3,695,0,2,1,1,0.2123931593877701,0.011033517481947959,0,0.0,-3.2061844,-1.5210766,-5.413605,-0.23514885,-0.57324165,2.6205006,-0.11812753
675,TRANSFER,7537.08,C100146,31849.73,24312.64,C100131,1632158.85,1639695.93,3,706,0,0,1,1,0.9388339658925252,0.23664502022466125,0,0.0,-2.9705603,-1.8473557,-5.6584744,-0.4786451,-0.53900033,2.3465033,-0.16548668
676,TRANSFER,9823.0,C101360,92306.1,82483.1,C101793,234835.85,244658.85,4,658,0,0,1,1,0.10356758446483189,0.10641766903812423,18,0.0,-3.0344658,-1.8981543,-5.6584744,-0.47670233,-0.5432116,2.2427318,-0.11613525
676,TRANSFER,1463059.97,C100056,54642.56,0.0,C100630,109994.78,1573054.75,10,226,0,1,1,1,7.515313507500285,2.0,450,24.9,0.54905957,0.6624175,1.8214283,0.2669425,-1.0230768,-3.2197154,-0.19817623
676,TRANSFER,1193528.14,C101800,67310.61,0.0,C100484,87521.77,1281049.91,12,307,0,4,1,1,20.985816684882447,2.0,369,0.1,-1.0359255,-0.43549973,1.595231,-0.9795494,-1.7420398,-4.2804,-0.016335206
676,TRANSFER,2018.18,C101327,106613.37,104595.19,C101317,44179.05,46197.23,4,707,0,0,1,1,0.7556100351638083,0.018929895940818682,0,0.0,-3.013765,-1.8913609,-5.6584744,-0.4786451,-0.54374427,2.2253532,-0.16548668
677,TRANSFER,8787.6,C100539,210551.59,201763.99,C101468,543231.65,552019.26,5,694,0,0,1,1,1.5465005893861754,0.04173608947811793,0,0.0,-2.3673913,-1.6530298,-3.7581031,-0.6128197,-0.6993303,-2.6518826,-0.21017267
677,TRANSFER,9119.0,C100525,223881.24,214762.24,C101366,102335.08,111454.08,5,661,0,0,1,1,1.0836874776260474,0.04073141635270557,16,0.0,-2.3880923,-1.6598232,-3.7581031,-0.61087686,-0.6987975,-2.634504,-0.16082121
677,TRANSFER,1275440.44,C100122,37385.9,0.0,MULE199765,0.0,1275440.44,3,-435,1,5,0,1,16.816339890627752,2.0,1112,100.0,0.5909778,0.7457352,2.050544,-0.18736751,3.790278,3.6864614,0.39609444
678,TRANSFER,4689.52,C100539,210551.59,205862.07,C101671,185727.84,190417.36,6,694,0,1,1,1,0.8252930770561083,0.022272546125156313,0,0.0,-2.5943441,-1.4646981,-3.7594745,0.19323318,-0.7246261,-2.5989926,-0.15695137
678,TRANSFER,6839.46,C100294,399485.73,392646.27,C101951,1724819.98,1731659.44,6,698,0,1,1,1,0.6754769412138961,0.01712066160661108,0,0.0,-2.5943441,-1.4646981,-3.7594745,0.19323318,-0.7246261,-2.5989926,-0.15695137
679,TRANSFER,1217024.21,C100126,1394198.66,177174.45,C101558,198280.62,1415304.83,16,-455,0,5,1,1,11.674209068050427,0.8729202264474992,1134,0.2,-0.47594765,0.41804248,-3.9927588,-1.2815564,-1.2685723,-0.79690295,0.99175936
679,TRANSFER,1078396.62,C101976,143667.24,0.0,C100131,1632158.85,2710555.47,19,29,0,2,1,1,21.200391996876977,2.0,650,0.0,-0.72836864,-1.2201318,1.7171011,-1.3281144,-1.3705988,-5.311457,0.5113355
680,TRANSFER,1390687.88,C101337,177298.43,0.0,C101906,14561.69,1405249.57,17,624,0,3,1,1,16.075648522855168,2.0,56,0.3,-0.26012713,1.1569607,1.7025571,-1.5277978,-1.3660396,-5.446877,-0.17155293
680,TRANSFER,1102317.06,C101682,116323.33,0.0,C101095,25323.16,1127640.23,14,288,0,0,1,1,15.458798728922005,2.0,392,57.3,-0.6329101,2.2788486,1.895237,-0.2709742,-1.11026,-1.7385018,-0.16446713
680,TRANSFER,10135.06,C100061,779830.55,769695.49,C101850,200652.1,210787.16,8,715,0,0,1,1,0.18606164609667222,0.012996490070823718,0,0.0,-2.3673913,-1.6530298,-3.7581031,-0.6128197,-0.6993303,-2.6518826,-0.21017267
680,TRANSFER,5994.69,C100525,223881.24,217886.55,C100006,88165.1,94159.79,8,661,0,1,1,1,0.7123994391106581,0.026776205098738955,19,0.0,-2.608767,-1.4714916,-3.7594745,0.19203712,-0.7240934,-2.5816138,-0.110738836
680,TRANSFER,4175.55,C100372,86014.1,81838.55,C100226,118315.0,122490.54,8,680,0,0,1,1,0.12944218582800032,0.04854494786319917,0,0.0,-2.3673913,-1.6530298,-3.7581031,-0.6128197,-0.6993303,-2.6518826,-0.21017267
681,TRANSFER,1437935.31,C101170,353999.71,0.0,MULE639,0.0,1437935.31,23,462,1,5,0,1,22.751691587104467,2.0,219,99.9,0.64303064,-0.49601844,1.941895,-0.109266534,4.761659,1.1657109,-0.38323277
681,TRANSFER,7041.41,C101404,16013.22,8971.8,C100445,2245304.17,2252345.59,9,719,0,1,1,1,0.9732092932250926,0.4397248023820319,0,0.0,-2.5943441,-1.4526827,-3.7594745,0.19323318,-0.7246261,-2.6110082,-0.15695137
682,TRANSFER,5716.27,C100539,210551.59,204835.32,C100143,158432.7,164148.97,10,694,0,2,1,1,1.0059874054452311,0.027149023191893256,0,0.0,-2.7936113,-1.2726141,-3.6029925,-0.3931404,-0.77490693,-2.1016405,-0.14507683
682,TRANSFER,44439.66,C100804,53327.59,8887.93,C101682,116323.33,160762.99,10,715,0,0,1,1,0.3599178078796848,0.833333364586699,0,0.0,-2.559749,-1.6295782,-3.8895862,-0.60748893,-0.70966333,-2.3464909,-0.21017267
682,TRANSFER,21780.99,C100167,26137.19,4356.2,C100254,341308.96,363089.95,10,702,0,0,1,1,1.1456911242407062,0.8333332695672336,0,0.0,-2.559749,-1.6295782,-3.8895862,-0.60748893,-0.70966333,-2.3464909,-0.21017267
683,TRANSFER,2580.83,C101719,138278.52,135697.69,C100750,157912.32,160493.16,11,696,0,1,1,1,0.699216901345565,0.018663997850136088,0,0.0,-2.5867443,-1.2727561,-3.8894126,0.2230149,-0.7429945,-2.703748,-0.1273375
683,TRANSFER,32075.09,C101606,38490.11,6415.02,C100657,31550.87,63625.97,11,704,0,2,1,1,1.4064382730563099,0.8333332900321667,0,0.0,-2.5936542,-1.1041232,-3.5718427,-0.53343344,-0.79624003,-2.6765323,-0.11546296
683,TRANSFER,18557.39,C101806,36384.08,17826.69,C101635,20975.37,39532.76,11,670,0,1,1,1,0.32795388521643176,0.5100414796801238,13,0.0,-2.6011677,-1.28071,-3.8894126,0.22181885,-0.74246174,-2.7066448,-0.10140055
684,TRANSFER,1500036.21,C100165,440935.42,0.0,MULE496858,0.0,1500036.21,2,246,1,6,0,1,30.613677554818544,2.0,438,100.0,1.0076705,0.3147046,2.0511675,0.10425029,3.706192,4.085759,-0.117530726
684,TRANSFER,13619.38,C101606,16343.25,2723.88,C100525,223881.24,237500.62,12,704,0,3,1,1,0.5971867043022372,0.833333639270035,0,0.0,-2.4726143,-1.100336,-3.4902234,-0.18067527,-0.8811334,-2.4775429,-0.11422103
684,TRANSFER,18273.62,C100374,64496.31,46222.69,C101829,25584.24,43857.86,12,691,0,0,1,1,0.2687471895055357,0.2833281469901146,0,0.0,-2.3502975,-1.4680284,-3.8880417,-0.65513396,-0.71785885,-2.8872056,-0.18109499
684,TRANSFER,1008413.74,C100204,361142.34,0.0,C100877,51811.5,1060225.24,17,634,0,7,1,1,31.438231719639404,2.0,50,0.0,-0.41883916,-0.8852412,1.6343292,-1.4232321,-1.5664594,-5.542581,-0.034255207
684,TRANSFER,1438129.9,C101576,148385.68,0.0,C101384,245257.99,1683387.89,14,427,1,5,0,1,20.213017362539173,2.0,257,99.9,0.73702806,-0.36774367,1.8645352,0.04416175,5.9834714,-1.0041823,-0.25965652
685,TRANSFER,1697977.6,C100609,19989.2,0.0,MULE735092,0.0,1697977.6,16,-309,1,5,0,1,13.44970220771068,2.0,994,100.0,3.91594,0.22233865,1.9989911,-0.3847195,3.9625158,-0.08720731,0.54898417
685,TRANSFER,1085592.44,C100748,80811.06,0.0,C100344,261472.1,1347064.53,8,718,0,0,1,1,8.04782881099188,2.0,0,0.2,-1.0281945,0.13966984,1.6132265,-0.54107255,-1.0682181,-5.0021844,-0.2116371
686,TRANSFER,14731.84,C100024,19927.0,5195.16,C100272,210560.79,225292.63,14,673,0,0,1,1,1.6212927134386896,0.7392904099964872,13,0.0,-2.336174,-1.8334223,-4.3030157,-0.56559646,-0.72086424,-1.2317544,-0.09793948
686,TRANSFER,30998.94,C101622,37198.73,6199.79,C101267,94210.32,125209.26,14,707,0,0,1,1,0.25955468104034746,0.8333332885289362,0,0.0,-2.3154733,-1.8254687,-4.3030157,-0.5675392,-0.721397,-1.2288578,-0.12701531
686,TRANSFER,1066928.68,C100149,115016.97,0.0,C101446,59539.5,1126468.19,15,154,0,3,1,1,12.40925750534248,2.0,532,0.4,-0.6766491,-0.5823141,1.7663234,-1.4151235,-1.5472728,-3.0441136,-0.17572233
686,TRANSFER,42752.51,C101928,51303.01,8550.5,C100585,325533.47,368285.98,14,694,0,1,1,1,1.3662698048355826,0.8333333658200561,0,0.0,-2.5515163,-1.6225241,-4.3043866,0.33615515,-0.74669296,-1.0783259,-0.07379407
686,TRANSFER,2690.53,C101327,106613.37,103922.84,C101499,201516.84,204207.37,14,707,0,1,1,1,1.0073390222424567,0.025236328239131738,0,0.0,-2.5515163,-1.6225241,-4.3043866,0.33615515,-0.74669296,-1.0783259,-0.07379407
687,TRANSFER,39307.83,C100308,464740.69,425432.86,C101835,138436.95,177744.78,15,691,0,0,1,1,1.5177503970140949,0.08458013435406313,0,0.0,-2.3022633,-1.6976554,-4.3030157,-0.5784466,-0.73515767,-1.5700923,-0.1342198
687,TRANSFER,23423.11,C101606,28107.73,4684.62,C100785,110565.57,133988.67,15,704,0,3,1,1,1.0270636303127436,0.8333333926290029,0,0.0,-2.4473045,-1.3299627,-3.9051976,-0.40404123,-0.8932738,-1.460483,-0.06734588
687,TRANSFER,22954.38,C101606,27545.25,4590.88,C100205,69340.38,92294.76,15,704,0,3,1,1,1.0065106151308787,0.8333335148528331,0,0.0,-2.4473045,-1.3299627,-3.9051976,-0.40404123,-0.8932738,-1.460483,-0.06734588
687,TRANSFER,1197067.41,C100273,293628.89,0.0,MULE488070,0.0,1197067.41,16,690,1,0,1,1,7.488069778982452,2.0,0,28.1,-0.64069533,0.22122046,1.909727,-0.35319912,-1.0755721,-0.9190856,-0.11935267
687,TRANSFER,1374991.11,C101879,140879.42,0.0,C101067,166425.78,1541416.89,8,140,0,2,1,1,12.258257856655609,2.0,547,0.8,0.029706467,-0.15956102,1.5678271,-0.8712327,-1.1046727,-4.278317,-0.03342267
688,TRANSFER,13222.87,C101808,87672.56,74449.69,C100965,14473.3,27696.17,16,716,0,0,1,1,0.9151662328508855,0.15082107788343355,0,0.0,-2.4084365,-1.8530564,-4.405692,-0.42836732,-0.6958916,-0.017503984,-0.10854335
688,TRANSFER,27473.48,C100979,1559065.07,1531591.59,C100166,2885414.43,2912887.91,16,697,0,1,1,1,1.331667337182312,0.017621766101141627,0,0.0,-2.6360533,-1.6033297,-4.407063,0.29044488,-0.70494294,-0.051854037,-0.073058784
688,TRANSFER,6966.87,C101961,493020.13,486053.26,C101486,237872.54,244839.41,16,700,0,0,1,1,0.12932843256984855,0.014131005157943551,0,0.0,-2.4084365,-1.8530564,-4.405692,-0.42836732,-0.6958916,-0.017503984,-0.10854335
689,TRANSFER,1346214.83,C101018,155494.74,0.0,MULE807626,0.0,1346214.83,4,-53,1,7,0,1,24.64257047132394,2.0,742,100.0,1.6335318,0.1560358,2.0490434,-0.07315224,3.5051157,3.9017699,0.3484822
689,TRANSFER,1874138.63,C101007,352354.36,0.0,MULE177862,0.0,1874138.63,3,-279,1,4,0,1,8.850131785822175,2.0,968,100.0,3.3388932,0.059460852,2.1165247,-0.12607516,2.5518544,2.5225487,0.20036566
690,TRANSFER,13866.31,C101903,74811.61,60945.31,C100965,14473.3,28339.61,18,718,0,1,1,1,1.252543446656477,0.18534970708423465,0,0.0,-2.6337564,-1.3125136,-4.015815,0.2978854,-0.6647574,-3.0667942,-0.08520533
691,TRANSFER,58196.22,C101838,69835.47,11639.24,C101125,192517.05,250713.27,19,680,0,1,1,1,0.6035747664306813,0.8333332617364786,11,0.0,-2.6481798,-1.3204675,-4.015815,0.29668936,-0.6642246,-3.069691,-0.059268337
691,TRANSFER,7563.55,C100182,10562.0,2998.46,C101046,176727.44,184290.99,19,682,0,1,1,1,0.10900241829277199,0.7161096383260747,9,0.0,-2.6481798,-1.318928,-4.015815,0.29668936,-0.6642246,-3.0698922,-0.060606603
691,TRANSFER,5969.43,C100539,210551.59,204582.16,C101763,200462.94,206432.38,19,694,0,3,1,1,1.0505401945126676,0.0283513888448907,0,0.0,-2.5813951,-1.1477658,-3.6166258,-0.64815307,-0.7941816,-3.3244667,-0.07069887
692,TRANSFER,2900.32,C101327,106613.37,103713.05,C101642,88576.09,91476.4,20,707,0,2,1,1,1.085884756159657,0.027204092694940608,0,0.0,-2.7135828,-1.5792158,-4.712847,-0.6368506,-0.6861274,-1.7824625,-0.07220097
692,TRANSFER,32756.87,C101652,274822.08,242065.21,C100658,79544.5,112301.37,20,707,0,0,1,1,0.35265890495837166,0.11919300661722666,0,0.0,-2.44557,-1.9975752,-5.029045,-0.41750395,-0.60858834,-1.5936172,-0.120689884
692,TRANSFER,109021.08,C100905,130825.29,21804.22,C101362,127849.56,236870.64,20,695,0,1,1,1,1.005617488304726,0.8333333715522435,0,0.0,-2.6663413,-1.7478483,-5.0304165,0.2978854,-0.61763954,-1.6313902,-0.08520533
692,TRANSFER,6815.76,C101850,200652.1,193836.33,C100376,180833.79,187649.55,20,669,0,0,1,1,1.0479977774258362,0.03396804718216256,23,0.0,-2.466271,-1.9800578,-5.029045,-0.4155612,-0.60805565,-1.6028489,-0.028248306
693,TRANSFER,20611.01,C101003,24733.21,4122.2,C100321,446562.54,467173.55,21,693,0,0,1,1,0.8100072056061856,0.8333334007191141,0,0.0,-2.44557,-1.9975752,-5.029045,-0.41750395,-0.60858834,-1.5936172,-0.120689884
693,TRANSFER,17652.78,C100979,1559065.07,1541412.29,C101815,41010.79,58663.57,21,697,0,2,1,1,0.8556480844969465,0.011322670451464864,0,0.0,-2.7135828,-1.5792158,-4.712847,-0.6368506,-0.6861274,-1.7824625,-0.07220097
693,TRANSFER,27690.03,C100372,86014.1,58324.07,C100495,1401101.19,1428791.22,21,680,0,1,1,1,0.8583918307391609,0.3219243124092445,13,0.0,-2.6807644,-1.7558022,-5.0304165,0.29668936,-0.61710685,-1.6342871,-0.059268337
694,TRANSFER,23506.03,C101911,1806564.41,1783058.38,C101866,162892.37,186398.4,22,695,0,1,1,1,0.25046807247785585,0.013011454155681059,0,0.0,-2.6663413,-1.7478483,-5.0304165,0.2978854,-0.61763954,-1.6313902,-0.08520533
694,TRANSFER,4453.8,C101719,138278.52,133824.72,C100125,124469.74,128923.54,22,696,0,2,1,1,1.206655314458092,0.0322089070666941,0,0.0,-2.7135828,-1.5792158,-4.712847,-0.6368506,-0.6861274,-1.7824625,-0.07220097
695,TRANSFER,7603.31,C100061,779830.55,772227.24,C100825,85860.57,93463.89,23,715,0,1,1,1,0.13958322638280277,0.009749951447785676,0,0.1,-2.563915,-1.567181,-5.0304165,0.24583514,-0.58658135,2.3481047,-0.06157772
695,TRANSFER,5138.35,C101908,28318.74,23180.38,C100331,15321.17,20459.53,23,679,0,0,1,1,0.09714184119064011,0.1814469852825373,16,0.0,-2.3638449,-1.7817888,-5.029045,-0.35200483,-0.57699746,2.4985867,-0.05536632
696,TRANSFER,7325.26,C100112,294632.96,287307.7,C101030,87570.42,94895.68,0,702,0,0,1,1,0.1468384633527716,0.024862323617832843,0,0.0,-2.9275367,-1.8225812,-5.6584744,-0.4786451,-0.53900033,2.4156675,-0.16548668
696,TRANSFER,19471.73,C100196,79509.48,60037.75,C100829,1968362.24,1987833.98,0,713,0,0,1,1,0.744900530427989,0.24489821842628073,0,0.0,-2.9275367,-1.8225812,-5.6584744,-0.4786451,-0.53900033,2.4156675,-0.16548668
697,TRANSFER,1431023.98,C101103,349120.81,0.0,C101171,225558.32,1656582.3,14,713,0,0,1,1,14.076535372721974,2.0,0,10.8,0.36691234,-0.28381395,1.9126439,-0.48879096,-0.97657466,-2.2765288,-0.40512645
697,TRANSFER,2901726.87,C100863,3880356.06,978629.19,C101555,72891.93,2974618.8,12,180,0,0,1,1,17.23867256981111,0.7477991259389738,517,6.8,4.9092283,1.0828047,-5.1083794,-0.354842,-0.7824929,-2.498233,0.092172176
697,TRANSFER,2865.98,C101591,497220.01,494354.03,C101944,435591.72,438457.69,1,719,0,1,1,1,0.8663375165696519,0.005764007767909421,0,0.0,-3.154489,-1.6310449,-5.658995,0.23644252,-0.54399574,2.3775933,-0.13000211
697,TRANSFER,1182862.24,C101273,62778.54,0.0,MULE978833,0.0,1182862.24,3,-114,1,2,0,1,20.698097904994217,2.0,811,100.0,0.6811011,0.27061868,2.0653799,-0.7246142,3.4881313,4.1976924,0.37698185
698,TRANSFER,1019590.86,C100159,40431.6,0.0,C101975,55470.82,1075061.68,1,-141,1,3,1,1,9.692275097265654,2.0,839,99.8,-0.2576045,-0.003081482,2.2576263,-0.8048449,-0.65821046,4.9343867,0.7690649
698,TRANSFER,15292.1,C100372,86014.1,70721.99,C100778,172576.54,187868.64,2,680,0,2,1,1,0.4740555974423402,0.17778596764949,18,0.0,-3.2206073,-1.52787,-5.413605,-0.23634487,-0.5727089,2.6378794,-0.071914956
698,TRANSFER,54747.29,C100933,350691.68,295944.39,C100832,316347.82,371095.11,2,707,0,0,1,1,0.8814607257247216,0.15611231495426411,0,0.0,-2.9705603,-1.8473557,-5.6584744,-0.4786451,-0.53900033,2.3465033,-0.16548668
699,TRANSFER,16068.22,C100944,84244.5,68176.28,C101671,185727.84,201796.06,3,698,0,0,1,1,0.16224708877188646,0.19073316358931444,1,0.0,-2.991261,-1.8473557,-5.6584744,-0.47670233,-0.53846765,2.3465033,-0.14726128
699,TRANSFER,25521.38,C100374,64496.31,38974.93,C100679,170211.11,195732.49,3,691,0,1,1,1,0.3753388298160294,0.39570294796710076,8,0.0,-3.2119353,-1.6622338,-5.658995,0.23524648,-0.54346305,2.3261864,-0.08454759
699,TRANSFER,1235558.7,C101198,337630.74,0.0,C100434,73781.05,1309339.75,18,469,0,4,1,1,12.841290276563619,2.0,230,0.0,-0.8804082,0.05855046,1.6598358,-1.6345965,-1.4613141,-5.3114433,-0.572357
700,TRANSFER,3941.26,C101448,51742.83,47801.57,C101996,332366.15,336307.41,4,719,0,0,1,1,0.05485127114695145,0.07617016695839791,0,0.0,-3.013765,-1.8913609,-5.6584744,-0.4786451,-0.54374427,2.2253532,-0.16548668
700,TRANSFER,1165055.62,C101997,73506.94,0.0,C100004,18292.57,1183348.18,17,-81,0,5,1,1,21.378467850337827,2.0,781,0.0,-0.84884,-1.147716,1.6343292,-1.5493319,-1.6137205,-5.615423,0.5063655
700,TRANSFER,9743.55,C100182,11692.26,1948.71,C101231,604311.35,614054.9,4,682,0,1,1,1,0.14041957979474431,0.8333333333333333,18,0.0,-3.2551405,-1.7066181,-5.658995,0.23524648,-0.5482069,2.2046573,-0.08378953
700,TRANSFER,6653.31,C100850,81948.28,75294.98,C101861,232567.67,239220.97,4,695,0,0,1,1,0.6464488748155137,0.08118913539124922,5,0.0,-3.0344658,-1.8913609,-5.6584744,-0.47670233,-0.5432116,2.243111,-0.12330755
700,TRANSFER,1251792.87,C100586,109017.3,0.0,MULE934890,0.0,1251792.87,2,128,1,1,1,1,27.359863683369113,2.0,572,100.0,0.30835775,0.25670853,2.283079,0.1329061,-0.59340173,5.543237,0.08585156
701,TRANSFER,1264643.76,C100622,624576.48,0.0,MULE550511,0.0,1264643.76,16,604,1,5,0,1,23.094501143348143,2.0,97,99.9,0.01288316,-0.4242537,1.8599361,-0.25067994,6.047235,-0.7024302,-0.06273732
701,TRANSFER,1236677.07,C101922,26319.2,0.0,C100043,39492.77,1276169.84,15,169,0,2,1,1,7.014803695332206,2.0,532,2.8,-0.8937776,0.39272392,1.8323646,-0.8756721,-1.309546,-2.6871161,-0.054594282
701,TRANSFER,12767.85,C101688,2307746.1,2294978.24,C101308,29414.44,42182.29,5,699,0,0,1,1,1.0488156616783684,0.005532606034953325,2,0.0,-2.3880923,-1.6530298,-3.7581031,-0.61087686,-0.6987975,-2.6518826,-0.1919473
701,TRANSFER,1047.64,C101381,145781.13,144733.49,C101643,45392.75,46440.39,5,679,0,0,1,1,0.02873421839798153,0.007186389623952016,22,0.0,-2.3880923,-1.689091,-3.7581031,-0.61087686,-0.6987975,-2.6134694,-0.07008602
701,TRANSFER,29572.61,C100374,64496.31,34923.7,C100234,32592.07,62164.68,5,691,0,2,1,1,0.434919617669805,0.45851630891751793,10,0.0,-2.6127212,-1.3028592,-3.47151,-0.35210386,-0.7605856,-2.3420908,-0.098864265
702,TRANSFER,746.16,C101381,145781.13,145034.97,C100315,153215.32,153961.48,6,679,0,1,1,1,0.02046535489274741,0.00511835791093127,23,0.0,-2.608767,-1.5007596,-3.7594745,0.19203712,-0.7240934,-2.5605788,-0.02000361
702,TRANSFER,4006.42,C100715,107051.64,103045.22,C101821,432949.03,436955.45,6,687,0,0,1,1,1.0243571927232316,0.0374251155797333,15,0.0,-2.3880923,-1.6598232,-3.7581031,-0.61087686,-0.6987975,-2.634504,-0.16082121
702,TRANSFER,1662758.62,C100517,553043.99,0.0,MULE844101,0.0,1662758.62,16,300,1,7,0,1,21.40584390880155,2.0,402,100.0,4.570883,-0.11615534,1.9847313,-0.19777529,4.6410136,-0.57141465,-0.22571611
702,TRANSFER,1121829.76,C100006,88165.1,0.0,C101169,23716.67,1145546.43,15,-319,0,0,1,1,17.170873748216742,2.0,1021,6.7,-0.89846104,0.36361423,1.8810418,-0.2628212,-1.1890006,-3.0476315,0.48230934
703,TRANSFER,1208283.32,C100103,249259.34,0.0,C100076,94715.24,1302998.55,10,-189,0,1,1,1,16.03004980675067,2.0,892,7.8,-1.0164512,1.3193573,1.7501137,0.1723124,-1.149126,-4.1693707,0.5807301
703,TRANSFER,1293768.91,C100413,17507.4,0.0,MULE607676,0.0,1293768.91,2,75,1,0,1,1,15.209962261302,2.0,628,100.0,0.21093494,1.4417412,2.3004303,-0.22076012,-0.5103186,4.3478804,0.54260683
703,TRANSFER,16094.9,C100167,19313.88,3218.98,C100673,176705.16,192800.06,7,702,0,1,1,1,0.8465999054928972,0.8333333333333333,1,0.0,-2.608767,-1.4646981,-3.7594745,0.19203712,-0.7240934,-2.5989926,-0.14186487
704,TRANSFER,6891.7,C100897,108482.18,101590.48,C100637,76363.2,83254.9,8,707,0,0,1,1,0.12345173484864726,0.0635284062322494,0,0.0,-2.3673913,-1.6530298,-3.7581031,-0.6128197,-0.6993303,-2.6518826,-0.21017267
704,TRANSFER,7635.91,C101103,349120.81,341484.9,C101471,68607.56,76243.47,8,713,0,1,1,1,0.07511205872170042,0.021871827119099546,0,0.0,-2.5943441,-1.4646981,-3.7594745,0.19323318,-0.7246261,-2.5989926,-0.15695137
704,TRANSFER,1343448.6,C100366,378237.13,0.0,MULE917304,0.0,1343448.6,3,646,1,6,0,1,16.76190900400905,2.0,58,100.0,1.5363897,0.64792264,2.0526407,-0.04958258,3.4294956,3.5840895,0.04582399
706,TRANSFER,1049608.17,C100366,378237.13,0.0,C100443,239816.9,1289425.08,10,646,0,7,1,1,13.0957273954541,2.0,60,0.2,-1.0534788,-0.4185179,1.6152133,-0.9624272,-1.5131292,-3.715534,-0.17127813
707,TRANSFER,1303887.79,C100798,196424.8,0.0,C101454,570437.56,1874325.35,9,409,0,2,1,1,12.505508646567462,2.0,298,1.9,0.9929888,-0.17021298,1.5678271,-0.94462806,-1.0645312,-4.1786375,-0.20518018
707,TRANSFER,17473.44,C100167,20968.12,3494.69,C101712,82744.42,100217.85,11,702,0,1,1,1,0.919111808873358,0.8333336512763185,5,0.0,-2.6011677,-1.2727561,-3.8894126,0.22181885,-0.74246174,-2.706846,-0.10915306
707,TRANSFER,1133608.44,C101658,33245.53,0.0,C100959,1025952.68,2159561.11,18,198,0,1,1,1,11.952743153109324,2.0,509,1.5,-0.5726391,0.13497938,1.7948935,0.2785677,-1.0505565,-4.6982446,-0.08389051
708,TRANSFER,13008.55,C100850,81948.28,68939.73,C101627,32490.61,45499.16,12,695,0,1,1,1,1.2639366736979563,0.1587409766257449,13,0.0,-2.6007633,-1.2730377,-3.8894126,0.2473643,-0.74262196,-2.7395701,-0.101936735
708,TRANSFER,3449.33,C100897,108482.18,105032.85,C100958,123160.05,126609.39,12,707,0,1,1,1,0.06178820502422979,0.031796282117486946,1,0.0,-2.6007633,-1.2650838,-3.8894126,0.2473643,-0.74262196,-2.7366734,-0.11278719
708,TRANSFER,10485.37,C101031,196070.78,185585.42,C101493,131892.52,142377.88,12,687,0,0,1,1,0.6401938207693345,0.05347747379798255,21,0.0,-2.3709981,-1.5313448,-3.8880417,-0.6531912,-0.7173261,-2.8719234,-0.114835784
709,TRANSFER,1384361.29,C100154,129205.15,0.0,MULE921273,0.0,1384361.29,16,-256,1,3,0,1,10.48113554838147,2.0,965,100.0,1.1738011,-0.4809054,1.8880727,-0.4154426,4.9814067,-0.121281855,1.2454511
710,TRANSFER,4032.75,C101719,138278.52,134245.77,C100063,155690.46,159723.21,14,696,0,1,1,1,1.0925814404285938,0.02916396559639198,14,0.0,-2.5659394,-1.6304778,-4.3043866,0.3349591,-0.7461602,-1.0812225,-0.04785707
710,TRANSFER,63079.72,C100417,75695.66,12615.94,C100281,100310.61,163390.33,14,716,0,0,1,1,1.3110226211333564,0.8333333773693234,0,0.0,-2.3154733,-1.8254687,-4.3030157,-0.5675392,-0.721397,-1.2288578,-0.12701531
710,TRANSFER,1835.17,C101017,351030.05,349194.88,C100227,197825.06,199660.23,14,703,0,0,1,1,0.19312761703447173,0.005227956979751449,7,0.0,-2.336174,-1.8318828,-4.3030157,-0.56559646,-0.72086424,-1.2319556,-0.099277735
710,TRANSFER,21920.05,C101986,26304.06,4384.01,C101269,36967.81,58887.87,14,703,0,0,1,1,1.3938853023873696,0.8333333333333333,7,0.0,-2.336174,-1.8318828,-4.3030157,-0.56559646,-0.72086424,-1.2319556,-0.099277735
710,TRANSFER,6656.24,C101090,436172.18,429515.95,C101828,130920.78,137577.01,14,695,0,0,1,1,0.9385795931162525,0.015260578975944775,15,0.0,-2.336174,-1.8334223,-4.3030157,-0.56559646,-0.72086424,-1.2317544,-0.09793948
710,TRANSFER,8118.43,C101448,51742.83,43624.4,C100648,140006.8,148125.22,14,719,0,1,1,1,0.11298574699906756,0.15689961295120503,0,0.0,-2.5515163,-1.6225241,-4.3043866,0.33615515,-0.74669296,-1.0783259,-0.07379407
711,TRANSFER,9610.95,C101944,435591.72,425980.76,C100927,137610.66,147221.61,15,697,0,0,1,1,1.0384160286198498,0.022064124634875983,14,0.0,-2.322964,-1.7056092,-4.3030157,-0.5765039,-0.73462504,-1.572989,-0.10514398
711,TRANSFER,1161771.45,C101423,30511.87,0.0,C101252,18284.39,1180055.84,15,390,0,1,1,1,11.17996038061133,2.0,321,3.1,-0.77554625,-0.792048,1.8862294,0.2697463,-1.1695719,-2.6295884,-0.26391554
712,TRANSFER,1214658.96,C100806,783368.78,0.0,C101718,170477.42,1385136.38,18,-471,0,0,1,1,19.100860560852748,1.5505582951620818,1183,0.1,-0.49930668,-0.9861577,0.37373918,-0.14576831,-1.2746272,-5.035136,0.6395313
713,TRANSFER,15777.69,C101808,87672.56,71894.87,C100416,40377.2,56154.89,17,716,0,0,1,1,1.091987527699288,0.17996155239450065,0,0.0,-2.4048355,-1.5622406,-4.014444,-0.41962254,-0.65570605,-3.0350525,-0.120689884
713,TRANSFER,1276649.35,C101751,46250.2,0.0,C100602,88840.44,1365489.79,19,257,0,0,1,1,19.004752720002635,2.0,456,0.1,-0.56623644,-0.86530644,1.7496773,-0.16069719,-1.19355,-5.2365737,-0.2927149
713,TRANSFER,16469.13,C100870,19762.95,3293.83,C101251,93556.47,110025.6,17,712,0,0,1,1,0.9765344229669313,0.833333586332,1,0.0,-2.4255364,-1.5622406,-4.014444,-0.41767973,-0.65517336,-3.0350525,-0.10246453
713,TRANSFER,1346882.03,C100851,549686.19,0.0,C101376,209034.44,1555916.48,13,-201,0,0,1,1,22.611549543750627,2.0,914,1.3,0.5840026,-0.93608344,1.7455621,-0.89979166,-1.1682516,-4.357422,0.6363331
713,TRANSFER,36238.78,C100514,114518.08,78279.3,C100183,29647.97,65886.76,17,719,0,0,1,1,1.1836866547902054,0.31644592714093706,0,0.0,-2.4048355,-1.5622406,-4.014444,-0.41962254,-0.65570605,-3.0350525,-0.120689884
713,TRANSFER,1302279.57,C101202,68360.98,0.0,C100328,120978.56,1423258.14,19,-34,0,1,1,1,15.446278671203514,2.0,747,25.5,0.9506804,1.0072936,1.8235242,0.36854643,-0.90229434,-4.9232197,0.56726205
713,TRANSFER,679.14,C101214,334493.41,333814.27,C101314,364013.25,364692.38,17,695,0,0,1,1,0.013945065518342702,0.0020303539014415862,18,0.0,-2.4255364,-1.5701944,-4.014444,-0.41767973,-0.65517336,-3.0379493,-0.09161406
714,TRANSFER,18585.56,C101911,1806564.41,1787978.85,C101428,938993.44,957579.0,18,695,0,1,1,1,0.19803809444306583,0.010287792617369233,19,0.0,-2.6481798,-1.3204675,-4.015815,0.29668936,-0.6642246,-3.069691,-0.059268337
714,TRANSFER,17824.72,C101986,25622.7,7797.98,C100126,1394198.66,1412023.38,18,703,0,1,1,1,1.1334652624957606,0.6956612691090323,11,0.0,-2.6481798,-1.3204675,-4.015815,0.29668936,-0.6642246,-3.069691,-0.059268337
714,TRANSFER,23317.22,C101103,349120.81,325803.59,C101427,185371.12,208688.34,18,713,0,2,1,1,0.22936420123689352,0.06678839912178251,1,0.0,-2.6954207,-1.1438808,-3.698245,-0.6380466,-0.7327125,-3.2178664,-0.05711444
715,TRANSFER,27200.52,C100979,1559065.07,1531864.55,C101209,51122.77,78323.29,19,697,0,1,1,1,1.3184366901599003,0.01744668681468183,18,0.0,-2.6481798,-1.3204675,-4.015815,0.29668936,-0.6642246,-3.069691,-0.059268337
715,TRANSFER,1069363.04,C101211,91691.15,0.0,C101999,21939.27,1091302.32,13,446,0,4,1,1,21.95700349118977,2.0,269,0.1,-0.6866537,-0.35459572,1.595231,-0.97269094,-1.6976163,-4.2866983,-0.16503572
717,TRANSFER,1216352.79,C101791,633155.08,0.0,MULE285851,0.0,1216352.79,2,-375,1,3,0,1,13.70422667186077,1.9210977348551008,1092,100.0,0.64094234,0.10575968,1.2633412,-0.123569794,4.4826326,3.338122,0.6685813
717,TRANSFER,13350.47,C100850,81948.28,68597.82,C101965,37609.8,50960.27,21,695,0,2,1,1,1.2971583031240494,0.16291336438055806,22,0.0,-2.728006,-1.5616984,-4.712847,-0.6380466,-0.6855947,-1.7916944,0.017101767
717,TRANSFER,12638.78,C101128,41300.37,28661.59,C101586,28900.75,41539.52,21,712,0,0,1,1,1.2615207371919037,0.3060209872211799,5,0.0,-2.466271,-1.9975752,-5.029045,-0.4155612,-0.60805565,-1.5967151,-0.09936658
717,TRANSFER,2121769.9,C100489,98449.57,0.0,MULE957208,0.0,2121769.9,2,123,1,3,0,1,25.39716456243658,2.0,594,100.0,3.3876212,0.2599155,2.119758,-0.06748942,2.8349109,2.9563963,-0.048554234
718,TRANSFER,7410.97,C101944,435591.72,428180.75,C101928,17657.81,25068.78,22,697,0,1,1,1,0.8007189752959747,0.01701356949576544,21,0.0,-2.6807644,-1.7621367,-5.0304165,0.29668936,-0.61710685,-1.6406221,-0.046598848
719,TRANSFER,1450346.55,C101109,37213.66,0.0,C100028,126309.77,1576656.31,19,-122,0,2,1,1,15.694752503335877,2.0,841,2.3,0.3006402,0.9394243,1.7941896,-1.3893186,-1.0916364,-5.0585523,0.73648715
719,TRANSFER,1002106.73,C100493,39561.44,0.0,C101805,4229.44,1006336.17,12,-345,0,4,1,1,6.851497214166825,2.0,1064,0.2,-1.0257113,0.018144062,1.6113248,-1.1995074,-1.533811,-4.500311,0.5331962
719,TRANSFER,2880.11,C100389,93527.03,90646.92,C100117,112312.56,115192.67,23,713,0,0,1,1,0.04021401534247188,0.030794413123136702,6,0.0,-2.3638449,-1.7738352,-5.029045,-0.35200483,-0.57699746,2.4983857,-0.06311883
719,TRANSFER,1382672.37,C101095,25323.16,0.0,C101458,10291.08,1392963.45,16,-499,1,2,0,1,11.561002793009433,2.0,1218,100.0,1.0352376,0.11911416,1.8998523,-0.8908025,4.352615,-0.022257432,1.2852433
